<?xml version="1.0" encoding="UTF-8"?>
<gpx version="1.1" creator="Moto da Bar - salta5.wordpress.com" xmlns="http://www.topografix.com/GPX/1/1">
  <metadata>
    <name>Itinerari da Bar: Il Giro delle Tre Province tra Croci, Foreste e Formaggio San Ste'</name>
    <desc>Traccia indicativa calcolata in automatico, circa 229 km. Controllala prima di partire.</desc>
    <link href="https://salta5.wordpress.com/"><text>Moto da Bar</text></link>
    <time>2026-10-02T17:36:34.599Z</time>
  </metadata>
  <wpt lat="44.117043" lon="9.836761"><name>La Spezia, La Spezia</name></wpt>
  <wpt lat="44.223016" lon="9.722031"><name>Borghetto di Vara, Borghetto di Vara</name></wpt>
  <wpt lat="44.291417" lon="9.672078"><name>Sesta Godano, Sesta Godano</name></wpt>
  <wpt lat="44.377220" lon="9.595001"><name>Varese Ligure, Varese Ligure</name></wpt>
  <wpt lat="44.503502" lon="9.628640"><name>Bedonia, Bedonia</name></wpt>
  <wpt lat="44.545450" lon="9.448170"><name>Santo Stefano d'Aveto, Santo Stefano d'Aveto</name></wpt>
  <wpt lat="44.526250" lon="9.388270"><name>Rezzoaglio, Rezzoaglio</name></wpt>
  <wpt lat="44.420480" lon="9.388401"><name>Borzonasca, Borzonasca</name></wpt>
  <wpt lat="44.321137" lon="9.321504"><name>Chiavari, Chiavari</name></wpt>
  <wpt lat="44.272637" lon="9.419332"><name>Sestri Levante, Sestri Levante</name></wpt>
  <wpt lat="44.117043" lon="9.836761"><name>La Spezia, La Spezia</name></wpt>
  <trk>
    <name>Itinerari da Bar: Il Giro delle Tre Province tra Croci, Foreste e Formaggio San Ste'</name>
    <trkseg>
      <trkpt lat="44.117309" lon="9.836357"><ele>5</ele></trkpt>
      <trkpt lat="44.117378" lon="9.836445"><ele>5</ele></trkpt>
      <trkpt lat="44.117617" lon="9.836770"><ele>8</ele></trkpt>
      <trkpt lat="44.117959" lon="9.837064"><ele>8</ele></trkpt>
      <trkpt lat="44.118214" lon="9.837162"><ele>8</ele></trkpt>
      <trkpt lat="44.118277" lon="9.837187"><ele>8</ele></trkpt>
      <trkpt lat="44.118372" lon="9.836206"><ele>6</ele></trkpt>
      <trkpt lat="44.118468" lon="9.835272"><ele>5</ele></trkpt>
      <trkpt lat="44.118444" lon="9.835074"><ele>5</ele></trkpt>
      <trkpt lat="44.118468" lon="9.834985"><ele>7</ele></trkpt>
      <trkpt lat="44.118444" lon="9.834926"><ele>8</ele></trkpt>
      <trkpt lat="44.118556" lon="9.834761"><ele>8</ele></trkpt>
      <trkpt lat="44.118694" lon="9.834532"><ele>8</ele></trkpt>
      <trkpt lat="44.118853" lon="9.834290"><ele>8</ele></trkpt>
      <trkpt lat="44.119813" lon="9.833022"><ele>8</ele></trkpt>
      <trkpt lat="44.119888" lon="9.832945"><ele>9</ele></trkpt>
      <trkpt lat="44.120054" lon="9.832696"><ele>12</ele></trkpt>
      <trkpt lat="44.120074" lon="9.832693"><ele>12</ele></trkpt>
      <trkpt lat="44.120149" lon="9.832638"><ele>12</ele></trkpt>
      <trkpt lat="44.120173" lon="9.832588"><ele>12</ele></trkpt>
      <trkpt lat="44.120181" lon="9.832471"><ele>12</ele></trkpt>
      <trkpt lat="44.120177" lon="9.832378"><ele>12</ele></trkpt>
      <trkpt lat="44.120203" lon="9.832200"><ele>12</ele></trkpt>
      <trkpt lat="44.120229" lon="9.832048"><ele>12</ele></trkpt>
      <trkpt lat="44.120232" lon="9.831490"><ele>14</ele></trkpt>
      <trkpt lat="44.120249" lon="9.831378"><ele>14</ele></trkpt>
      <trkpt lat="44.120818" lon="9.829503"><ele>17</ele></trkpt>
      <trkpt lat="44.121003" lon="9.828907"><ele>21</ele></trkpt>
      <trkpt lat="44.121310" lon="9.827902"><ele>18</ele></trkpt>
      <trkpt lat="44.121498" lon="9.827289"><ele>22</ele></trkpt>
      <trkpt lat="44.121544" lon="9.827210"><ele>22</ele></trkpt>
      <trkpt lat="44.121665" lon="9.827175"><ele>22</ele></trkpt>
      <trkpt lat="44.121764" lon="9.827206"><ele>22</ele></trkpt>
      <trkpt lat="44.121846" lon="9.827186"><ele>22</ele></trkpt>
      <trkpt lat="44.121918" lon="9.827127"><ele>22</ele></trkpt>
      <trkpt lat="44.121972" lon="9.827038"><ele>22</ele></trkpt>
      <trkpt lat="44.122004" lon="9.826988"><ele>22</ele></trkpt>
      <trkpt lat="44.122087" lon="9.826926"><ele>22</ele></trkpt>
      <trkpt lat="44.122244" lon="9.826912"><ele>22</ele></trkpt>
      <trkpt lat="44.122542" lon="9.826935"><ele>29</ele></trkpt>
      <trkpt lat="44.122767" lon="9.826878"><ele>29</ele></trkpt>
      <trkpt lat="44.122982" lon="9.826760"><ele>29</ele></trkpt>
      <trkpt lat="44.123647" lon="9.826261"><ele>34</ele></trkpt>
      <trkpt lat="44.123724" lon="9.826203"><ele>34</ele></trkpt>
      <trkpt lat="44.124153" lon="9.825862"><ele>42</ele></trkpt>
      <trkpt lat="44.124561" lon="9.825431"><ele>42</ele></trkpt>
      <trkpt lat="44.124776" lon="9.825234"><ele>42</ele></trkpt>
      <trkpt lat="44.125020" lon="9.825070"><ele>49</ele></trkpt>
      <trkpt lat="44.125309" lon="9.824888"><ele>62</ele></trkpt>
      <trkpt lat="44.125552" lon="9.824716"><ele>68</ele></trkpt>
      <trkpt lat="44.125981" lon="9.824286"><ele>70</ele></trkpt>
      <trkpt lat="44.126254" lon="9.823924"><ele>71</ele></trkpt>
      <trkpt lat="44.126425" lon="9.823555"><ele>76</ele></trkpt>
      <trkpt lat="44.126572" lon="9.822867"><ele>80</ele></trkpt>
      <trkpt lat="44.126648" lon="9.822696"><ele>80</ele></trkpt>
      <trkpt lat="44.126756" lon="9.822589"><ele>81</ele></trkpt>
      <trkpt lat="44.126819" lon="9.822571"><ele>81</ele></trkpt>
      <trkpt lat="44.126891" lon="9.822583"><ele>82</ele></trkpt>
      <trkpt lat="44.126953" lon="9.822619"><ele>82</ele></trkpt>
      <trkpt lat="44.127043" lon="9.822730"><ele>82</ele></trkpt>
      <trkpt lat="44.127095" lon="9.822894"><ele>82</ele></trkpt>
      <trkpt lat="44.127093" lon="9.823075"><ele>82</ele></trkpt>
      <trkpt lat="44.127029" lon="9.823237"><ele>82</ele></trkpt>
      <trkpt lat="44.126964" lon="9.823300"><ele>96</ele></trkpt>
      <trkpt lat="44.126834" lon="9.823337"><ele>97</ele></trkpt>
      <trkpt lat="44.126738" lon="9.823325"><ele>100</ele></trkpt>
      <trkpt lat="44.126656" lon="9.823255"><ele>103</ele></trkpt>
      <trkpt lat="44.126586" lon="9.823141"><ele>103</ele></trkpt>
      <trkpt lat="44.126562" lon="9.823069"><ele>103</ele></trkpt>
      <trkpt lat="44.126452" lon="9.822503"><ele>103</ele></trkpt>
      <trkpt lat="44.126420" lon="9.822421"><ele>102</ele></trkpt>
      <trkpt lat="44.126380" lon="9.822383"><ele>122</ele></trkpt>
      <trkpt lat="44.126331" lon="9.822158"><ele>122</ele></trkpt>
      <trkpt lat="44.126249" lon="9.821871"><ele>122</ele></trkpt>
      <trkpt lat="44.125986" lon="9.820735"><ele>119</ele></trkpt>
      <trkpt lat="44.125755" lon="9.819883"><ele>116</ele></trkpt>
      <trkpt lat="44.125335" lon="9.818558"><ele>112</ele></trkpt>
      <trkpt lat="44.125019" lon="9.817419"><ele>109</ele></trkpt>
      <trkpt lat="44.124071" lon="9.815948"><ele>104</ele></trkpt>
      <trkpt lat="44.123233" lon="9.815101"><ele>101</ele></trkpt>
      <trkpt lat="44.122635" lon="9.814243"><ele>98</ele></trkpt>
      <trkpt lat="44.122096" lon="9.813550"><ele>95</ele></trkpt>
      <trkpt lat="44.121672" lon="9.812862"><ele>93</ele></trkpt>
      <trkpt lat="44.121558" lon="9.812542"><ele>91</ele></trkpt>
      <trkpt lat="44.121400" lon="9.811910"><ele>87</ele></trkpt>
      <trkpt lat="44.121358" lon="9.811633"><ele>86</ele></trkpt>
      <trkpt lat="44.121349" lon="9.811183"><ele>83</ele></trkpt>
      <trkpt lat="44.121368" lon="9.810736"><ele>81</ele></trkpt>
      <trkpt lat="44.121449" lon="9.810176"><ele>80</ele></trkpt>
      <trkpt lat="44.121559" lon="9.809692"><ele>78</ele></trkpt>
      <trkpt lat="44.121617" lon="9.809486"><ele>78</ele></trkpt>
      <trkpt lat="44.121814" lon="9.809005"><ele>85</ele></trkpt>
      <trkpt lat="44.122005" lon="9.808668"><ele>85</ele></trkpt>
      <trkpt lat="44.122213" lon="9.808362"><ele>87</ele></trkpt>
      <trkpt lat="44.122403" lon="9.808119"><ele>95</ele></trkpt>
      <trkpt lat="44.122657" lon="9.807881"><ele>105</ele></trkpt>
      <trkpt lat="44.122809" lon="9.807753"><ele>105</ele></trkpt>
      <trkpt lat="44.123313" lon="9.807438"><ele>107</ele></trkpt>
      <trkpt lat="44.124088" lon="9.807133"><ele>110</ele></trkpt>
      <trkpt lat="44.124756" lon="9.806835"><ele>112</ele></trkpt>
      <trkpt lat="44.125395" lon="9.806404"><ele>114</ele></trkpt>
      <trkpt lat="44.126071" lon="9.805880"><ele>117</ele></trkpt>
      <trkpt lat="44.127155" lon="9.805094"><ele>120</ele></trkpt>
      <trkpt lat="44.127717" lon="9.804563"><ele>122</ele></trkpt>
      <trkpt lat="44.128237" lon="9.803874"><ele>125</ele></trkpt>
      <trkpt lat="44.128684" lon="9.803109"><ele>127</ele></trkpt>
      <trkpt lat="44.129046" lon="9.802264"><ele>130</ele></trkpt>
      <trkpt lat="44.129321" lon="9.801316"><ele>132</ele></trkpt>
      <trkpt lat="44.129469" lon="9.800497"><ele>135</ele></trkpt>
      <trkpt lat="44.129519" lon="9.799596"><ele>137</ele></trkpt>
      <trkpt lat="44.129485" lon="9.798721"><ele>139</ele></trkpt>
      <trkpt lat="44.129319" lon="9.797841"><ele>141</ele></trkpt>
      <trkpt lat="44.129107" lon="9.797058"><ele>144</ele></trkpt>
      <trkpt lat="44.128672" lon="9.795524"><ele>148</ele></trkpt>
      <trkpt lat="44.128191" lon="9.793979"><ele>152</ele></trkpt>
      <trkpt lat="44.128014" lon="9.793298"><ele>154</ele></trkpt>
      <trkpt lat="44.127893" lon="9.792552"><ele>156</ele></trkpt>
      <trkpt lat="44.127850" lon="9.792042"><ele>158</ele></trkpt>
      <trkpt lat="44.127844" lon="9.790428"><ele>163</ele></trkpt>
      <trkpt lat="44.127876" lon="9.788875"><ele>168</ele></trkpt>
      <trkpt lat="44.127918" lon="9.787944"><ele>171</ele></trkpt>
      <trkpt lat="44.127983" lon="9.787118"><ele>173</ele></trkpt>
      <trkpt lat="44.128089" lon="9.786508"><ele>175</ele></trkpt>
      <trkpt lat="44.128312" lon="9.785632"><ele>178</ele></trkpt>
      <trkpt lat="44.128584" lon="9.784769"><ele>181</ele></trkpt>
      <trkpt lat="44.129357" lon="9.783652"><ele>185</ele></trkpt>
      <trkpt lat="44.129623" lon="9.783319"><ele>197</ele></trkpt>
      <trkpt lat="44.129953" lon="9.782990"><ele>201</ele></trkpt>
      <trkpt lat="44.130144" lon="9.782822"><ele>196</ele></trkpt>
      <trkpt lat="44.130408" lon="9.782627"><ele>194</ele></trkpt>
      <trkpt lat="44.130595" lon="9.782504"><ele>194</ele></trkpt>
      <trkpt lat="44.131114" lon="9.782236"><ele>193</ele></trkpt>
      <trkpt lat="44.131521" lon="9.782061"><ele>192</ele></trkpt>
      <trkpt lat="44.131938" lon="9.781880"><ele>180</ele></trkpt>
      <trkpt lat="44.132228" lon="9.781690"><ele>182</ele></trkpt>
      <trkpt lat="44.132416" lon="9.781468"><ele>185</ele></trkpt>
      <trkpt lat="44.132547" lon="9.781218"><ele>184</ele></trkpt>
      <trkpt lat="44.132672" lon="9.780861"><ele>184</ele></trkpt>
      <trkpt lat="44.132804" lon="9.780392"><ele>200</ele></trkpt>
      <trkpt lat="44.132868" lon="9.780288"><ele>201</ele></trkpt>
      <trkpt lat="44.133103" lon="9.780045"><ele>202</ele></trkpt>
      <trkpt lat="44.133206" lon="9.779879"><ele>203</ele></trkpt>
      <trkpt lat="44.133279" lon="9.779682"><ele>201</ele></trkpt>
      <trkpt lat="44.133390" lon="9.779276"><ele>203</ele></trkpt>
      <trkpt lat="44.133572" lon="9.778650"><ele>204</ele></trkpt>
      <trkpt lat="44.133637" lon="9.778455"><ele>204</ele></trkpt>
      <trkpt lat="44.133732" lon="9.778080"><ele>204</ele></trkpt>
      <trkpt lat="44.133778" lon="9.777968"><ele>204</ele></trkpt>
      <trkpt lat="44.133823" lon="9.777903"><ele>204</ele></trkpt>
      <trkpt lat="44.134032" lon="9.777743"><ele>204</ele></trkpt>
      <trkpt lat="44.134065" lon="9.777714"><ele>204</ele></trkpt>
      <trkpt lat="44.134120" lon="9.777652"><ele>204</ele></trkpt>
      <trkpt lat="44.134164" lon="9.777511"><ele>204</ele></trkpt>
      <trkpt lat="44.134109" lon="9.777053"><ele>210</ele></trkpt>
      <trkpt lat="44.134115" lon="9.776956"><ele>210</ele></trkpt>
      <trkpt lat="44.134134" lon="9.776910"><ele>212</ele></trkpt>
      <trkpt lat="44.134182" lon="9.776825"><ele>220</ele></trkpt>
      <trkpt lat="44.134430" lon="9.776522"><ele>222</ele></trkpt>
      <trkpt lat="44.134489" lon="9.776354"><ele>222</ele></trkpt>
      <trkpt lat="44.134504" lon="9.776210"><ele>222</ele></trkpt>
      <trkpt lat="44.134494" lon="9.776085"><ele>222</ele></trkpt>
      <trkpt lat="44.134422" lon="9.775691"><ele>222</ele></trkpt>
      <trkpt lat="44.134406" lon="9.775477"><ele>222</ele></trkpt>
      <trkpt lat="44.134418" lon="9.775370"><ele>222</ele></trkpt>
      <trkpt lat="44.134444" lon="9.775291"><ele>222</ele></trkpt>
      <trkpt lat="44.134508" lon="9.775195"><ele>223</ele></trkpt>
      <trkpt lat="44.134627" lon="9.775141"><ele>223</ele></trkpt>
      <trkpt lat="44.134678" lon="9.775152"><ele>223</ele></trkpt>
      <trkpt lat="44.134912" lon="9.775287"><ele>223</ele></trkpt>
      <trkpt lat="44.135190" lon="9.775278"><ele>223</ele></trkpt>
      <trkpt lat="44.135247" lon="9.775296"><ele>223</ele></trkpt>
      <trkpt lat="44.135470" lon="9.775515"><ele>223</ele></trkpt>
      <trkpt lat="44.135744" lon="9.775641"><ele>225</ele></trkpt>
      <trkpt lat="44.135981" lon="9.775775"><ele>224</ele></trkpt>
      <trkpt lat="44.136158" lon="9.775841"><ele>223</ele></trkpt>
      <trkpt lat="44.136402" lon="9.775890"><ele>223</ele></trkpt>
      <trkpt lat="44.136741" lon="9.775920"><ele>213</ele></trkpt>
      <trkpt lat="44.136891" lon="9.775888"><ele>212</ele></trkpt>
      <trkpt lat="44.137006" lon="9.775784"><ele>211</ele></trkpt>
      <trkpt lat="44.137084" lon="9.775643"><ele>211</ele></trkpt>
      <trkpt lat="44.137249" lon="9.775405"><ele>211</ele></trkpt>
      <trkpt lat="44.137305" lon="9.775363"><ele>211</ele></trkpt>
      <trkpt lat="44.137562" lon="9.775288"><ele>201</ele></trkpt>
      <trkpt lat="44.138049" lon="9.775217"><ele>197</ele></trkpt>
      <trkpt lat="44.138317" lon="9.775109"><ele>194</ele></trkpt>
      <trkpt lat="44.138587" lon="9.774927"><ele>193</ele></trkpt>
      <trkpt lat="44.139358" lon="9.774193"><ele>188</ele></trkpt>
      <trkpt lat="44.139451" lon="9.774120"><ele>187</ele></trkpt>
      <trkpt lat="44.139636" lon="9.774044"><ele>187</ele></trkpt>
      <trkpt lat="44.139808" lon="9.773997"><ele>187</ele></trkpt>
      <trkpt lat="44.139991" lon="9.773991"><ele>188</ele></trkpt>
      <trkpt lat="44.141474" lon="9.774050"><ele>193</ele></trkpt>
      <trkpt lat="44.141742" lon="9.774052"><ele>193</ele></trkpt>
      <trkpt lat="44.141891" lon="9.774031"><ele>193</ele></trkpt>
      <trkpt lat="44.141959" lon="9.773959"><ele>193</ele></trkpt>
      <trkpt lat="44.141972" lon="9.773865"><ele>193</ele></trkpt>
      <trkpt lat="44.141765" lon="9.773337"><ele>192</ele></trkpt>
      <trkpt lat="44.141742" lon="9.773159"><ele>192</ele></trkpt>
      <trkpt lat="44.141763" lon="9.773022"><ele>193</ele></trkpt>
      <trkpt lat="44.141793" lon="9.772974"><ele>191</ele></trkpt>
      <trkpt lat="44.142034" lon="9.772788"><ele>188</ele></trkpt>
      <trkpt lat="44.142066" lon="9.772744"><ele>188</ele></trkpt>
      <trkpt lat="44.142101" lon="9.772646"><ele>187</ele></trkpt>
      <trkpt lat="44.142085" lon="9.772446"><ele>187</ele></trkpt>
      <trkpt lat="44.142006" lon="9.772158"><ele>187</ele></trkpt>
      <trkpt lat="44.141980" lon="9.772000"><ele>187</ele></trkpt>
      <trkpt lat="44.141983" lon="9.771805"><ele>187</ele></trkpt>
      <trkpt lat="44.142000" lon="9.771681"><ele>187</ele></trkpt>
      <trkpt lat="44.142059" lon="9.771506"><ele>187</ele></trkpt>
      <trkpt lat="44.142132" lon="9.771428"><ele>187</ele></trkpt>
      <trkpt lat="44.142642" lon="9.771068"><ele>187</ele></trkpt>
      <trkpt lat="44.142696" lon="9.771011"><ele>187</ele></trkpt>
      <trkpt lat="44.142739" lon="9.770948"><ele>187</ele></trkpt>
      <trkpt lat="44.142801" lon="9.770774"><ele>187</ele></trkpt>
      <trkpt lat="44.142875" lon="9.770406"><ele>185</ele></trkpt>
      <trkpt lat="44.142984" lon="9.769910"><ele>181</ele></trkpt>
      <trkpt lat="44.143084" lon="9.769649"><ele>181</ele></trkpt>
      <trkpt lat="44.143260" lon="9.769394"><ele>181</ele></trkpt>
      <trkpt lat="44.143416" lon="9.769257"><ele>184</ele></trkpt>
      <trkpt lat="44.143561" lon="9.769162"><ele>183</ele></trkpt>
      <trkpt lat="44.143803" lon="9.769086"><ele>183</ele></trkpt>
      <trkpt lat="44.143983" lon="9.769056"><ele>183</ele></trkpt>
      <trkpt lat="44.144169" lon="9.769065"><ele>188</ele></trkpt>
      <trkpt lat="44.144470" lon="9.769130"><ele>188</ele></trkpt>
      <trkpt lat="44.144608" lon="9.769121"><ele>188</ele></trkpt>
      <trkpt lat="44.144768" lon="9.769019"><ele>188</ele></trkpt>
      <trkpt lat="44.144870" lon="9.768840"><ele>188</ele></trkpt>
      <trkpt lat="44.145029" lon="9.768244"><ele>187</ele></trkpt>
      <trkpt lat="44.145105" lon="9.768073"><ele>187</ele></trkpt>
      <trkpt lat="44.145162" lon="9.768017"><ele>187</ele></trkpt>
      <trkpt lat="44.145278" lon="9.767955"><ele>187</ele></trkpt>
      <trkpt lat="44.145477" lon="9.767882"><ele>187</ele></trkpt>
      <trkpt lat="44.145575" lon="9.767799"><ele>187</ele></trkpt>
      <trkpt lat="44.145640" lon="9.767714"><ele>187</ele></trkpt>
      <trkpt lat="44.145863" lon="9.767291"><ele>186</ele></trkpt>
      <trkpt lat="44.146075" lon="9.767023"><ele>186</ele></trkpt>
      <trkpt lat="44.146130" lon="9.766919"><ele>186</ele></trkpt>
      <trkpt lat="44.146233" lon="9.766506"><ele>185</ele></trkpt>
      <trkpt lat="44.146322" lon="9.766293"><ele>185</ele></trkpt>
      <trkpt lat="44.146399" lon="9.766210"><ele>184</ele></trkpt>
      <trkpt lat="44.146564" lon="9.766116"><ele>184</ele></trkpt>
      <trkpt lat="44.146716" lon="9.766059"><ele>184</ele></trkpt>
      <trkpt lat="44.146822" lon="9.766040"><ele>184</ele></trkpt>
      <trkpt lat="44.146910" lon="9.766048"><ele>186</ele></trkpt>
      <trkpt lat="44.147558" lon="9.766289"><ele>192</ele></trkpt>
      <trkpt lat="44.147705" lon="9.766361"><ele>192</ele></trkpt>
      <trkpt lat="44.147876" lon="9.766446"><ele>192</ele></trkpt>
      <trkpt lat="44.148235" lon="9.766750"><ele>189</ele></trkpt>
      <trkpt lat="44.148309" lon="9.766776"><ele>189</ele></trkpt>
      <trkpt lat="44.148442" lon="9.766776"><ele>188</ele></trkpt>
      <trkpt lat="44.148902" lon="9.766505"><ele>189</ele></trkpt>
      <trkpt lat="44.149422" lon="9.766359"><ele>189</ele></trkpt>
      <trkpt lat="44.149542" lon="9.766280"><ele>190</ele></trkpt>
      <trkpt lat="44.149778" lon="9.766016"><ele>190</ele></trkpt>
      <trkpt lat="44.149983" lon="9.765869"><ele>191</ele></trkpt>
      <trkpt lat="44.150196" lon="9.765746"><ele>190</ele></trkpt>
      <trkpt lat="44.150357" lon="9.765698"><ele>189</ele></trkpt>
      <trkpt lat="44.150774" lon="9.765627"><ele>191</ele></trkpt>
      <trkpt lat="44.151008" lon="9.765668"><ele>180</ele></trkpt>
      <trkpt lat="44.151037" lon="9.765677"><ele>180</ele></trkpt>
      <trkpt lat="44.151198" lon="9.765716"><ele>180</ele></trkpt>
      <trkpt lat="44.151790" lon="9.765762"><ele>168</ele></trkpt>
      <trkpt lat="44.151988" lon="9.765751"><ele>168</ele></trkpt>
      <trkpt lat="44.152187" lon="9.765681"><ele>167</ele></trkpt>
      <trkpt lat="44.153084" lon="9.765246"><ele>156</ele></trkpt>
      <trkpt lat="44.153263" lon="9.765158"><ele>156</ele></trkpt>
      <trkpt lat="44.153537" lon="9.765027"><ele>149</ele></trkpt>
      <trkpt lat="44.153593" lon="9.765000"><ele>149</ele></trkpt>
      <trkpt lat="44.153836" lon="9.764883"><ele>148</ele></trkpt>
      <trkpt lat="44.154225" lon="9.764696"><ele>145</ele></trkpt>
      <trkpt lat="44.154557" lon="9.764532"><ele>145</ele></trkpt>
      <trkpt lat="44.154715" lon="9.764429"><ele>145</ele></trkpt>
      <trkpt lat="44.154790" lon="9.764373"><ele>145</ele></trkpt>
      <trkpt lat="44.154798" lon="9.764365"><ele>145</ele></trkpt>
      <trkpt lat="44.154813" lon="9.764353"><ele>145</ele></trkpt>
      <trkpt lat="44.154893" lon="9.764287"><ele>145</ele></trkpt>
      <trkpt lat="44.154951" lon="9.764239"><ele>145</ele></trkpt>
      <trkpt lat="44.155294" lon="9.763960"><ele>142</ele></trkpt>
      <trkpt lat="44.155506" lon="9.763772"><ele>142</ele></trkpt>
      <trkpt lat="44.155763" lon="9.763564"><ele>142</ele></trkpt>
      <trkpt lat="44.156481" lon="9.762965"><ele>142</ele></trkpt>
      <trkpt lat="44.156975" lon="9.762546"><ele>140</ele></trkpt>
      <trkpt lat="44.157275" lon="9.762317"><ele>141</ele></trkpt>
      <trkpt lat="44.157494" lon="9.762150"><ele>141</ele></trkpt>
      <trkpt lat="44.158130" lon="9.761629"><ele>139</ele></trkpt>
      <trkpt lat="44.159357" lon="9.760605"><ele>139</ele></trkpt>
      <trkpt lat="44.160529" lon="9.759592"><ele>133</ele></trkpt>
      <trkpt lat="44.160916" lon="9.759300"><ele>133</ele></trkpt>
      <trkpt lat="44.161743" lon="9.758601"><ele>129</ele></trkpt>
      <trkpt lat="44.162034" lon="9.758355"><ele>129</ele></trkpt>
      <trkpt lat="44.162612" lon="9.757860"><ele>131</ele></trkpt>
      <trkpt lat="44.162754" lon="9.757740"><ele>131</ele></trkpt>
      <trkpt lat="44.162966" lon="9.757582"><ele>131</ele></trkpt>
      <trkpt lat="44.163051" lon="9.757554"><ele>131</ele></trkpt>
      <trkpt lat="44.163141" lon="9.757547"><ele>133</ele></trkpt>
      <trkpt lat="44.163227" lon="9.757577"><ele>135</ele></trkpt>
      <trkpt lat="44.163315" lon="9.757650"><ele>136</ele></trkpt>
      <trkpt lat="44.163523" lon="9.757855"><ele>138</ele></trkpt>
      <trkpt lat="44.164106" lon="9.758514"><ele>137</ele></trkpt>
      <trkpt lat="44.164356" lon="9.758875"><ele>139</ele></trkpt>
      <trkpt lat="44.164558" lon="9.759371"><ele>140</ele></trkpt>
      <trkpt lat="44.164642" lon="9.759538"><ele>141</ele></trkpt>
      <trkpt lat="44.164749" lon="9.759689"><ele>141</ele></trkpt>
      <trkpt lat="44.164805" lon="9.759740"><ele>142</ele></trkpt>
      <trkpt lat="44.164859" lon="9.759773"><ele>142</ele></trkpt>
      <trkpt lat="44.164940" lon="9.759787"><ele>143</ele></trkpt>
      <trkpt lat="44.165043" lon="9.759750"><ele>144</ele></trkpt>
      <trkpt lat="44.165170" lon="9.759646"><ele>144</ele></trkpt>
      <trkpt lat="44.166101" lon="9.758582"><ele>145</ele></trkpt>
      <trkpt lat="44.166288" lon="9.758428"><ele>145</ele></trkpt>
      <trkpt lat="44.166440" lon="9.758355"><ele>142</ele></trkpt>
      <trkpt lat="44.166808" lon="9.758337"><ele>136</ele></trkpt>
      <trkpt lat="44.166942" lon="9.758355"><ele>136</ele></trkpt>
      <trkpt lat="44.167171" lon="9.758427"><ele>136</ele></trkpt>
      <trkpt lat="44.167801" lon="9.758683"><ele>135</ele></trkpt>
      <trkpt lat="44.167938" lon="9.758710"><ele>135</ele></trkpt>
      <trkpt lat="44.168023" lon="9.758690"><ele>136</ele></trkpt>
      <trkpt lat="44.168091" lon="9.758620"><ele>136</ele></trkpt>
      <trkpt lat="44.168154" lon="9.758489"><ele>137</ele></trkpt>
      <trkpt lat="44.168509" lon="9.757251"><ele>130</ele></trkpt>
      <trkpt lat="44.168570" lon="9.757096"><ele>129</ele></trkpt>
      <trkpt lat="44.168652" lon="9.756958"><ele>127</ele></trkpt>
      <trkpt lat="44.168742" lon="9.756862"><ele>126</ele></trkpt>
      <trkpt lat="44.168885" lon="9.756817"><ele>124</ele></trkpt>
      <trkpt lat="44.169085" lon="9.756810"><ele>123</ele></trkpt>
      <trkpt lat="44.169206" lon="9.756840"><ele>123</ele></trkpt>
      <trkpt lat="44.169311" lon="9.756916"><ele>123</ele></trkpt>
      <trkpt lat="44.169525" lon="9.757216"><ele>122</ele></trkpt>
      <trkpt lat="44.169607" lon="9.757258"><ele>123</ele></trkpt>
      <trkpt lat="44.169700" lon="9.757262"><ele>123</ele></trkpt>
      <trkpt lat="44.169840" lon="9.757151"><ele>122</ele></trkpt>
      <trkpt lat="44.170112" lon="9.756723"><ele>111</ele></trkpt>
      <trkpt lat="44.170405" lon="9.756250"><ele>115</ele></trkpt>
      <trkpt lat="44.170788" lon="9.755664"><ele>107</ele></trkpt>
      <trkpt lat="44.171000" lon="9.755413"><ele>106</ele></trkpt>
      <trkpt lat="44.171256" lon="9.755223"><ele>107</ele></trkpt>
      <trkpt lat="44.171792" lon="9.754944"><ele>100</ele></trkpt>
      <trkpt lat="44.172158" lon="9.754764"><ele>100</ele></trkpt>
      <trkpt lat="44.173139" lon="9.754247"><ele>94</ele></trkpt>
      <trkpt lat="44.173356" lon="9.754136"><ele>97</ele></trkpt>
      <trkpt lat="44.173469" lon="9.754115"><ele>97</ele></trkpt>
      <trkpt lat="44.173638" lon="9.754183"><ele>95</ele></trkpt>
      <trkpt lat="44.173763" lon="9.754270"><ele>93</ele></trkpt>
      <trkpt lat="44.175329" lon="9.755359"><ele>97</ele></trkpt>
      <trkpt lat="44.175591" lon="9.755568"><ele>95</ele></trkpt>
      <trkpt lat="44.175751" lon="9.755736"><ele>94</ele></trkpt>
      <trkpt lat="44.175989" lon="9.756088"><ele>93</ele></trkpt>
      <trkpt lat="44.176398" lon="9.756893"><ele>90</ele></trkpt>
      <trkpt lat="44.176864" lon="9.757758"><ele>89</ele></trkpt>
      <trkpt lat="44.177039" lon="9.758019"><ele>90</ele></trkpt>
      <trkpt lat="44.178005" lon="9.758957"><ele>90</ele></trkpt>
      <trkpt lat="44.179274" lon="9.760151"><ele>88</ele></trkpt>
      <trkpt lat="44.179557" lon="9.760417"><ele>88</ele></trkpt>
      <trkpt lat="44.180372" lon="9.761184"><ele>85</ele></trkpt>
      <trkpt lat="44.181935" lon="9.762663"><ele>82</ele></trkpt>
      <trkpt lat="44.183048" lon="9.763715"><ele>89</ele></trkpt>
      <trkpt lat="44.184066" lon="9.764500"><ele>89</ele></trkpt>
      <trkpt lat="44.184264" lon="9.764605"><ele>90</ele></trkpt>
      <trkpt lat="44.184429" lon="9.764667"><ele>91</ele></trkpt>
      <trkpt lat="44.184692" lon="9.764694"><ele>94</ele></trkpt>
      <trkpt lat="44.185679" lon="9.764658"><ele>100</ele></trkpt>
      <trkpt lat="44.185836" lon="9.764661"><ele>102</ele></trkpt>
      <trkpt lat="44.186006" lon="9.764691"><ele>101</ele></trkpt>
      <trkpt lat="44.189085" lon="9.765772"><ele>90</ele></trkpt>
      <trkpt lat="44.189758" lon="9.765986"><ele>87</ele></trkpt>
      <trkpt lat="44.190084" lon="9.766052"><ele>89</ele></trkpt>
      <trkpt lat="44.190290" lon="9.766038"><ele>89</ele></trkpt>
      <trkpt lat="44.190598" lon="9.765923"><ele>89</ele></trkpt>
      <trkpt lat="44.190833" lon="9.765866"><ele>89</ele></trkpt>
      <trkpt lat="44.191095" lon="9.765898"><ele>76</ele></trkpt>
      <trkpt lat="44.191259" lon="9.766016"><ele>76</ele></trkpt>
      <trkpt lat="44.191483" lon="9.766307"><ele>76</ele></trkpt>
      <trkpt lat="44.192626" lon="9.768074"><ele>79</ele></trkpt>
      <trkpt lat="44.192898" lon="9.768465"><ele>79</ele></trkpt>
      <trkpt lat="44.193058" lon="9.768650"><ele>80</ele></trkpt>
      <trkpt lat="44.193191" lon="9.768747"><ele>81</ele></trkpt>
      <trkpt lat="44.193343" lon="9.768810"><ele>81</ele></trkpt>
      <trkpt lat="44.193495" lon="9.768842"><ele>81</ele></trkpt>
      <trkpt lat="44.193838" lon="9.768854"><ele>84</ele></trkpt>
      <trkpt lat="44.194116" lon="9.768863"><ele>84</ele></trkpt>
      <trkpt lat="44.194204" lon="9.768863"><ele>93</ele></trkpt>
      <trkpt lat="44.194524" lon="9.768868"><ele>93</ele></trkpt>
      <trkpt lat="44.194862" lon="9.768776"><ele>89</ele></trkpt>
      <trkpt lat="44.195098" lon="9.768670"><ele>88</ele></trkpt>
      <trkpt lat="44.196517" lon="9.767811"><ele>83</ele></trkpt>
      <trkpt lat="44.197077" lon="9.767215"><ele>84</ele></trkpt>
      <trkpt lat="44.197262" lon="9.767011"><ele>84</ele></trkpt>
      <trkpt lat="44.197468" lon="9.766765"><ele>84</ele></trkpt>
      <trkpt lat="44.197938" lon="9.766244"><ele>82</ele></trkpt>
      <trkpt lat="44.198706" lon="9.765355"><ele>95</ele></trkpt>
      <trkpt lat="44.198909" lon="9.765053"><ele>95</ele></trkpt>
      <trkpt lat="44.199188" lon="9.764513"><ele>97</ele></trkpt>
      <trkpt lat="44.199460" lon="9.764152"><ele>99</ele></trkpt>
      <trkpt lat="44.200227" lon="9.763349"><ele>100</ele></trkpt>
      <trkpt lat="44.200823" lon="9.762834"><ele>111</ele></trkpt>
      <trkpt lat="44.201156" lon="9.762628"><ele>110</ele></trkpt>
      <trkpt lat="44.201445" lon="9.762422"><ele>113</ele></trkpt>
      <trkpt lat="44.201906" lon="9.762250"><ele>109</ele></trkpt>
      <trkpt lat="44.202577" lon="9.762096"><ele>107</ele></trkpt>
      <trkpt lat="44.202989" lon="9.762036"><ele>103</ele></trkpt>
      <trkpt lat="44.204005" lon="9.761804"><ele>92</ele></trkpt>
      <trkpt lat="44.204423" lon="9.761735"><ele>90</ele></trkpt>
      <trkpt lat="44.204540" lon="9.761751"><ele>90</ele></trkpt>
      <trkpt lat="44.204688" lon="9.761810"><ele>91</ele></trkpt>
      <trkpt lat="44.205020" lon="9.762173"><ele>91</ele></trkpt>
      <trkpt lat="44.205150" lon="9.762282"><ele>90</ele></trkpt>
      <trkpt lat="44.205303" lon="9.762370"><ele>90</ele></trkpt>
      <trkpt lat="44.206004" lon="9.762679"><ele>91</ele></trkpt>
      <trkpt lat="44.207616" lon="9.763342"><ele>85</ele></trkpt>
      <trkpt lat="44.208149" lon="9.763456"><ele>88</ele></trkpt>
      <trkpt lat="44.209329" lon="9.763397"><ele>96</ele></trkpt>
      <trkpt lat="44.209554" lon="9.763413"><ele>97</ele></trkpt>
      <trkpt lat="44.209779" lon="9.763490"><ele>98</ele></trkpt>
      <trkpt lat="44.211061" lon="9.764120"><ele>105</ele></trkpt>
      <trkpt lat="44.211205" lon="9.764143"><ele>105</ele></trkpt>
      <trkpt lat="44.211246" lon="9.764121"><ele>105</ele></trkpt>
      <trkpt lat="44.211340" lon="9.764036"><ele>105</ele></trkpt>
      <trkpt lat="44.211415" lon="9.763910"><ele>105</ele></trkpt>
      <trkpt lat="44.211997" lon="9.762679"><ele>119</ele></trkpt>
      <trkpt lat="44.212163" lon="9.762455"><ele>120</ele></trkpt>
      <trkpt lat="44.212571" lon="9.762036"><ele>123</ele></trkpt>
      <trkpt lat="44.212673" lon="9.761879"><ele>125</ele></trkpt>
      <trkpt lat="44.212860" lon="9.761376"><ele>129</ele></trkpt>
      <trkpt lat="44.213109" lon="9.760579"><ele>138</ele></trkpt>
      <trkpt lat="44.213213" lon="9.760101"><ele>144</ele></trkpt>
      <trkpt lat="44.213320" lon="9.758146"><ele>173</ele></trkpt>
      <trkpt lat="44.213330" lon="9.757938"><ele>162</ele></trkpt>
      <trkpt lat="44.213318" lon="9.757720"><ele>160</ele></trkpt>
      <trkpt lat="44.213171" lon="9.757063"><ele>155</ele></trkpt>
      <trkpt lat="44.213055" lon="9.756646"><ele>154</ele></trkpt>
      <trkpt lat="44.212965" lon="9.756160"><ele>150</ele></trkpt>
      <trkpt lat="44.212940" lon="9.755800"><ele>142</ele></trkpt>
      <trkpt lat="44.212932" lon="9.755384"><ele>140</ele></trkpt>
      <trkpt lat="44.212977" lon="9.754407"><ele>131</ele></trkpt>
      <trkpt lat="44.213021" lon="9.754164"><ele>104</ele></trkpt>
      <trkpt lat="44.213091" lon="9.753905"><ele>106</ele></trkpt>
      <trkpt lat="44.213128" lon="9.753829"><ele>106</ele></trkpt>
      <trkpt lat="44.213411" lon="9.753625"><ele>108</ele></trkpt>
      <trkpt lat="44.214347" lon="9.753135"><ele>119</ele></trkpt>
      <trkpt lat="44.215077" lon="9.752811"><ele>114</ele></trkpt>
      <trkpt lat="44.215663" lon="9.752783"><ele>121</ele></trkpt>
      <trkpt lat="44.215878" lon="9.752731"><ele>122</ele></trkpt>
      <trkpt lat="44.216038" lon="9.752660"><ele>123</ele></trkpt>
      <trkpt lat="44.216712" lon="9.752220"><ele>123</ele></trkpt>
      <trkpt lat="44.216843" lon="9.752194"><ele>122</ele></trkpt>
      <trkpt lat="44.217516" lon="9.752230"><ele>122</ele></trkpt>
      <trkpt lat="44.217648" lon="9.752266"><ele>122</ele></trkpt>
      <trkpt lat="44.218126" lon="9.752473"><ele>119</ele></trkpt>
      <trkpt lat="44.218414" lon="9.752599"><ele>102</ele></trkpt>
      <trkpt lat="44.218564" lon="9.752623"><ele>103</ele></trkpt>
      <trkpt lat="44.219363" lon="9.752412"><ele>104</ele></trkpt>
      <trkpt lat="44.219468" lon="9.752411"><ele>104</ele></trkpt>
      <trkpt lat="44.219569" lon="9.752449"><ele>100</ele></trkpt>
      <trkpt lat="44.220637" lon="9.753597"><ele>99</ele></trkpt>
      <trkpt lat="44.221047" lon="9.754011"><ele>100</ele></trkpt>
      <trkpt lat="44.221184" lon="9.754078"><ele>101</ele></trkpt>
      <trkpt lat="44.221409" lon="9.754111"><ele>102</ele></trkpt>
      <trkpt lat="44.221567" lon="9.754078"><ele>103</ele></trkpt>
      <trkpt lat="44.221910" lon="9.753954"><ele>112</ele></trkpt>
      <trkpt lat="44.222020" lon="9.753910"><ele>115</ele></trkpt>
      <trkpt lat="44.222150" lon="9.753802"><ele>115</ele></trkpt>
      <trkpt lat="44.222314" lon="9.753576"><ele>116</ele></trkpt>
      <trkpt lat="44.222809" lon="9.752693"><ele>115</ele></trkpt>
      <trkpt lat="44.223549" lon="9.751574"><ele>113</ele></trkpt>
      <trkpt lat="44.223622" lon="9.751449"><ele>113</ele></trkpt>
      <trkpt lat="44.223693" lon="9.751256"><ele>112</ele></trkpt>
      <trkpt lat="44.223729" lon="9.750931"><ele>114</ele></trkpt>
      <trkpt lat="44.223711" lon="9.750791"><ele>113</ele></trkpt>
      <trkpt lat="44.223669" lon="9.750663"><ele>116</ele></trkpt>
      <trkpt lat="44.223036" lon="9.749522"><ele>118</ele></trkpt>
      <trkpt lat="44.222923" lon="9.749252"><ele>115</ele></trkpt>
      <trkpt lat="44.222632" lon="9.748219"><ele>112</ele></trkpt>
      <trkpt lat="44.222530" lon="9.747710"><ele>112</ele></trkpt>
      <trkpt lat="44.222512" lon="9.747453"><ele>111</ele></trkpt>
      <trkpt lat="44.222646" lon="9.746449"><ele>111</ele></trkpt>
      <trkpt lat="44.222747" lon="9.745904"><ele>114</ele></trkpt>
      <trkpt lat="44.222724" lon="9.745577"><ele>117</ele></trkpt>
      <trkpt lat="44.222684" lon="9.745406"><ele>118</ele></trkpt>
      <trkpt lat="44.222564" lon="9.745163"><ele>122</ele></trkpt>
      <trkpt lat="44.222281" lon="9.744834"><ele>122</ele></trkpt>
      <trkpt lat="44.222165" lon="9.744663"><ele>122</ele></trkpt>
      <trkpt lat="44.222061" lon="9.744469"><ele>121</ele></trkpt>
      <trkpt lat="44.222019" lon="9.744339"><ele>121</ele></trkpt>
      <trkpt lat="44.221409" lon="9.741180"><ele>116</ele></trkpt>
      <trkpt lat="44.221239" lon="9.740665"><ele>113</ele></trkpt>
      <trkpt lat="44.221051" lon="9.740181"><ele>113</ele></trkpt>
      <trkpt lat="44.220979" lon="9.739752"><ele>112</ele></trkpt>
      <trkpt lat="44.220921" lon="9.738899"><ele>111</ele></trkpt>
      <trkpt lat="44.220887" lon="9.737813"><ele>116</ele></trkpt>
      <trkpt lat="44.220826" lon="9.736779"><ele>117</ele></trkpt>
      <trkpt lat="44.220846" lon="9.736589"><ele>115</ele></trkpt>
      <trkpt lat="44.220963" lon="9.736033"><ele>116</ele></trkpt>
      <trkpt lat="44.220933" lon="9.735603"><ele>118</ele></trkpt>
      <trkpt lat="44.220823" lon="9.735123"><ele>119</ele></trkpt>
      <trkpt lat="44.220676" lon="9.734722"><ele>122</ele></trkpt>
      <trkpt lat="44.220548" lon="9.734467"><ele>123</ele></trkpt>
      <trkpt lat="44.219917" lon="9.733443"><ele>130</ele></trkpt>
      <trkpt lat="44.219871" lon="9.733348"><ele>128</ele></trkpt>
      <trkpt lat="44.219842" lon="9.733246"><ele>126</ele></trkpt>
      <trkpt lat="44.219592" lon="9.731829"><ele>126</ele></trkpt>
      <trkpt lat="44.219548" lon="9.731465"><ele>125</ele></trkpt>
      <trkpt lat="44.219542" lon="9.731050"><ele>125</ele></trkpt>
      <trkpt lat="44.219573" lon="9.730603"><ele>125</ele></trkpt>
      <trkpt lat="44.219628" lon="9.730339"><ele>125</ele></trkpt>
      <trkpt lat="44.219699" lon="9.730182"><ele>125</ele></trkpt>
      <trkpt lat="44.221455" lon="9.727204"><ele>110</ele></trkpt>
      <trkpt lat="44.222719" lon="9.725101"><ele>107</ele></trkpt>
      <trkpt lat="44.222922" lon="9.724758"><ele>109</ele></trkpt>
      <trkpt lat="44.222994" lon="9.724552"><ele>109</ele></trkpt>
      <trkpt lat="44.223020" lon="9.724391"><ele>109</ele></trkpt>
      <trkpt lat="44.223045" lon="9.723926"><ele>109</ele></trkpt>
      <trkpt lat="44.223039" lon="9.723401"><ele>109</ele></trkpt>
      <trkpt lat="44.223020" lon="9.723188"><ele>109</ele></trkpt>
      <trkpt lat="44.222807" lon="9.721930"><ele>108</ele></trkpt>
      <trkpt lat="44.222807" lon="9.721866"><ele>108</ele></trkpt>
      <trkpt lat="44.222951" lon="9.721790"><ele>107</ele></trkpt>
      <trkpt lat="44.222807" lon="9.721866"><ele>108</ele></trkpt>
      <trkpt lat="44.222667" lon="9.721085"><ele>104</ele></trkpt>
      <trkpt lat="44.222656" lon="9.720931"><ele>104</ele></trkpt>
      <trkpt lat="44.222667" lon="9.720783"><ele>104</ele></trkpt>
      <trkpt lat="44.222699" lon="9.720664"><ele>102</ele></trkpt>
      <trkpt lat="44.222711" lon="9.720622"><ele>102</ele></trkpt>
      <trkpt lat="44.222854" lon="9.720444"><ele>102</ele></trkpt>
      <trkpt lat="44.223075" lon="9.720276"><ele>102</ele></trkpt>
      <trkpt lat="44.223179" lon="9.720209"><ele>102</ele></trkpt>
      <trkpt lat="44.223336" lon="9.720117"><ele>106</ele></trkpt>
      <trkpt lat="44.223391" lon="9.720104"><ele>106</ele></trkpt>
      <trkpt lat="44.223480" lon="9.720103"><ele>107</ele></trkpt>
      <trkpt lat="44.223542" lon="9.720143"><ele>107</ele></trkpt>
      <trkpt lat="44.223637" lon="9.720307"><ele>108</ele></trkpt>
      <trkpt lat="44.223725" lon="9.720570"><ele>108</ele></trkpt>
      <trkpt lat="44.223871" lon="9.720886"><ele>108</ele></trkpt>
      <trkpt lat="44.223953" lon="9.721010"><ele>108</ele></trkpt>
      <trkpt lat="44.224043" lon="9.721105"><ele>108</ele></trkpt>
      <trkpt lat="44.224263" lon="9.721257"><ele>109</ele></trkpt>
      <trkpt lat="44.224425" lon="9.721273"><ele>109</ele></trkpt>
      <trkpt lat="44.224562" lon="9.721216"><ele>108</ele></trkpt>
      <trkpt lat="44.224775" lon="9.721064"><ele>112</ele></trkpt>
      <trkpt lat="44.225242" lon="9.720700"><ele>117</ele></trkpt>
      <trkpt lat="44.225498" lon="9.720459"><ele>119</ele></trkpt>
      <trkpt lat="44.226135" lon="9.719854"><ele>119</ele></trkpt>
      <trkpt lat="44.226513" lon="9.719485"><ele>120</ele></trkpt>
      <trkpt lat="44.226841" lon="9.719071"><ele>120</ele></trkpt>
      <trkpt lat="44.227502" lon="9.717946"><ele>122</ele></trkpt>
      <trkpt lat="44.227651" lon="9.717759"><ele>121</ele></trkpt>
      <trkpt lat="44.227766" lon="9.717662"><ele>121</ele></trkpt>
      <trkpt lat="44.228739" lon="9.716953"><ele>116</ele></trkpt>
      <trkpt lat="44.229666" lon="9.716330"><ele>123</ele></trkpt>
      <trkpt lat="44.229867" lon="9.716190"><ele>122</ele></trkpt>
      <trkpt lat="44.230247" lon="9.715882"><ele>120</ele></trkpt>
      <trkpt lat="44.230523" lon="9.715637"><ele>136</ele></trkpt>
      <trkpt lat="44.230692" lon="9.715515"><ele>135</ele></trkpt>
      <trkpt lat="44.230804" lon="9.715474"><ele>134</ele></trkpt>
      <trkpt lat="44.230985" lon="9.715456"><ele>135</ele></trkpt>
      <trkpt lat="44.231088" lon="9.715463"><ele>135</ele></trkpt>
      <trkpt lat="44.232269" lon="9.715818"><ele>104</ele></trkpt>
      <trkpt lat="44.232341" lon="9.715841"><ele>103</ele></trkpt>
      <trkpt lat="44.232515" lon="9.715989"><ele>108</ele></trkpt>
      <trkpt lat="44.233099" lon="9.716447"><ele>108</ele></trkpt>
      <trkpt lat="44.233107" lon="9.716511"><ele>108</ele></trkpt>
      <trkpt lat="44.233150" lon="9.716626"><ele>108</ele></trkpt>
      <trkpt lat="44.233223" lon="9.716709"><ele>108</ele></trkpt>
      <trkpt lat="44.233333" lon="9.716743"><ele>108</ele></trkpt>
      <trkpt lat="44.233389" lon="9.716731"><ele>110</ele></trkpt>
      <trkpt lat="44.233488" lon="9.716652"><ele>110</ele></trkpt>
      <trkpt lat="44.233523" lon="9.716589"><ele>110</ele></trkpt>
      <trkpt lat="44.233554" lon="9.716470"><ele>110</ele></trkpt>
      <trkpt lat="44.233556" lon="9.716404"><ele>110</ele></trkpt>
      <trkpt lat="44.233609" lon="9.716287"><ele>110</ele></trkpt>
      <trkpt lat="44.233725" lon="9.716127"><ele>110</ele></trkpt>
      <trkpt lat="44.233959" lon="9.715872"><ele>110</ele></trkpt>
      <trkpt lat="44.234299" lon="9.715562"><ele>116</ele></trkpt>
      <trkpt lat="44.234533" lon="9.715345"><ele>115</ele></trkpt>
      <trkpt lat="44.234692" lon="9.715095"><ele>115</ele></trkpt>
      <trkpt lat="44.234849" lon="9.714715"><ele>114</ele></trkpt>
      <trkpt lat="44.235293" lon="9.713517"><ele>113</ele></trkpt>
      <trkpt lat="44.235386" lon="9.713316"><ele>112</ele></trkpt>
      <trkpt lat="44.235611" lon="9.713064"><ele>110</ele></trkpt>
      <trkpt lat="44.235798" lon="9.712926"><ele>106</ele></trkpt>
      <trkpt lat="44.235936" lon="9.712826"><ele>116</ele></trkpt>
      <trkpt lat="44.236119" lon="9.712706"><ele>116</ele></trkpt>
      <trkpt lat="44.236610" lon="9.712382"><ele>112</ele></trkpt>
      <trkpt lat="44.237354" lon="9.711577"><ele>111</ele></trkpt>
      <trkpt lat="44.237496" lon="9.711521"><ele>110</ele></trkpt>
      <trkpt lat="44.238173" lon="9.711398"><ele>110</ele></trkpt>
      <trkpt lat="44.238288" lon="9.711342"><ele>110</ele></trkpt>
      <trkpt lat="44.238430" lon="9.711235"><ele>111</ele></trkpt>
      <trkpt lat="44.239764" lon="9.709647"><ele>120</ele></trkpt>
      <trkpt lat="44.240086" lon="9.709242"><ele>120</ele></trkpt>
      <trkpt lat="44.240269" lon="9.708790"><ele>120</ele></trkpt>
      <trkpt lat="44.240544" lon="9.708297"><ele>120</ele></trkpt>
      <trkpt lat="44.240717" lon="9.708076"><ele>120</ele></trkpt>
      <trkpt lat="44.241294" lon="9.707569"><ele>119</ele></trkpt>
      <trkpt lat="44.241901" lon="9.707155"><ele>124</ele></trkpt>
      <trkpt lat="44.243089" lon="9.706280"><ele>126</ele></trkpt>
      <trkpt lat="44.243339" lon="9.706113"><ele>138</ele></trkpt>
      <trkpt lat="44.244130" lon="9.705719"><ele>141</ele></trkpt>
      <trkpt lat="44.244394" lon="9.705554"><ele>142</ele></trkpt>
      <trkpt lat="44.244648" lon="9.705277"><ele>143</ele></trkpt>
      <trkpt lat="44.244838" lon="9.704967"><ele>144</ele></trkpt>
      <trkpt lat="44.245014" lon="9.704598"><ele>145</ele></trkpt>
      <trkpt lat="44.245144" lon="9.704240"><ele>143</ele></trkpt>
      <trkpt lat="44.245239" lon="9.703797"><ele>142</ele></trkpt>
      <trkpt lat="44.245268" lon="9.703220"><ele>142</ele></trkpt>
      <trkpt lat="44.245245" lon="9.702848"><ele>142</ele></trkpt>
      <trkpt lat="44.245179" lon="9.702554"><ele>142</ele></trkpt>
      <trkpt lat="44.245080" lon="9.702267"><ele>143</ele></trkpt>
      <trkpt lat="44.244884" lon="9.701869"><ele>143</ele></trkpt>
      <trkpt lat="44.244647" lon="9.701508"><ele>143</ele></trkpt>
      <trkpt lat="44.244146" lon="9.700943"><ele>144</ele></trkpt>
      <trkpt lat="44.244069" lon="9.700815"><ele>143</ele></trkpt>
      <trkpt lat="44.243813" lon="9.700258"><ele>144</ele></trkpt>
      <trkpt lat="44.243753" lon="9.700068"><ele>144</ele></trkpt>
      <trkpt lat="44.243603" lon="9.699261"><ele>156</ele></trkpt>
      <trkpt lat="44.243572" lon="9.699009"><ele>143</ele></trkpt>
      <trkpt lat="44.243556" lon="9.698880"><ele>143</ele></trkpt>
      <trkpt lat="44.243518" lon="9.698546"><ele>143</ele></trkpt>
      <trkpt lat="44.243492" lon="9.698327"><ele>134</ele></trkpt>
      <trkpt lat="44.243401" lon="9.697533"><ele>134</ele></trkpt>
      <trkpt lat="44.243180" lon="9.696243"><ele>126</ele></trkpt>
      <trkpt lat="44.243160" lon="9.696078"><ele>126</ele></trkpt>
      <trkpt lat="44.243176" lon="9.695838"><ele>126</ele></trkpt>
      <trkpt lat="44.243211" lon="9.695711"><ele>125</ele></trkpt>
      <trkpt lat="44.243301" lon="9.695566"><ele>124</ele></trkpt>
      <trkpt lat="44.243426" lon="9.695436"><ele>124</ele></trkpt>
      <trkpt lat="44.243861" lon="9.695130"><ele>123</ele></trkpt>
      <trkpt lat="44.244609" lon="9.694690"><ele>123</ele></trkpt>
      <trkpt lat="44.245386" lon="9.694261"><ele>126</ele></trkpt>
      <trkpt lat="44.245529" lon="9.694171"><ele>126</ele></trkpt>
      <trkpt lat="44.245688" lon="9.694028"><ele>126</ele></trkpt>
      <trkpt lat="44.245894" lon="9.693764"><ele>127</ele></trkpt>
      <trkpt lat="44.247425" lon="9.691325"><ele>135</ele></trkpt>
      <trkpt lat="44.247468" lon="9.691214"><ele>136</ele></trkpt>
      <trkpt lat="44.247513" lon="9.691013"><ele>137</ele></trkpt>
      <trkpt lat="44.247527" lon="9.690455"><ele>137</ele></trkpt>
      <trkpt lat="44.247416" lon="9.689720"><ele>135</ele></trkpt>
      <trkpt lat="44.247397" lon="9.689342"><ele>134</ele></trkpt>
      <trkpt lat="44.247326" lon="9.688953"><ele>133</ele></trkpt>
      <trkpt lat="44.247277" lon="9.688772"><ele>133</ele></trkpt>
      <trkpt lat="44.247151" lon="9.688461"><ele>133</ele></trkpt>
      <trkpt lat="44.247057" lon="9.688354"><ele>133</ele></trkpt>
      <trkpt lat="44.246850" lon="9.688199"><ele>137</ele></trkpt>
      <trkpt lat="44.246633" lon="9.687886"><ele>139</ele></trkpt>
      <trkpt lat="44.246447" lon="9.687493"><ele>141</ele></trkpt>
      <trkpt lat="44.246333" lon="9.687164"><ele>141</ele></trkpt>
      <trkpt lat="44.246228" lon="9.686799"><ele>142</ele></trkpt>
      <trkpt lat="44.246170" lon="9.686434"><ele>130</ele></trkpt>
      <trkpt lat="44.245963" lon="9.683883"><ele>137</ele></trkpt>
      <trkpt lat="44.245990" lon="9.683528"><ele>140</ele></trkpt>
      <trkpt lat="44.246002" lon="9.683464"><ele>141</ele></trkpt>
      <trkpt lat="44.246059" lon="9.683332"><ele>150</ele></trkpt>
      <trkpt lat="44.246078" lon="9.683315"><ele>150</ele></trkpt>
      <trkpt lat="44.246488" lon="9.683279"><ele>150</ele></trkpt>
      <trkpt lat="44.246632" lon="9.683269"><ele>161</ele></trkpt>
      <trkpt lat="44.246955" lon="9.683188"><ele>164</ele></trkpt>
      <trkpt lat="44.247811" lon="9.682854"><ele>168</ele></trkpt>
      <trkpt lat="44.248255" lon="9.682604"><ele>168</ele></trkpt>
      <trkpt lat="44.248940" lon="9.682078"><ele>163</ele></trkpt>
      <trkpt lat="44.249220" lon="9.681721"><ele>158</ele></trkpt>
      <trkpt lat="44.249532" lon="9.681409"><ele>155</ele></trkpt>
      <trkpt lat="44.249867" lon="9.680957"><ele>156</ele></trkpt>
      <trkpt lat="44.250002" lon="9.680648"><ele>151</ele></trkpt>
      <trkpt lat="44.250089" lon="9.680279"><ele>138</ele></trkpt>
      <trkpt lat="44.250225" lon="9.679486"><ele>136</ele></trkpt>
      <trkpt lat="44.250363" lon="9.678681"><ele>141</ele></trkpt>
      <trkpt lat="44.250386" lon="9.678546"><ele>141</ele></trkpt>
      <trkpt lat="44.250467" lon="9.677886"><ele>166</ele></trkpt>
      <trkpt lat="44.250487" lon="9.677717"><ele>166</ele></trkpt>
      <trkpt lat="44.250719" lon="9.676306"><ele>163</ele></trkpt>
      <trkpt lat="44.250951" lon="9.675261"><ele>161</ele></trkpt>
      <trkpt lat="44.251100" lon="9.674909"><ele>160</ele></trkpt>
      <trkpt lat="44.251290" lon="9.674565"><ele>160</ele></trkpt>
      <trkpt lat="44.251471" lon="9.674355"><ele>159</ele></trkpt>
      <trkpt lat="44.251925" lon="9.673941"><ele>158</ele></trkpt>
      <trkpt lat="44.252130" lon="9.673812"><ele>158</ele></trkpt>
      <trkpt lat="44.252382" lon="9.673664"><ele>158</ele></trkpt>
      <trkpt lat="44.252918" lon="9.673473"><ele>152</ele></trkpt>
      <trkpt lat="44.253363" lon="9.673409"><ele>151</ele></trkpt>
      <trkpt lat="44.254362" lon="9.673364"><ele>151</ele></trkpt>
      <trkpt lat="44.254903" lon="9.673316"><ele>151</ele></trkpt>
      <trkpt lat="44.255217" lon="9.673273"><ele>152</ele></trkpt>
      <trkpt lat="44.255687" lon="9.673107"><ele>152</ele></trkpt>
      <trkpt lat="44.255965" lon="9.672947"><ele>153</ele></trkpt>
      <trkpt lat="44.256223" lon="9.672757"><ele>155</ele></trkpt>
      <trkpt lat="44.257539" lon="9.671500"><ele>159</ele></trkpt>
      <trkpt lat="44.257734" lon="9.671287"><ele>159</ele></trkpt>
      <trkpt lat="44.257926" lon="9.671017"><ele>159</ele></trkpt>
      <trkpt lat="44.258062" lon="9.670735"><ele>159</ele></trkpt>
      <trkpt lat="44.258186" lon="9.670408"><ele>159</ele></trkpt>
      <trkpt lat="44.258507" lon="9.669104"><ele>161</ele></trkpt>
      <trkpt lat="44.258643" lon="9.668624"><ele>162</ele></trkpt>
      <trkpt lat="44.258865" lon="9.667493"><ele>164</ele></trkpt>
      <trkpt lat="44.258957" lon="9.667291"><ele>166</ele></trkpt>
      <trkpt lat="44.259279" lon="9.666753"><ele>166</ele></trkpt>
      <trkpt lat="44.260187" lon="9.665652"><ele>160</ele></trkpt>
      <trkpt lat="44.260573" lon="9.665266"><ele>160</ele></trkpt>
      <trkpt lat="44.260740" lon="9.665152"><ele>160</ele></trkpt>
      <trkpt lat="44.260938" lon="9.665062"><ele>162</ele></trkpt>
      <trkpt lat="44.261549" lon="9.664857"><ele>164</ele></trkpt>
      <trkpt lat="44.261816" lon="9.664820"><ele>164</ele></trkpt>
      <trkpt lat="44.262125" lon="9.664830"><ele>167</ele></trkpt>
      <trkpt lat="44.262526" lon="9.664914"><ele>168</ele></trkpt>
      <trkpt lat="44.262789" lon="9.665030"><ele>170</ele></trkpt>
      <trkpt lat="44.263063" lon="9.665191"><ele>172</ele></trkpt>
      <trkpt lat="44.263302" lon="9.665394"><ele>175</ele></trkpt>
      <trkpt lat="44.263400" lon="9.665521"><ele>177</ele></trkpt>
      <trkpt lat="44.263503" lon="9.665690"><ele>177</ele></trkpt>
      <trkpt lat="44.263754" lon="9.666293"><ele>183</ele></trkpt>
      <trkpt lat="44.264024" lon="9.667078"><ele>190</ele></trkpt>
      <trkpt lat="44.264129" lon="9.667306"><ele>192</ele></trkpt>
      <trkpt lat="44.264208" lon="9.667425"><ele>192</ele></trkpt>
      <trkpt lat="44.264312" lon="9.667525"><ele>193</ele></trkpt>
      <trkpt lat="44.264425" lon="9.667600"><ele>192</ele></trkpt>
      <trkpt lat="44.264555" lon="9.667654"><ele>191</ele></trkpt>
      <trkpt lat="44.264781" lon="9.667721"><ele>191</ele></trkpt>
      <trkpt lat="44.264969" lon="9.667744"><ele>192</ele></trkpt>
      <trkpt lat="44.265146" lon="9.667738"><ele>188</ele></trkpt>
      <trkpt lat="44.265339" lon="9.667680"><ele>184</ele></trkpt>
      <trkpt lat="44.265519" lon="9.667594"><ele>180</ele></trkpt>
      <trkpt lat="44.265688" lon="9.667487"><ele>177</ele></trkpt>
      <trkpt lat="44.265853" lon="9.667310"><ele>174</ele></trkpt>
      <trkpt lat="44.266216" lon="9.666813"><ele>167</ele></trkpt>
      <trkpt lat="44.266427" lon="9.666461"><ele>166</ele></trkpt>
      <trkpt lat="44.266496" lon="9.666294"><ele>165</ele></trkpt>
      <trkpt lat="44.266544" lon="9.666111"><ele>165</ele></trkpt>
      <trkpt lat="44.266666" lon="9.665185"><ele>165</ele></trkpt>
      <trkpt lat="44.266727" lon="9.664904"><ele>166</ele></trkpt>
      <trkpt lat="44.267030" lon="9.664085"><ele>167</ele></trkpt>
      <trkpt lat="44.267461" lon="9.663150"><ele>166</ele></trkpt>
      <trkpt lat="44.267630" lon="9.662819"><ele>167</ele></trkpt>
      <trkpt lat="44.267809" lon="9.662561"><ele>167</ele></trkpt>
      <trkpt lat="44.268093" lon="9.662264"><ele>168</ele></trkpt>
      <trkpt lat="44.268364" lon="9.661925"><ele>169</ele></trkpt>
      <trkpt lat="44.268488" lon="9.661711"><ele>171</ele></trkpt>
      <trkpt lat="44.268598" lon="9.661472"><ele>170</ele></trkpt>
      <trkpt lat="44.268729" lon="9.660943"><ele>170</ele></trkpt>
      <trkpt lat="44.268769" lon="9.660688"><ele>169</ele></trkpt>
      <trkpt lat="44.268831" lon="9.659836"><ele>168</ele></trkpt>
      <trkpt lat="44.269000" lon="9.658263"><ele>173</ele></trkpt>
      <trkpt lat="44.269028" lon="9.657894"><ele>174</ele></trkpt>
      <trkpt lat="44.269091" lon="9.657428"><ele>175</ele></trkpt>
      <trkpt lat="44.269133" lon="9.657261"><ele>176</ele></trkpt>
      <trkpt lat="44.269193" lon="9.657107"><ele>175</ele></trkpt>
      <trkpt lat="44.269274" lon="9.656945"><ele>175</ele></trkpt>
      <trkpt lat="44.269368" lon="9.656814"><ele>175</ele></trkpt>
      <trkpt lat="44.269600" lon="9.656640"><ele>174</ele></trkpt>
      <trkpt lat="44.269797" lon="9.656560"><ele>169</ele></trkpt>
      <trkpt lat="44.270809" lon="9.656469"><ele>172</ele></trkpt>
      <trkpt lat="44.271461" lon="9.656423"><ele>173</ele></trkpt>
      <trkpt lat="44.271750" lon="9.656438"><ele>174</ele></trkpt>
      <trkpt lat="44.271931" lon="9.656510"><ele>174</ele></trkpt>
      <trkpt lat="44.272136" lon="9.656615"><ele>177</ele></trkpt>
      <trkpt lat="44.272376" lon="9.656798"><ele>177</ele></trkpt>
      <trkpt lat="44.272605" lon="9.657003"><ele>178</ele></trkpt>
      <trkpt lat="44.272997" lon="9.657475"><ele>180</ele></trkpt>
      <trkpt lat="44.273173" lon="9.657790"><ele>181</ele></trkpt>
      <trkpt lat="44.273444" lon="9.658487"><ele>185</ele></trkpt>
      <trkpt lat="44.273635" lon="9.658848"><ele>186</ele></trkpt>
      <trkpt lat="44.273923" lon="9.659176"><ele>181</ele></trkpt>
      <trkpt lat="44.274379" lon="9.659420"><ele>176</ele></trkpt>
      <trkpt lat="44.274971" lon="9.659700"><ele>176</ele></trkpt>
      <trkpt lat="44.275452" lon="9.659845"><ele>187</ele></trkpt>
      <trkpt lat="44.275870" lon="9.660005"><ele>190</ele></trkpt>
      <trkpt lat="44.276288" lon="9.660243"><ele>190</ele></trkpt>
      <trkpt lat="44.277140" lon="9.661102"><ele>185</ele></trkpt>
      <trkpt lat="44.277386" lon="9.661344"><ele>185</ele></trkpt>
      <trkpt lat="44.277435" lon="9.661385"><ele>185</ele></trkpt>
      <trkpt lat="44.277682" lon="9.661594"><ele>193</ele></trkpt>
      <trkpt lat="44.277915" lon="9.661816"><ele>188</ele></trkpt>
      <trkpt lat="44.278172" lon="9.661999"><ele>185</ele></trkpt>
      <trkpt lat="44.279695" lon="9.662672"><ele>183</ele></trkpt>
      <trkpt lat="44.281848" lon="9.663442"><ele>202</ele></trkpt>
      <trkpt lat="44.282440" lon="9.663711"><ele>202</ele></trkpt>
      <trkpt lat="44.282597" lon="9.663758"><ele>200</ele></trkpt>
      <trkpt lat="44.282997" lon="9.664001"><ele>201</ele></trkpt>
      <trkpt lat="44.283639" lon="9.664259"><ele>201</ele></trkpt>
      <trkpt lat="44.283857" lon="9.664391"><ele>201</ele></trkpt>
      <trkpt lat="44.284074" lon="9.664563"><ele>202</ele></trkpt>
      <trkpt lat="44.285322" lon="9.666684"><ele>209</ele></trkpt>
      <trkpt lat="44.285610" lon="9.667146"><ele>211</ele></trkpt>
      <trkpt lat="44.285700" lon="9.667286"><ele>211</ele></trkpt>
      <trkpt lat="44.286169" lon="9.667877"><ele>216</ele></trkpt>
      <trkpt lat="44.286258" lon="9.667989"><ele>217</ele></trkpt>
      <trkpt lat="44.287650" lon="9.669419"><ele>222</ele></trkpt>
      <trkpt lat="44.288640" lon="9.670430"><ele>225</ele></trkpt>
      <trkpt lat="44.288948" lon="9.670743"><ele>225</ele></trkpt>
      <trkpt lat="44.289391" lon="9.669672"><ele>230</ele></trkpt>
      <trkpt lat="44.289617" lon="9.669861"><ele>230</ele></trkpt>
      <trkpt lat="44.289801" lon="9.670046"><ele>229</ele></trkpt>
      <trkpt lat="44.289997" lon="9.670246"><ele>231</ele></trkpt>
      <trkpt lat="44.290395" lon="9.670879"><ele>232</ele></trkpt>
      <trkpt lat="44.290784" lon="9.671277"><ele>233</ele></trkpt>
      <trkpt lat="44.291414" lon="9.671880"><ele>235</ele></trkpt>
      <trkpt lat="44.291472" lon="9.671919"><ele>237</ele></trkpt>
      <trkpt lat="44.291928" lon="9.672228"><ele>240</ele></trkpt>
      <trkpt lat="44.292144" lon="9.672374"><ele>240</ele></trkpt>
      <trkpt lat="44.292180" lon="9.672439"><ele>240</ele></trkpt>
      <trkpt lat="44.292318" lon="9.671968"><ele>242</ele></trkpt>
      <trkpt lat="44.292597" lon="9.671125"><ele>242</ele></trkpt>
      <trkpt lat="44.292628" lon="9.670969"><ele>242</ele></trkpt>
      <trkpt lat="44.292610" lon="9.670238"><ele>243</ele></trkpt>
      <trkpt lat="44.292625" lon="9.669991"><ele>243</ele></trkpt>
      <trkpt lat="44.292796" lon="9.668810"><ele>244</ele></trkpt>
      <trkpt lat="44.292798" lon="9.668734"><ele>244</ele></trkpt>
      <trkpt lat="44.292727" lon="9.668477"><ele>244</ele></trkpt>
      <trkpt lat="44.292477" lon="9.667825"><ele>243</ele></trkpt>
      <trkpt lat="44.292135" lon="9.667014"><ele>242</ele></trkpt>
      <trkpt lat="44.292114" lon="9.666920"><ele>241</ele></trkpt>
      <trkpt lat="44.292119" lon="9.666824"><ele>241</ele></trkpt>
      <trkpt lat="44.292167" lon="9.666699"><ele>240</ele></trkpt>
      <trkpt lat="44.292381" lon="9.666466"><ele>240</ele></trkpt>
      <trkpt lat="44.292477" lon="9.666314"><ele>240</ele></trkpt>
      <trkpt lat="44.292520" lon="9.666212"><ele>240</ele></trkpt>
      <trkpt lat="44.292539" lon="9.666082"><ele>240</ele></trkpt>
      <trkpt lat="44.292526" lon="9.665851"><ele>240</ele></trkpt>
      <trkpt lat="44.292491" lon="9.665651"><ele>230</ele></trkpt>
      <trkpt lat="44.292507" lon="9.665536"><ele>231</ele></trkpt>
      <trkpt lat="44.292546" lon="9.665421"><ele>232</ele></trkpt>
      <trkpt lat="44.292708" lon="9.665132"><ele>232</ele></trkpt>
      <trkpt lat="44.295670" lon="9.664136"><ele>261</ele></trkpt>
      <trkpt lat="44.296004" lon="9.663958"><ele>265</ele></trkpt>
      <trkpt lat="44.296177" lon="9.663815"><ele>265</ele></trkpt>
      <trkpt lat="44.296398" lon="9.663570"><ele>264</ele></trkpt>
      <trkpt lat="44.296557" lon="9.663290"><ele>267</ele></trkpt>
      <trkpt lat="44.296710" lon="9.662931"><ele>272</ele></trkpt>
      <trkpt lat="44.297335" lon="9.660820"><ele>269</ele></trkpt>
      <trkpt lat="44.298976" lon="9.653818"><ele>260</ele></trkpt>
      <trkpt lat="44.299090" lon="9.653330"><ele>246</ele></trkpt>
      <trkpt lat="44.299267" lon="9.652345"><ele>242</ele></trkpt>
      <trkpt lat="44.299291" lon="9.651893"><ele>239</ele></trkpt>
      <trkpt lat="44.299293" lon="9.651662"><ele>241</ele></trkpt>
      <trkpt lat="44.299286" lon="9.651209"><ele>241</ele></trkpt>
      <trkpt lat="44.299272" lon="9.650335"><ele>237</ele></trkpt>
      <trkpt lat="44.299274" lon="9.649915"><ele>231</ele></trkpt>
      <trkpt lat="44.299299" lon="9.647712"><ele>236</ele></trkpt>
      <trkpt lat="44.299298" lon="9.646817"><ele>233</ele></trkpt>
      <trkpt lat="44.299442" lon="9.645621"><ele>229</ele></trkpt>
      <trkpt lat="44.299587" lon="9.644867"><ele>228</ele></trkpt>
      <trkpt lat="44.299682" lon="9.644501"><ele>227</ele></trkpt>
      <trkpt lat="44.299906" lon="9.643868"><ele>227</ele></trkpt>
      <trkpt lat="44.299952" lon="9.643690"><ele>227</ele></trkpt>
      <trkpt lat="44.299973" lon="9.643531"><ele>228</ele></trkpt>
      <trkpt lat="44.299981" lon="9.643301"><ele>228</ele></trkpt>
      <trkpt lat="44.299941" lon="9.642160"><ele>232</ele></trkpt>
      <trkpt lat="44.299946" lon="9.641963"><ele>233</ele></trkpt>
      <trkpt lat="44.299977" lon="9.641709"><ele>234</ele></trkpt>
      <trkpt lat="44.300029" lon="9.641531"><ele>235</ele></trkpt>
      <trkpt lat="44.300211" lon="9.641134"><ele>235</ele></trkpt>
      <trkpt lat="44.300394" lon="9.640938"><ele>235</ele></trkpt>
      <trkpt lat="44.300643" lon="9.640772"><ele>235</ele></trkpt>
      <trkpt lat="44.301762" lon="9.640286"><ele>237</ele></trkpt>
      <trkpt lat="44.303154" lon="9.639607"><ele>235</ele></trkpt>
      <trkpt lat="44.303418" lon="9.639418"><ele>236</ele></trkpt>
      <trkpt lat="44.303553" lon="9.639269"><ele>237</ele></trkpt>
      <trkpt lat="44.303687" lon="9.639086"><ele>236</ele></trkpt>
      <trkpt lat="44.304030" lon="9.638714"><ele>236</ele></trkpt>
      <trkpt lat="44.304216" lon="9.638577"><ele>237</ele></trkpt>
      <trkpt lat="44.304610" lon="9.638455"><ele>239</ele></trkpt>
      <trkpt lat="44.305145" lon="9.638314"><ele>234</ele></trkpt>
      <trkpt lat="44.305539" lon="9.638263"><ele>235</ele></trkpt>
      <trkpt lat="44.306458" lon="9.638225"><ele>235</ele></trkpt>
      <trkpt lat="44.307061" lon="9.638061"><ele>236</ele></trkpt>
      <trkpt lat="44.308280" lon="9.637328"><ele>240</ele></trkpt>
      <trkpt lat="44.309034" lon="9.636837"><ele>244</ele></trkpt>
      <trkpt lat="44.309252" lon="9.636659"><ele>244</ele></trkpt>
      <trkpt lat="44.309485" lon="9.636423"><ele>245</ele></trkpt>
      <trkpt lat="44.309723" lon="9.636114"><ele>245</ele></trkpt>
      <trkpt lat="44.310162" lon="9.635374"><ele>250</ele></trkpt>
      <trkpt lat="44.310430" lon="9.634846"><ele>248</ele></trkpt>
      <trkpt lat="44.310559" lon="9.634555"><ele>248</ele></trkpt>
      <trkpt lat="44.310682" lon="9.634230"><ele>248</ele></trkpt>
      <trkpt lat="44.310814" lon="9.633796"><ele>247</ele></trkpt>
      <trkpt lat="44.310892" lon="9.633626"><ele>248</ele></trkpt>
      <trkpt lat="44.311007" lon="9.633442"><ele>249</ele></trkpt>
      <trkpt lat="44.311252" lon="9.633135"><ele>249</ele></trkpt>
      <trkpt lat="44.311531" lon="9.632852"><ele>250</ele></trkpt>
      <trkpt lat="44.311675" lon="9.632636"><ele>251</ele></trkpt>
      <trkpt lat="44.311825" lon="9.632357"><ele>252</ele></trkpt>
      <trkpt lat="44.312180" lon="9.631578"><ele>252</ele></trkpt>
      <trkpt lat="44.312245" lon="9.631467"><ele>252</ele></trkpt>
      <trkpt lat="44.312390" lon="9.631295"><ele>252</ele></trkpt>
      <trkpt lat="44.312620" lon="9.631086"><ele>252</ele></trkpt>
      <trkpt lat="44.312866" lon="9.630824"><ele>252</ele></trkpt>
      <trkpt lat="44.313118" lon="9.630507"><ele>253</ele></trkpt>
      <trkpt lat="44.313345" lon="9.630153"><ele>256</ele></trkpt>
      <trkpt lat="44.313883" lon="9.629135"><ele>259</ele></trkpt>
      <trkpt lat="44.313952" lon="9.628939"><ele>259</ele></trkpt>
      <trkpt lat="44.314339" lon="9.627387"><ele>261</ele></trkpt>
      <trkpt lat="44.314488" lon="9.627020"><ele>263</ele></trkpt>
      <trkpt lat="44.314613" lon="9.626774"><ele>264</ele></trkpt>
      <trkpt lat="44.314738" lon="9.626578"><ele>264</ele></trkpt>
      <trkpt lat="44.315229" lon="9.625979"><ele>266</ele></trkpt>
      <trkpt lat="44.315673" lon="9.625392"><ele>267</ele></trkpt>
      <trkpt lat="44.315956" lon="9.624701"><ele>270</ele></trkpt>
      <trkpt lat="44.316159" lon="9.623962"><ele>271</ele></trkpt>
      <trkpt lat="44.316335" lon="9.623298"><ele>266</ele></trkpt>
      <trkpt lat="44.316668" lon="9.622504"><ele>266</ele></trkpt>
      <trkpt lat="44.317021" lon="9.621724"><ele>263</ele></trkpt>
      <trkpt lat="44.317131" lon="9.621512"><ele>261</ele></trkpt>
      <trkpt lat="44.317252" lon="9.621354"><ele>260</ele></trkpt>
      <trkpt lat="44.317427" lon="9.621195"><ele>259</ele></trkpt>
      <trkpt lat="44.318215" lon="9.620616"><ele>255</ele></trkpt>
      <trkpt lat="44.318463" lon="9.620408"><ele>258</ele></trkpt>
      <trkpt lat="44.318735" lon="9.620130"><ele>259</ele></trkpt>
      <trkpt lat="44.318976" lon="9.619925"><ele>259</ele></trkpt>
      <trkpt lat="44.319899" lon="9.619286"><ele>260</ele></trkpt>
      <trkpt lat="44.320058" lon="9.619195"><ele>261</ele></trkpt>
      <trkpt lat="44.320505" lon="9.619066"><ele>260</ele></trkpt>
      <trkpt lat="44.320743" lon="9.618916"><ele>259</ele></trkpt>
      <trkpt lat="44.321363" lon="9.618241"><ele>257</ele></trkpt>
      <trkpt lat="44.321534" lon="9.618102"><ele>258</ele></trkpt>
      <trkpt lat="44.321680" lon="9.618002"><ele>259</ele></trkpt>
      <trkpt lat="44.322058" lon="9.617822"><ele>260</ele></trkpt>
      <trkpt lat="44.322222" lon="9.617718"><ele>260</ele></trkpt>
      <trkpt lat="44.322666" lon="9.617303"><ele>261</ele></trkpt>
      <trkpt lat="44.323185" lon="9.617047"><ele>262</ele></trkpt>
      <trkpt lat="44.323331" lon="9.616937"><ele>262</ele></trkpt>
      <trkpt lat="44.323528" lon="9.616718"><ele>262</ele></trkpt>
      <trkpt lat="44.323692" lon="9.616495"><ele>262</ele></trkpt>
      <trkpt lat="44.323757" lon="9.616327"><ele>262</ele></trkpt>
      <trkpt lat="44.323776" lon="9.616179"><ele>260</ele></trkpt>
      <trkpt lat="44.323752" lon="9.616016"><ele>260</ele></trkpt>
      <trkpt lat="44.323030" lon="9.614196"><ele>293</ele></trkpt>
      <trkpt lat="44.323001" lon="9.614013"><ele>315</ele></trkpt>
      <trkpt lat="44.323009" lon="9.613856"><ele>315</ele></trkpt>
      <trkpt lat="44.323035" lon="9.613715"><ele>316</ele></trkpt>
      <trkpt lat="44.323108" lon="9.613492"><ele>316</ele></trkpt>
      <trkpt lat="44.323344" lon="9.613087"><ele>315</ele></trkpt>
      <trkpt lat="44.323761" lon="9.612500"><ele>319</ele></trkpt>
      <trkpt lat="44.324200" lon="9.612042"><ele>311</ele></trkpt>
      <trkpt lat="44.325787" lon="9.610694"><ele>315</ele></trkpt>
      <trkpt lat="44.326123" lon="9.610297"><ele>314</ele></trkpt>
      <trkpt lat="44.326432" lon="9.609803"><ele>320</ele></trkpt>
      <trkpt lat="44.326652" lon="9.609318"><ele>322</ele></trkpt>
      <trkpt lat="44.326891" lon="9.608664"><ele>325</ele></trkpt>
      <trkpt lat="44.326997" lon="9.608253"><ele>328</ele></trkpt>
      <trkpt lat="44.327198" lon="9.607024"><ele>337</ele></trkpt>
      <trkpt lat="44.327267" lon="9.606705"><ele>341</ele></trkpt>
      <trkpt lat="44.327377" lon="9.606399"><ele>346</ele></trkpt>
      <trkpt lat="44.327593" lon="9.606021"><ele>345</ele></trkpt>
      <trkpt lat="44.328161" lon="9.605188"><ele>343</ele></trkpt>
      <trkpt lat="44.328278" lon="9.604923"><ele>342</ele></trkpt>
      <trkpt lat="44.328357" lon="9.604592"><ele>340</ele></trkpt>
      <trkpt lat="44.328399" lon="9.604236"><ele>339</ele></trkpt>
      <trkpt lat="44.328503" lon="9.601340"><ele>310</ele></trkpt>
      <trkpt lat="44.328562" lon="9.600974"><ele>310</ele></trkpt>
      <trkpt lat="44.328657" lon="9.600626"><ele>311</ele></trkpt>
      <trkpt lat="44.328912" lon="9.599998"><ele>311</ele></trkpt>
      <trkpt lat="44.329184" lon="9.599487"><ele>297</ele></trkpt>
      <trkpt lat="44.329639" lon="9.598636"><ele>295</ele></trkpt>
      <trkpt lat="44.329953" lon="9.597922"><ele>293</ele></trkpt>
      <trkpt lat="44.330130" lon="9.597392"><ele>293</ele></trkpt>
      <trkpt lat="44.330242" lon="9.596914"><ele>292</ele></trkpt>
      <trkpt lat="44.330302" lon="9.596264"><ele>293</ele></trkpt>
      <trkpt lat="44.330306" lon="9.596045"><ele>298</ele></trkpt>
      <trkpt lat="44.330321" lon="9.595253"><ele>302</ele></trkpt>
      <trkpt lat="44.330369" lon="9.594361"><ele>301</ele></trkpt>
      <trkpt lat="44.330412" lon="9.594059"><ele>302</ele></trkpt>
      <trkpt lat="44.330463" lon="9.593925"><ele>303</ele></trkpt>
      <trkpt lat="44.330553" lon="9.593809"><ele>304</ele></trkpt>
      <trkpt lat="44.331063" lon="9.593350"><ele>295</ele></trkpt>
      <trkpt lat="44.331296" lon="9.593153"><ele>304</ele></trkpt>
      <trkpt lat="44.331430" lon="9.592994"><ele>305</ele></trkpt>
      <trkpt lat="44.331611" lon="9.592705"><ele>307</ele></trkpt>
      <trkpt lat="44.332164" lon="9.591063"><ele>317</ele></trkpt>
      <trkpt lat="44.332296" lon="9.590733"><ele>319</ele></trkpt>
      <trkpt lat="44.332346" lon="9.590641"><ele>320</ele></trkpt>
      <trkpt lat="44.332515" lon="9.590508"><ele>318</ele></trkpt>
      <trkpt lat="44.332883" lon="9.590395"><ele>316</ele></trkpt>
      <trkpt lat="44.333060" lon="9.590298"><ele>315</ele></trkpt>
      <trkpt lat="44.333242" lon="9.590158"><ele>314</ele></trkpt>
      <trkpt lat="44.333676" lon="9.589707"><ele>307</ele></trkpt>
      <trkpt lat="44.333777" lon="9.589645"><ele>310</ele></trkpt>
      <trkpt lat="44.333815" lon="9.589686"><ele>305</ele></trkpt>
      <trkpt lat="44.333853" lon="9.589688"><ele>304</ele></trkpt>
      <trkpt lat="44.334463" lon="9.589592"><ele>294</ele></trkpt>
      <trkpt lat="44.334670" lon="9.589562"><ele>294</ele></trkpt>
      <trkpt lat="44.334793" lon="9.589545"><ele>294</ele></trkpt>
      <trkpt lat="44.335388" lon="9.589471"><ele>286</ele></trkpt>
      <trkpt lat="44.335632" lon="9.589381"><ele>286</ele></trkpt>
      <trkpt lat="44.335757" lon="9.589375"><ele>286</ele></trkpt>
      <trkpt lat="44.336105" lon="9.589459"><ele>285</ele></trkpt>
      <trkpt lat="44.336155" lon="9.589467"><ele>285</ele></trkpt>
      <trkpt lat="44.336951" lon="9.589666"><ele>293</ele></trkpt>
      <trkpt lat="44.338633" lon="9.590325"><ele>301</ele></trkpt>
      <trkpt lat="44.338986" lon="9.590415"><ele>304</ele></trkpt>
      <trkpt lat="44.339502" lon="9.590422"><ele>305</ele></trkpt>
      <trkpt lat="44.341973" lon="9.590240"><ele>315</ele></trkpt>
      <trkpt lat="44.342535" lon="9.590318"><ele>314</ele></trkpt>
      <trkpt lat="44.342659" lon="9.590316"><ele>314</ele></trkpt>
      <trkpt lat="44.342802" lon="9.590287"><ele>314</ele></trkpt>
      <trkpt lat="44.343111" lon="9.590132"><ele>314</ele></trkpt>
      <trkpt lat="44.343236" lon="9.590101"><ele>313</ele></trkpt>
      <trkpt lat="44.343731" lon="9.590097"><ele>313</ele></trkpt>
      <trkpt lat="44.343856" lon="9.590116"><ele>313</ele></trkpt>
      <trkpt lat="44.344005" lon="9.590194"><ele>312</ele></trkpt>
      <trkpt lat="44.344048" lon="9.590279"><ele>312</ele></trkpt>
      <trkpt lat="44.344209" lon="9.590716"><ele>309</ele></trkpt>
      <trkpt lat="44.344447" lon="9.591450"><ele>297</ele></trkpt>
      <trkpt lat="44.344578" lon="9.591786"><ele>304</ele></trkpt>
      <trkpt lat="44.344738" lon="9.592121"><ele>305</ele></trkpt>
      <trkpt lat="44.345120" lon="9.592833"><ele>306</ele></trkpt>
      <trkpt lat="44.345219" lon="9.592944"><ele>305</ele></trkpt>
      <trkpt lat="44.345301" lon="9.592997"><ele>306</ele></trkpt>
      <trkpt lat="44.345455" lon="9.593045"><ele>309</ele></trkpt>
      <trkpt lat="44.345656" lon="9.593064"><ele>317</ele></trkpt>
      <trkpt lat="44.345851" lon="9.593038"><ele>320</ele></trkpt>
      <trkpt lat="44.346050" lon="9.592934"><ele>320</ele></trkpt>
      <trkpt lat="44.346771" lon="9.592423"><ele>325</ele></trkpt>
      <trkpt lat="44.346981" lon="9.592287"><ele>325</ele></trkpt>
      <trkpt lat="44.347052" lon="9.592264"><ele>326</ele></trkpt>
      <trkpt lat="44.347177" lon="9.592243"><ele>327</ele></trkpt>
      <trkpt lat="44.347259" lon="9.592252"><ele>327</ele></trkpt>
      <trkpt lat="44.347787" lon="9.592357"><ele>328</ele></trkpt>
      <trkpt lat="44.347968" lon="9.592423"><ele>331</ele></trkpt>
      <trkpt lat="44.348079" lon="9.592469"><ele>331</ele></trkpt>
      <trkpt lat="44.348280" lon="9.592623"><ele>319</ele></trkpt>
      <trkpt lat="44.348467" lon="9.592797"><ele>320</ele></trkpt>
      <trkpt lat="44.348748" lon="9.593192"><ele>320</ele></trkpt>
      <trkpt lat="44.348987" lon="9.593698"><ele>319</ele></trkpt>
      <trkpt lat="44.349292" lon="9.594501"><ele>321</ele></trkpt>
      <trkpt lat="44.349433" lon="9.594719"><ele>322</ele></trkpt>
      <trkpt lat="44.349574" lon="9.594831"><ele>323</ele></trkpt>
      <trkpt lat="44.350163" lon="9.594955"><ele>324</ele></trkpt>
      <trkpt lat="44.350518" lon="9.595110"><ele>320</ele></trkpt>
      <trkpt lat="44.350915" lon="9.595431"><ele>325</ele></trkpt>
      <trkpt lat="44.351212" lon="9.595784"><ele>324</ele></trkpt>
      <trkpt lat="44.351353" lon="9.595857"><ele>324</ele></trkpt>
      <trkpt lat="44.351518" lon="9.595904"><ele>325</ele></trkpt>
      <trkpt lat="44.351684" lon="9.595916"><ele>326</ele></trkpt>
      <trkpt lat="44.351847" lon="9.595871"><ele>328</ele></trkpt>
      <trkpt lat="44.351958" lon="9.595764"><ele>329</ele></trkpt>
      <trkpt lat="44.352057" lon="9.595633"><ele>328</ele></trkpt>
      <trkpt lat="44.352134" lon="9.595484"><ele>336</ele></trkpt>
      <trkpt lat="44.352246" lon="9.595005"><ele>336</ele></trkpt>
      <trkpt lat="44.352622" lon="9.595044"><ele>320</ele></trkpt>
      <trkpt lat="44.353109" lon="9.595090"><ele>320</ele></trkpt>
      <trkpt lat="44.353266" lon="9.595073"><ele>320</ele></trkpt>
      <trkpt lat="44.353338" lon="9.595056"><ele>331</ele></trkpt>
      <trkpt lat="44.353695" lon="9.594865"><ele>336</ele></trkpt>
      <trkpt lat="44.354215" lon="9.594637"><ele>337</ele></trkpt>
      <trkpt lat="44.354572" lon="9.594508"><ele>340</ele></trkpt>
      <trkpt lat="44.354790" lon="9.594324"><ele>341</ele></trkpt>
      <trkpt lat="44.354877" lon="9.594280"><ele>342</ele></trkpt>
      <trkpt lat="44.354946" lon="9.594268"><ele>342</ele></trkpt>
      <trkpt lat="44.355107" lon="9.594284"><ele>342</ele></trkpt>
      <trkpt lat="44.355236" lon="9.594253"><ele>343</ele></trkpt>
      <trkpt lat="44.355422" lon="9.594100"><ele>344</ele></trkpt>
      <trkpt lat="44.355578" lon="9.593939"><ele>344</ele></trkpt>
      <trkpt lat="44.355708" lon="9.593864"><ele>343</ele></trkpt>
      <trkpt lat="44.355859" lon="9.593808"><ele>343</ele></trkpt>
      <trkpt lat="44.356156" lon="9.593794"><ele>347</ele></trkpt>
      <trkpt lat="44.356496" lon="9.593774"><ele>348</ele></trkpt>
      <trkpt lat="44.356899" lon="9.593720"><ele>349</ele></trkpt>
      <trkpt lat="44.357275" lon="9.593659"><ele>349</ele></trkpt>
      <trkpt lat="44.357458" lon="9.593654"><ele>349</ele></trkpt>
      <trkpt lat="44.357859" lon="9.593642"><ele>344</ele></trkpt>
      <trkpt lat="44.358144" lon="9.593663"><ele>341</ele></trkpt>
      <trkpt lat="44.358600" lon="9.593699"><ele>341</ele></trkpt>
      <trkpt lat="44.358936" lon="9.593739"><ele>341</ele></trkpt>
      <trkpt lat="44.359456" lon="9.593716"><ele>344</ele></trkpt>
      <trkpt lat="44.361002" lon="9.593503"><ele>340</ele></trkpt>
      <trkpt lat="44.361306" lon="9.593492"><ele>340</ele></trkpt>
      <trkpt lat="44.361557" lon="9.593541"><ele>340</ele></trkpt>
      <trkpt lat="44.361802" lon="9.593604"><ele>358</ele></trkpt>
      <trkpt lat="44.362391" lon="9.593829"><ele>358</ele></trkpt>
      <trkpt lat="44.363436" lon="9.594570"><ele>363</ele></trkpt>
      <trkpt lat="44.363683" lon="9.594729"><ele>363</ele></trkpt>
      <trkpt lat="44.363953" lon="9.594774"><ele>363</ele></trkpt>
      <trkpt lat="44.364125" lon="9.594844"><ele>363</ele></trkpt>
      <trkpt lat="44.364197" lon="9.594893"><ele>364</ele></trkpt>
      <trkpt lat="44.364499" lon="9.595187"><ele>356</ele></trkpt>
      <trkpt lat="44.364689" lon="9.595381"><ele>356</ele></trkpt>
      <trkpt lat="44.364806" lon="9.595474"><ele>356</ele></trkpt>
      <trkpt lat="44.364924" lon="9.595506"><ele>356</ele></trkpt>
      <trkpt lat="44.365025" lon="9.595475"><ele>366</ele></trkpt>
      <trkpt lat="44.365060" lon="9.595446"><ele>365</ele></trkpt>
      <trkpt lat="44.365149" lon="9.595311"><ele>370</ele></trkpt>
      <trkpt lat="44.365289" lon="9.594993"><ele>378</ele></trkpt>
      <trkpt lat="44.365468" lon="9.594693"><ele>374</ele></trkpt>
      <trkpt lat="44.365591" lon="9.594566"><ele>372</ele></trkpt>
      <trkpt lat="44.365748" lon="9.594494"><ele>370</ele></trkpt>
      <trkpt lat="44.366071" lon="9.594425"><ele>368</ele></trkpt>
      <trkpt lat="44.366418" lon="9.594284"><ele>368</ele></trkpt>
      <trkpt lat="44.366561" lon="9.594306"><ele>368</ele></trkpt>
      <trkpt lat="44.366676" lon="9.594364"><ele>368</ele></trkpt>
      <trkpt lat="44.366790" lon="9.594464"><ele>369</ele></trkpt>
      <trkpt lat="44.366898" lon="9.594526"><ele>369</ele></trkpt>
      <trkpt lat="44.366995" lon="9.594552"><ele>369</ele></trkpt>
      <trkpt lat="44.367198" lon="9.594568"><ele>370</ele></trkpt>
      <trkpt lat="44.367578" lon="9.594497"><ele>369</ele></trkpt>
      <trkpt lat="44.367834" lon="9.594532"><ele>365</ele></trkpt>
      <trkpt lat="44.367943" lon="9.594582"><ele>363</ele></trkpt>
      <trkpt lat="44.368070" lon="9.594673"><ele>362</ele></trkpt>
      <trkpt lat="44.368704" lon="9.595153"><ele>359</ele></trkpt>
      <trkpt lat="44.369000" lon="9.595411"><ele>359</ele></trkpt>
      <trkpt lat="44.369060" lon="9.595427"><ele>360</ele></trkpt>
      <trkpt lat="44.369142" lon="9.595411"><ele>360</ele></trkpt>
      <trkpt lat="44.369455" lon="9.595223"><ele>360</ele></trkpt>
      <trkpt lat="44.369748" lon="9.595072"><ele>362</ele></trkpt>
      <trkpt lat="44.369800" lon="9.595050"><ele>362</ele></trkpt>
      <trkpt lat="44.370022" lon="9.594956"><ele>361</ele></trkpt>
      <trkpt lat="44.370426" lon="9.594695"><ele>361</ele></trkpt>
      <trkpt lat="44.370515" lon="9.594674"><ele>361</ele></trkpt>
      <trkpt lat="44.370584" lon="9.594682"><ele>361</ele></trkpt>
      <trkpt lat="44.370709" lon="9.594816"><ele>361</ele></trkpt>
      <trkpt lat="44.370960" lon="9.595612"><ele>341</ele></trkpt>
      <trkpt lat="44.371000" lon="9.595706"><ele>341</ele></trkpt>
      <trkpt lat="44.371047" lon="9.595760"><ele>341</ele></trkpt>
      <trkpt lat="44.371094" lon="9.595803"><ele>341</ele></trkpt>
      <trkpt lat="44.371166" lon="9.595831"><ele>341</ele></trkpt>
      <trkpt lat="44.371484" lon="9.595804"><ele>341</ele></trkpt>
      <trkpt lat="44.372341" lon="9.595701"><ele>342</ele></trkpt>
      <trkpt lat="44.372668" lon="9.595622"><ele>344</ele></trkpt>
      <trkpt lat="44.372972" lon="9.595471"><ele>344</ele></trkpt>
      <trkpt lat="44.373229" lon="9.595292"><ele>346</ele></trkpt>
      <trkpt lat="44.373500" lon="9.595038"><ele>347</ele></trkpt>
      <trkpt lat="44.374155" lon="9.594051"><ele>359</ele></trkpt>
      <trkpt lat="44.374317" lon="9.593835"><ele>347</ele></trkpt>
      <trkpt lat="44.374608" lon="9.593477"><ele>347</ele></trkpt>
      <trkpt lat="44.374707" lon="9.593388"><ele>347</ele></trkpt>
      <trkpt lat="44.374779" lon="9.593480"><ele>347</ele></trkpt>
      <trkpt lat="44.374920" lon="9.593579"><ele>347</ele></trkpt>
      <trkpt lat="44.375117" lon="9.593692"><ele>351</ele></trkpt>
      <trkpt lat="44.375312" lon="9.593803"><ele>351</ele></trkpt>
      <trkpt lat="44.375353" lon="9.593827"><ele>351</ele></trkpt>
      <trkpt lat="44.375598" lon="9.594026"><ele>351</ele></trkpt>
      <trkpt lat="44.375888" lon="9.594322"><ele>357</ele></trkpt>
      <trkpt lat="44.376078" lon="9.594628"><ele>359</ele></trkpt>
      <trkpt lat="44.376190" lon="9.594762"><ele>359</ele></trkpt>
      <trkpt lat="44.376323" lon="9.594843"><ele>359</ele></trkpt>
      <trkpt lat="44.377072" lon="9.595132"><ele>363</ele></trkpt>
      <trkpt lat="44.377100" lon="9.594963"><ele>361</ele></trkpt>
      <trkpt lat="44.377131" lon="9.594774"><ele>360</ele></trkpt>
      <trkpt lat="44.377161" lon="9.594252"><ele>360</ele></trkpt>
      <trkpt lat="44.377119" lon="9.594082"><ele>358</ele></trkpt>
      <trkpt lat="44.377104" lon="9.594025"><ele>358</ele></trkpt>
      <trkpt lat="44.377052" lon="9.593827"><ele>358</ele></trkpt>
      <trkpt lat="44.377089" lon="9.593789"><ele>358</ele></trkpt>
      <trkpt lat="44.377094" lon="9.593684"><ele>358</ele></trkpt>
      <trkpt lat="44.377178" lon="9.593641"><ele>358</ele></trkpt>
      <trkpt lat="44.377229" lon="9.593681"><ele>358</ele></trkpt>
      <trkpt lat="44.377420" lon="9.594028"><ele>358</ele></trkpt>
      <trkpt lat="44.377592" lon="9.594235"><ele>361</ele></trkpt>
      <trkpt lat="44.377947" lon="9.594525"><ele>361</ele></trkpt>
      <trkpt lat="44.378196" lon="9.594889"><ele>361</ele></trkpt>
      <trkpt lat="44.378457" lon="9.595089"><ele>360</ele></trkpt>
      <trkpt lat="44.378399" lon="9.595251"><ele>360</ele></trkpt>
      <trkpt lat="44.378338" lon="9.595633"><ele>360</ele></trkpt>
      <trkpt lat="44.378947" lon="9.595889"><ele>363</ele></trkpt>
      <trkpt lat="44.379151" lon="9.596041"><ele>364</ele></trkpt>
      <trkpt lat="44.379346" lon="9.596185"><ele>365</ele></trkpt>
      <trkpt lat="44.379673" lon="9.596394"><ele>365</ele></trkpt>
      <trkpt lat="44.379864" lon="9.596458"><ele>365</ele></trkpt>
      <trkpt lat="44.380154" lon="9.596451"><ele>366</ele></trkpt>
      <trkpt lat="44.380679" lon="9.596287"><ele>366</ele></trkpt>
      <trkpt lat="44.381301" lon="9.596329"><ele>371</ele></trkpt>
      <trkpt lat="44.381630" lon="9.596357"><ele>371</ele></trkpt>
      <trkpt lat="44.381851" lon="9.596420"><ele>382</ele></trkpt>
      <trkpt lat="44.382312" lon="9.596673"><ele>386</ele></trkpt>
      <trkpt lat="44.382474" lon="9.596793"><ele>387</ele></trkpt>
      <trkpt lat="44.382618" lon="9.596936"><ele>387</ele></trkpt>
      <trkpt lat="44.383058" lon="9.597529"><ele>391</ele></trkpt>
      <trkpt lat="44.383426" lon="9.597839"><ele>391</ele></trkpt>
      <trkpt lat="44.383821" lon="9.598055"><ele>397</ele></trkpt>
      <trkpt lat="44.384160" lon="9.598333"><ele>401</ele></trkpt>
      <trkpt lat="44.384693" lon="9.599012"><ele>406</ele></trkpt>
      <trkpt lat="44.384819" lon="9.599225"><ele>427</ele></trkpt>
      <trkpt lat="44.385037" lon="9.599622"><ele>409</ele></trkpt>
      <trkpt lat="44.385116" lon="9.599687"><ele>409</ele></trkpt>
      <trkpt lat="44.385179" lon="9.599694"><ele>409</ele></trkpt>
      <trkpt lat="44.385671" lon="9.599545"><ele>420</ele></trkpt>
      <trkpt lat="44.385823" lon="9.599538"><ele>425</ele></trkpt>
      <trkpt lat="44.385954" lon="9.599557"><ele>427</ele></trkpt>
      <trkpt lat="44.386103" lon="9.599617"><ele>428</ele></trkpt>
      <trkpt lat="44.386197" lon="9.599703"><ele>430</ele></trkpt>
      <trkpt lat="44.386300" lon="9.599879"><ele>432</ele></trkpt>
      <trkpt lat="44.386418" lon="9.600522"><ele>438</ele></trkpt>
      <trkpt lat="44.386451" lon="9.600816"><ele>438</ele></trkpt>
      <trkpt lat="44.386487" lon="9.600902"><ele>439</ele></trkpt>
      <trkpt lat="44.386518" lon="9.600950"><ele>438</ele></trkpt>
      <trkpt lat="44.386624" lon="9.601041"><ele>436</ele></trkpt>
      <trkpt lat="44.386835" lon="9.601059"><ele>436</ele></trkpt>
      <trkpt lat="44.386932" lon="9.601127"><ele>436</ele></trkpt>
      <trkpt lat="44.386980" lon="9.601191"><ele>436</ele></trkpt>
      <trkpt lat="44.387016" lon="9.601319"><ele>436</ele></trkpt>
      <trkpt lat="44.387005" lon="9.601381"><ele>436</ele></trkpt>
      <trkpt lat="44.386964" lon="9.601434"><ele>436</ele></trkpt>
      <trkpt lat="44.386904" lon="9.601455"><ele>446</ele></trkpt>
      <trkpt lat="44.386848" lon="9.601432"><ele>447</ele></trkpt>
      <trkpt lat="44.386490" lon="9.601206"><ele>446</ele></trkpt>
      <trkpt lat="44.386407" lon="9.601127"><ele>444</ele></trkpt>
      <trkpt lat="44.386271" lon="9.600863"><ele>442</ele></trkpt>
      <trkpt lat="44.386186" lon="9.600590"><ele>441</ele></trkpt>
      <trkpt lat="44.386094" lon="9.600372"><ele>441</ele></trkpt>
      <trkpt lat="44.386003" lon="9.600258"><ele>442</ele></trkpt>
      <trkpt lat="44.385863" lon="9.600167"><ele>442</ele></trkpt>
      <trkpt lat="44.385335" lon="9.600221"><ele>443</ele></trkpt>
      <trkpt lat="44.385181" lon="9.600258"><ele>444</ele></trkpt>
      <trkpt lat="44.384872" lon="9.600414"><ele>444</ele></trkpt>
      <trkpt lat="44.384781" lon="9.600487"><ele>445</ele></trkpt>
      <trkpt lat="44.384534" lon="9.600783"><ele>446</ele></trkpt>
      <trkpt lat="44.384404" lon="9.600830"><ele>446</ele></trkpt>
      <trkpt lat="44.384296" lon="9.600810"><ele>446</ele></trkpt>
      <trkpt lat="44.384226" lon="9.600770"><ele>447</ele></trkpt>
      <trkpt lat="44.383881" lon="9.600479"><ele>449</ele></trkpt>
      <trkpt lat="44.383137" lon="9.599618"><ele>463</ele></trkpt>
      <trkpt lat="44.383001" lon="9.599512"><ele>464</ele></trkpt>
      <trkpt lat="44.382884" lon="9.599475"><ele>464</ele></trkpt>
      <trkpt lat="44.382740" lon="9.599443"><ele>465</ele></trkpt>
      <trkpt lat="44.381967" lon="9.599355"><ele>466</ele></trkpt>
      <trkpt lat="44.381874" lon="9.599394"><ele>466</ele></trkpt>
      <trkpt lat="44.381841" lon="9.599431"><ele>467</ele></trkpt>
      <trkpt lat="44.381810" lon="9.599514"><ele>467</ele></trkpt>
      <trkpt lat="44.381808" lon="9.599618"><ele>467</ele></trkpt>
      <trkpt lat="44.381837" lon="9.599703"><ele>468</ele></trkpt>
      <trkpt lat="44.381890" lon="9.599770"><ele>468</ele></trkpt>
      <trkpt lat="44.382247" lon="9.600024"><ele>468</ele></trkpt>
      <trkpt lat="44.382338" lon="9.600058"><ele>468</ele></trkpt>
      <trkpt lat="44.382537" lon="9.600025"><ele>467</ele></trkpt>
      <trkpt lat="44.382634" lon="9.600050"><ele>467</ele></trkpt>
      <trkpt lat="44.382688" lon="9.600126"><ele>467</ele></trkpt>
      <trkpt lat="44.382725" lon="9.600228"><ele>467</ele></trkpt>
      <trkpt lat="44.382732" lon="9.600350"><ele>467</ele></trkpt>
      <trkpt lat="44.382693" lon="9.600460"><ele>467</ele></trkpt>
      <trkpt lat="44.382634" lon="9.600510"><ele>467</ele></trkpt>
      <trkpt lat="44.382559" lon="9.600539"><ele>467</ele></trkpt>
      <trkpt lat="44.382457" lon="9.600500"><ele>467</ele></trkpt>
      <trkpt lat="44.382183" lon="9.600294"><ele>467</ele></trkpt>
      <trkpt lat="44.381964" lon="9.600196"><ele>467</ele></trkpt>
      <trkpt lat="44.381301" lon="9.600031"><ele>459</ele></trkpt>
      <trkpt lat="44.381155" lon="9.600102"><ele>463</ele></trkpt>
      <trkpt lat="44.381102" lon="9.600216"><ele>464</ele></trkpt>
      <trkpt lat="44.381086" lon="9.600343"><ele>465</ele></trkpt>
      <trkpt lat="44.381109" lon="9.600485"><ele>466</ele></trkpt>
      <trkpt lat="44.381292" lon="9.601039"><ele>472</ele></trkpt>
      <trkpt lat="44.381321" lon="9.601231"><ele>473</ele></trkpt>
      <trkpt lat="44.381374" lon="9.601860"><ele>482</ele></trkpt>
      <trkpt lat="44.381374" lon="9.602227"><ele>501</ele></trkpt>
      <trkpt lat="44.381345" lon="9.602414"><ele>504</ele></trkpt>
      <trkpt lat="44.381291" lon="9.602608"><ele>505</ele></trkpt>
      <trkpt lat="44.381210" lon="9.602805"><ele>508</ele></trkpt>
      <trkpt lat="44.381072" lon="9.603086"><ele>511</ele></trkpt>
      <trkpt lat="44.380839" lon="9.603360"><ele>515</ele></trkpt>
      <trkpt lat="44.380731" lon="9.603452"><ele>514</ele></trkpt>
      <trkpt lat="44.380565" lon="9.603514"><ele>515</ele></trkpt>
      <trkpt lat="44.380441" lon="9.603484"><ele>515</ele></trkpt>
      <trkpt lat="44.380381" lon="9.603422"><ele>514</ele></trkpt>
      <trkpt lat="44.380341" lon="9.603351"><ele>513</ele></trkpt>
      <trkpt lat="44.380161" lon="9.602766"><ele>512</ele></trkpt>
      <trkpt lat="44.380097" lon="9.602700"><ele>513</ele></trkpt>
      <trkpt lat="44.379842" lon="9.602564"><ele>513</ele></trkpt>
      <trkpt lat="44.379510" lon="9.602141"><ele>512</ele></trkpt>
      <trkpt lat="44.379425" lon="9.602050"><ele>512</ele></trkpt>
      <trkpt lat="44.379351" lon="9.602006"><ele>512</ele></trkpt>
      <trkpt lat="44.379238" lon="9.601982"><ele>513</ele></trkpt>
      <trkpt lat="44.379134" lon="9.601990"><ele>513</ele></trkpt>
      <trkpt lat="44.378818" lon="9.602116"><ele>513</ele></trkpt>
      <trkpt lat="44.378562" lon="9.602150"><ele>514</ele></trkpt>
      <trkpt lat="44.378472" lon="9.602173"><ele>514</ele></trkpt>
      <trkpt lat="44.378411" lon="9.602219"><ele>514</ele></trkpt>
      <trkpt lat="44.378255" lon="9.602492"><ele>507</ele></trkpt>
      <trkpt lat="44.378201" lon="9.602642"><ele>507</ele></trkpt>
      <trkpt lat="44.378184" lon="9.602730"><ele>508</ele></trkpt>
      <trkpt lat="44.378180" lon="9.603180"><ele>511</ele></trkpt>
      <trkpt lat="44.378151" lon="9.603279"><ele>513</ele></trkpt>
      <trkpt lat="44.378064" lon="9.603329"><ele>514</ele></trkpt>
      <trkpt lat="44.377857" lon="9.603319"><ele>517</ele></trkpt>
      <trkpt lat="44.377767" lon="9.603335"><ele>518</ele></trkpt>
      <trkpt lat="44.377571" lon="9.603608"><ele>525</ele></trkpt>
      <trkpt lat="44.377453" lon="9.603851"><ele>526</ele></trkpt>
      <trkpt lat="44.377434" lon="9.604008"><ele>527</ele></trkpt>
      <trkpt lat="44.377485" lon="9.604355"><ele>528</ele></trkpt>
      <trkpt lat="44.377475" lon="9.604415"><ele>528</ele></trkpt>
      <trkpt lat="44.377347" lon="9.604622"><ele>530</ele></trkpt>
      <trkpt lat="44.377326" lon="9.604727"><ele>530</ele></trkpt>
      <trkpt lat="44.377373" lon="9.605006"><ele>533</ele></trkpt>
      <trkpt lat="44.377356" lon="9.605142"><ele>534</ele></trkpt>
      <trkpt lat="44.377331" lon="9.605192"><ele>535</ele></trkpt>
      <trkpt lat="44.377243" lon="9.605279"><ele>534</ele></trkpt>
      <trkpt lat="44.377175" lon="9.605301"><ele>534</ele></trkpt>
      <trkpt lat="44.377074" lon="9.605292"><ele>534</ele></trkpt>
      <trkpt lat="44.377044" lon="9.605269"><ele>534</ele></trkpt>
      <trkpt lat="44.376889" lon="9.604988"><ele>533</ele></trkpt>
      <trkpt lat="44.376789" lon="9.604877"><ele>534</ele></trkpt>
      <trkpt lat="44.376610" lon="9.604792"><ele>535</ele></trkpt>
      <trkpt lat="44.376484" lon="9.604776"><ele>536</ele></trkpt>
      <trkpt lat="44.376422" lon="9.604782"><ele>536</ele></trkpt>
      <trkpt lat="44.376365" lon="9.604814"><ele>537</ele></trkpt>
      <trkpt lat="44.376101" lon="9.605157"><ele>539</ele></trkpt>
      <trkpt lat="44.375781" lon="9.605380"><ele>541</ele></trkpt>
      <trkpt lat="44.375711" lon="9.605385"><ele>541</ele></trkpt>
      <trkpt lat="44.375644" lon="9.605360"><ele>541</ele></trkpt>
      <trkpt lat="44.375548" lon="9.605214"><ele>541</ele></trkpt>
      <trkpt lat="44.375450" lon="9.605116"><ele>541</ele></trkpt>
      <trkpt lat="44.375386" lon="9.605111"><ele>540</ele></trkpt>
      <trkpt lat="44.375137" lon="9.605180"><ele>540</ele></trkpt>
      <trkpt lat="44.374876" lon="9.605298"><ele>544</ele></trkpt>
      <trkpt lat="44.374741" lon="9.605424"><ele>546</ele></trkpt>
      <trkpt lat="44.374391" lon="9.605817"><ele>555</ele></trkpt>
      <trkpt lat="44.374044" lon="9.606323"><ele>562</ele></trkpt>
      <trkpt lat="44.373872" lon="9.606469"><ele>563</ele></trkpt>
      <trkpt lat="44.373707" lon="9.606530"><ele>563</ele></trkpt>
      <trkpt lat="44.373588" lon="9.606530"><ele>564</ele></trkpt>
      <trkpt lat="44.373464" lon="9.606501"><ele>563</ele></trkpt>
      <trkpt lat="44.373332" lon="9.606427"><ele>564</ele></trkpt>
      <trkpt lat="44.373263" lon="9.606288"><ele>564</ele></trkpt>
      <trkpt lat="44.373218" lon="9.605912"><ele>566</ele></trkpt>
      <trkpt lat="44.373106" lon="9.605750"><ele>563</ele></trkpt>
      <trkpt lat="44.373041" lon="9.605708"><ele>564</ele></trkpt>
      <trkpt lat="44.372937" lon="9.605676"><ele>565</ele></trkpt>
      <trkpt lat="44.372876" lon="9.605675"><ele>565</ele></trkpt>
      <trkpt lat="44.372789" lon="9.605709"><ele>566</ele></trkpt>
      <trkpt lat="44.372752" lon="9.605751"><ele>568</ele></trkpt>
      <trkpt lat="44.372714" lon="9.605855"><ele>574</ele></trkpt>
      <trkpt lat="44.372709" lon="9.606000"><ele>574</ele></trkpt>
      <trkpt lat="44.372749" lon="9.606153"><ele>575</ele></trkpt>
      <trkpt lat="44.372997" lon="9.606731"><ele>575</ele></trkpt>
      <trkpt lat="44.373028" lon="9.606888"><ele>575</ele></trkpt>
      <trkpt lat="44.373028" lon="9.606995"><ele>576</ele></trkpt>
      <trkpt lat="44.372965" lon="9.607203"><ele>576</ele></trkpt>
      <trkpt lat="44.372754" lon="9.607607"><ele>580</ele></trkpt>
      <trkpt lat="44.372654" lon="9.607700"><ele>580</ele></trkpt>
      <trkpt lat="44.372576" lon="9.607720"><ele>580</ele></trkpt>
      <trkpt lat="44.372482" lon="9.607694"><ele>579</ele></trkpt>
      <trkpt lat="44.372239" lon="9.607556"><ele>578</ele></trkpt>
      <trkpt lat="44.372145" lon="9.607548"><ele>592</ele></trkpt>
      <trkpt lat="44.372093" lon="9.607561"><ele>590</ele></trkpt>
      <trkpt lat="44.372040" lon="9.607620"><ele>589</ele></trkpt>
      <trkpt lat="44.372007" lon="9.607699"><ele>589</ele></trkpt>
      <trkpt lat="44.372008" lon="9.607747"><ele>589</ele></trkpt>
      <trkpt lat="44.372016" lon="9.607788"><ele>589</ele></trkpt>
      <trkpt lat="44.372074" lon="9.607884"><ele>589</ele></trkpt>
      <trkpt lat="44.372165" lon="9.607983"><ele>588</ele></trkpt>
      <trkpt lat="44.372224" lon="9.608020"><ele>588</ele></trkpt>
      <trkpt lat="44.372362" lon="9.608037"><ele>588</ele></trkpt>
      <trkpt lat="44.372816" lon="9.607997"><ele>588</ele></trkpt>
      <trkpt lat="44.372942" lon="9.608038"><ele>588</ele></trkpt>
      <trkpt lat="44.373094" lon="9.608138"><ele>585</ele></trkpt>
      <trkpt lat="44.373240" lon="9.608228"><ele>589</ele></trkpt>
      <trkpt lat="44.373389" lon="9.608235"><ele>590</ele></trkpt>
      <trkpt lat="44.373636" lon="9.608109"><ele>592</ele></trkpt>
      <trkpt lat="44.373974" lon="9.607676"><ele>593</ele></trkpt>
      <trkpt lat="44.374085" lon="9.607590"><ele>594</ele></trkpt>
      <trkpt lat="44.374203" lon="9.607551"><ele>595</ele></trkpt>
      <trkpt lat="44.374666" lon="9.607622"><ele>598</ele></trkpt>
      <trkpt lat="44.374720" lon="9.607612"><ele>597</ele></trkpt>
      <trkpt lat="44.374775" lon="9.607584"><ele>597</ele></trkpt>
      <trkpt lat="44.374988" lon="9.607393"><ele>600</ele></trkpt>
      <trkpt lat="44.375094" lon="9.607360"><ele>601</ele></trkpt>
      <trkpt lat="44.375143" lon="9.607363"><ele>602</ele></trkpt>
      <trkpt lat="44.375259" lon="9.607425"><ele>603</ele></trkpt>
      <trkpt lat="44.375603" lon="9.607688"><ele>610</ele></trkpt>
      <trkpt lat="44.376160" lon="9.607992"><ele>614</ele></trkpt>
      <trkpt lat="44.376249" lon="9.608072"><ele>617</ele></trkpt>
      <trkpt lat="44.376425" lon="9.608311"><ele>620</ele></trkpt>
      <trkpt lat="44.376487" lon="9.608374"><ele>621</ele></trkpt>
      <trkpt lat="44.376577" lon="9.608422"><ele>620</ele></trkpt>
      <trkpt lat="44.376704" lon="9.608397"><ele>621</ele></trkpt>
      <trkpt lat="44.376931" lon="9.608264"><ele>622</ele></trkpt>
      <trkpt lat="44.377046" lon="9.608227"><ele>623</ele></trkpt>
      <trkpt lat="44.377113" lon="9.608240"><ele>624</ele></trkpt>
      <trkpt lat="44.377395" lon="9.608384"><ele>624</ele></trkpt>
      <trkpt lat="44.377514" lon="9.608396"><ele>624</ele></trkpt>
      <trkpt lat="44.377564" lon="9.608386"><ele>624</ele></trkpt>
      <trkpt lat="44.377607" lon="9.608352"><ele>624</ele></trkpt>
      <trkpt lat="44.377763" lon="9.608173"><ele>624</ele></trkpt>
      <trkpt lat="44.377808" lon="9.608148"><ele>624</ele></trkpt>
      <trkpt lat="44.377850" lon="9.608149"><ele>625</ele></trkpt>
      <trkpt lat="44.377930" lon="9.608196"><ele>625</ele></trkpt>
      <trkpt lat="44.377990" lon="9.608267"><ele>626</ele></trkpt>
      <trkpt lat="44.378031" lon="9.608368"><ele>626</ele></trkpt>
      <trkpt lat="44.378111" lon="9.608753"><ele>625</ele></trkpt>
      <trkpt lat="44.378222" lon="9.608931"><ele>633</ele></trkpt>
      <trkpt lat="44.378307" lon="9.608983"><ele>634</ele></trkpt>
      <trkpt lat="44.378539" lon="9.608991"><ele>635</ele></trkpt>
      <trkpt lat="44.378650" lon="9.609018"><ele>646</ele></trkpt>
      <trkpt lat="44.378745" lon="9.609099"><ele>647</ele></trkpt>
      <trkpt lat="44.378878" lon="9.609372"><ele>648</ele></trkpt>
      <trkpt lat="44.378945" lon="9.609457"><ele>647</ele></trkpt>
      <trkpt lat="44.379020" lon="9.609485"><ele>648</ele></trkpt>
      <trkpt lat="44.379069" lon="9.609478"><ele>648</ele></trkpt>
      <trkpt lat="44.379116" lon="9.609460"><ele>648</ele></trkpt>
      <trkpt lat="44.379160" lon="9.609409"><ele>648</ele></trkpt>
      <trkpt lat="44.379194" lon="9.609286"><ele>648</ele></trkpt>
      <trkpt lat="44.379219" lon="9.608899"><ele>648</ele></trkpt>
      <trkpt lat="44.379272" lon="9.608792"><ele>648</ele></trkpt>
      <trkpt lat="44.379367" lon="9.608703"><ele>648</ele></trkpt>
      <trkpt lat="44.379443" lon="9.608682"><ele>648</ele></trkpt>
      <trkpt lat="44.379524" lon="9.608697"><ele>649</ele></trkpt>
      <trkpt lat="44.380104" lon="9.609262"><ele>651</ele></trkpt>
      <trkpt lat="44.380316" lon="9.609406"><ele>651</ele></trkpt>
      <trkpt lat="44.380577" lon="9.609537"><ele>656</ele></trkpt>
      <trkpt lat="44.381703" lon="9.610015"><ele>677</ele></trkpt>
      <trkpt lat="44.381842" lon="9.610055"><ele>677</ele></trkpt>
      <trkpt lat="44.382115" lon="9.610084"><ele>678</ele></trkpt>
      <trkpt lat="44.382231" lon="9.610127"><ele>678</ele></trkpt>
      <trkpt lat="44.382379" lon="9.610247"><ele>678</ele></trkpt>
      <trkpt lat="44.382485" lon="9.610393"><ele>678</ele></trkpt>
      <trkpt lat="44.382520" lon="9.610499"><ele>679</ele></trkpt>
      <trkpt lat="44.382528" lon="9.610690"><ele>679</ele></trkpt>
      <trkpt lat="44.382548" lon="9.610792"><ele>680</ele></trkpt>
      <trkpt lat="44.382613" lon="9.610849"><ele>680</ele></trkpt>
      <trkpt lat="44.382730" lon="9.610875"><ele>691</ele></trkpt>
      <trkpt lat="44.382946" lon="9.610894"><ele>677</ele></trkpt>
      <trkpt lat="44.383143" lon="9.610876"><ele>678</ele></trkpt>
      <trkpt lat="44.383238" lon="9.610842"><ele>678</ele></trkpt>
      <trkpt lat="44.383323" lon="9.610781"><ele>678</ele></trkpt>
      <trkpt lat="44.383490" lon="9.610612"><ele>680</ele></trkpt>
      <trkpt lat="44.383546" lon="9.610509"><ele>680</ele></trkpt>
      <trkpt lat="44.383596" lon="9.610379"><ele>680</ele></trkpt>
      <trkpt lat="44.383684" lon="9.609970"><ele>679</ele></trkpt>
      <trkpt lat="44.383719" lon="9.609911"><ele>680</ele></trkpt>
      <trkpt lat="44.383771" lon="9.609864"><ele>681</ele></trkpt>
      <trkpt lat="44.383902" lon="9.609850"><ele>682</ele></trkpt>
      <trkpt lat="44.384005" lon="9.609880"><ele>684</ele></trkpt>
      <trkpt lat="44.384081" lon="9.609931"><ele>684</ele></trkpt>
      <trkpt lat="44.384280" lon="9.610102"><ele>685</ele></trkpt>
      <trkpt lat="44.384464" lon="9.610324"><ele>685</ele></trkpt>
      <trkpt lat="44.384561" lon="9.610486"><ele>685</ele></trkpt>
      <trkpt lat="44.384613" lon="9.610614"><ele>685</ele></trkpt>
      <trkpt lat="44.384704" lon="9.610943"><ele>685</ele></trkpt>
      <trkpt lat="44.384823" lon="9.611251"><ele>702</ele></trkpt>
      <trkpt lat="44.385618" lon="9.612648"><ele>698</ele></trkpt>
      <trkpt lat="44.385748" lon="9.612759"><ele>699</ele></trkpt>
      <trkpt lat="44.386076" lon="9.612886"><ele>702</ele></trkpt>
      <trkpt lat="44.386234" lon="9.613009"><ele>703</ele></trkpt>
      <trkpt lat="44.386289" lon="9.613072"><ele>703</ele></trkpt>
      <trkpt lat="44.386466" lon="9.613391"><ele>704</ele></trkpt>
      <trkpt lat="44.386503" lon="9.613520"><ele>704</ele></trkpt>
      <trkpt lat="44.386531" lon="9.613755"><ele>705</ele></trkpt>
      <trkpt lat="44.386575" lon="9.613892"><ele>705</ele></trkpt>
      <trkpt lat="44.386657" lon="9.613971"><ele>706</ele></trkpt>
      <trkpt lat="44.386953" lon="9.614034"><ele>707</ele></trkpt>
      <trkpt lat="44.387069" lon="9.614083"><ele>707</ele></trkpt>
      <trkpt lat="44.387115" lon="9.614126"><ele>707</ele></trkpt>
      <trkpt lat="44.387263" lon="9.614343"><ele>707</ele></trkpt>
      <trkpt lat="44.387537" lon="9.614844"><ele>718</ele></trkpt>
      <trkpt lat="44.387737" lon="9.615223"><ele>723</ele></trkpt>
      <trkpt lat="44.387867" lon="9.615594"><ele>724</ele></trkpt>
      <trkpt lat="44.387898" lon="9.615812"><ele>723</ele></trkpt>
      <trkpt lat="44.387909" lon="9.616309"><ele>722</ele></trkpt>
      <trkpt lat="44.387924" lon="9.616471"><ele>722</ele></trkpt>
      <trkpt lat="44.387964" lon="9.616546"><ele>722</ele></trkpt>
      <trkpt lat="44.388004" lon="9.616575"><ele>722</ele></trkpt>
      <trkpt lat="44.388104" lon="9.616581"><ele>722</ele></trkpt>
      <trkpt lat="44.388150" lon="9.616553"><ele>722</ele></trkpt>
      <trkpt lat="44.388184" lon="9.616446"><ele>723</ele></trkpt>
      <trkpt lat="44.388152" lon="9.615802"><ele>723</ele></trkpt>
      <trkpt lat="44.388169" lon="9.615366"><ele>723</ele></trkpt>
      <trkpt lat="44.388226" lon="9.615031"><ele>724</ele></trkpt>
      <trkpt lat="44.388305" lon="9.614836"><ele>724</ele></trkpt>
      <trkpt lat="44.388352" lon="9.614779"><ele>724</ele></trkpt>
      <trkpt lat="44.388421" lon="9.614736"><ele>725</ele></trkpt>
      <trkpt lat="44.388776" lon="9.614696"><ele>725</ele></trkpt>
      <trkpt lat="44.389151" lon="9.614363"><ele>728</ele></trkpt>
      <trkpt lat="44.389495" lon="9.614149"><ele>731</ele></trkpt>
      <trkpt lat="44.389565" lon="9.614085"><ele>731</ele></trkpt>
      <trkpt lat="44.389804" lon="9.613769"><ele>734</ele></trkpt>
      <trkpt lat="44.389890" lon="9.613704"><ele>736</ele></trkpt>
      <trkpt lat="44.389927" lon="9.613692"><ele>737</ele></trkpt>
      <trkpt lat="44.390055" lon="9.613707"><ele>740</ele></trkpt>
      <trkpt lat="44.390202" lon="9.613809"><ele>742</ele></trkpt>
      <trkpt lat="44.390762" lon="9.614767"><ele>744</ele></trkpt>
      <trkpt lat="44.390896" lon="9.614911"><ele>744</ele></trkpt>
      <trkpt lat="44.391003" lon="9.614960"><ele>745</ele></trkpt>
      <trkpt lat="44.391057" lon="9.614965"><ele>745</ele></trkpt>
      <trkpt lat="44.391118" lon="9.614942"><ele>745</ele></trkpt>
      <trkpt lat="44.391212" lon="9.614850"><ele>756</ele></trkpt>
      <trkpt lat="44.391477" lon="9.614279"><ele>755</ele></trkpt>
      <trkpt lat="44.391586" lon="9.614160"><ele>754</ele></trkpt>
      <trkpt lat="44.391993" lon="9.613988"><ele>753</ele></trkpt>
      <trkpt lat="44.392212" lon="9.613926"><ele>755</ele></trkpt>
      <trkpt lat="44.392268" lon="9.613936"><ele>756</ele></trkpt>
      <trkpt lat="44.392346" lon="9.613998"><ele>756</ele></trkpt>
      <trkpt lat="44.392396" lon="9.614111"><ele>758</ele></trkpt>
      <trkpt lat="44.392412" lon="9.614284"><ele>757</ele></trkpt>
      <trkpt lat="44.392349" lon="9.614443"><ele>756</ele></trkpt>
      <trkpt lat="44.392223" lon="9.614579"><ele>756</ele></trkpt>
      <trkpt lat="44.391280" lon="9.615468"><ele>769</ele></trkpt>
      <trkpt lat="44.391169" lon="9.615554"><ele>770</ele></trkpt>
      <trkpt lat="44.391059" lon="9.615612"><ele>770</ele></trkpt>
      <trkpt lat="44.390973" lon="9.615620"><ele>776</ele></trkpt>
      <trkpt lat="44.390863" lon="9.615595"><ele>777</ele></trkpt>
      <trkpt lat="44.390715" lon="9.615527"><ele>777</ele></trkpt>
      <trkpt lat="44.390396" lon="9.615250"><ele>777</ele></trkpt>
      <trkpt lat="44.390207" lon="9.615213"><ele>776</ele></trkpt>
      <trkpt lat="44.390011" lon="9.615236"><ele>776</ele></trkpt>
      <trkpt lat="44.389853" lon="9.615287"><ele>776</ele></trkpt>
      <trkpt lat="44.389743" lon="9.615407"><ele>777</ele></trkpt>
      <trkpt lat="44.389698" lon="9.615541"><ele>779</ele></trkpt>
      <trkpt lat="44.389698" lon="9.615621"><ele>779</ele></trkpt>
      <trkpt lat="44.389736" lon="9.615748"><ele>780</ele></trkpt>
      <trkpt lat="44.389827" lon="9.615887"><ele>781</ele></trkpt>
      <trkpt lat="44.390485" lon="9.616377"><ele>780</ele></trkpt>
      <trkpt lat="44.390611" lon="9.616458"><ele>780</ele></trkpt>
      <trkpt lat="44.390762" lon="9.616518"><ele>779</ele></trkpt>
      <trkpt lat="44.391020" lon="9.616519"><ele>784</ele></trkpt>
      <trkpt lat="44.392411" lon="9.616339"><ele>795</ele></trkpt>
      <trkpt lat="44.393150" lon="9.616138"><ele>809</ele></trkpt>
      <trkpt lat="44.393446" lon="9.616031"><ele>812</ele></trkpt>
      <trkpt lat="44.393815" lon="9.615980"><ele>812</ele></trkpt>
      <trkpt lat="44.394121" lon="9.615993"><ele>813</ele></trkpt>
      <trkpt lat="44.394352" lon="9.615950"><ele>811</ele></trkpt>
      <trkpt lat="44.394442" lon="9.615876"><ele>812</ele></trkpt>
      <trkpt lat="44.394515" lon="9.615769"><ele>812</ele></trkpt>
      <trkpt lat="44.394596" lon="9.615648"><ele>828</ele></trkpt>
      <trkpt lat="44.394633" lon="9.615531"><ele>828</ele></trkpt>
      <trkpt lat="44.394643" lon="9.615271"><ele>828</ele></trkpt>
      <trkpt lat="44.394633" lon="9.614862"><ele>829</ele></trkpt>
      <trkpt lat="44.394653" lon="9.614754"><ele>830</ele></trkpt>
      <trkpt lat="44.394694" lon="9.614662"><ele>830</ele></trkpt>
      <trkpt lat="44.394799" lon="9.614537"><ele>831</ele></trkpt>
      <trkpt lat="44.395234" lon="9.614183"><ele>826</ele></trkpt>
      <trkpt lat="44.395292" lon="9.614157"><ele>826</ele></trkpt>
      <trkpt lat="44.395358" lon="9.614157"><ele>826</ele></trkpt>
      <trkpt lat="44.395422" lon="9.614196"><ele>827</ele></trkpt>
      <trkpt lat="44.395444" lon="9.614234"><ele>827</ele></trkpt>
      <trkpt lat="44.395457" lon="9.614326"><ele>826</ele></trkpt>
      <trkpt lat="44.395430" lon="9.614406"><ele>826</ele></trkpt>
      <trkpt lat="44.395349" lon="9.614502"><ele>833</ele></trkpt>
      <trkpt lat="44.395181" lon="9.614586"><ele>832</ele></trkpt>
      <trkpt lat="44.395100" lon="9.614664"><ele>832</ele></trkpt>
      <trkpt lat="44.395018" lon="9.614832"><ele>832</ele></trkpt>
      <trkpt lat="44.394977" lon="9.614965"><ele>832</ele></trkpt>
      <trkpt lat="44.394931" lon="9.615265"><ele>832</ele></trkpt>
      <trkpt lat="44.394866" lon="9.615999"><ele>837</ele></trkpt>
      <trkpt lat="44.394897" lon="9.616114"><ele>838</ele></trkpt>
      <trkpt lat="44.394956" lon="9.616176"><ele>839</ele></trkpt>
      <trkpt lat="44.395026" lon="9.616176"><ele>840</ele></trkpt>
      <trkpt lat="44.395058" lon="9.616142"><ele>840</ele></trkpt>
      <trkpt lat="44.395086" lon="9.616070"><ele>839</ele></trkpt>
      <trkpt lat="44.395093" lon="9.615979"><ele>834</ele></trkpt>
      <trkpt lat="44.395059" lon="9.615722"><ele>833</ele></trkpt>
      <trkpt lat="44.395066" lon="9.615637"><ele>833</ele></trkpt>
      <trkpt lat="44.395112" lon="9.615495"><ele>833</ele></trkpt>
      <trkpt lat="44.395322" lon="9.615253"><ele>834</ele></trkpt>
      <trkpt lat="44.395387" lon="9.615207"><ele>834</ele></trkpt>
      <trkpt lat="44.395507" lon="9.615175"><ele>834</ele></trkpt>
      <trkpt lat="44.395617" lon="9.615204"><ele>834</ele></trkpt>
      <trkpt lat="44.395912" lon="9.615441"><ele>835</ele></trkpt>
      <trkpt lat="44.395999" lon="9.615529"><ele>835</ele></trkpt>
      <trkpt lat="44.396082" lon="9.615659"><ele>836</ele></trkpt>
      <trkpt lat="44.396500" lon="9.616152"><ele>848</ele></trkpt>
      <trkpt lat="44.396605" lon="9.616240"><ele>850</ele></trkpt>
      <trkpt lat="44.397152" lon="9.616573"><ele>861</ele></trkpt>
      <trkpt lat="44.397472" lon="9.616949"><ele>868</ele></trkpt>
      <trkpt lat="44.397611" lon="9.617064"><ele>867</ele></trkpt>
      <trkpt lat="44.397847" lon="9.617188"><ele>870</ele></trkpt>
      <trkpt lat="44.398204" lon="9.617506"><ele>871</ele></trkpt>
      <trkpt lat="44.398435" lon="9.617666"><ele>871</ele></trkpt>
      <trkpt lat="44.398541" lon="9.617759"><ele>871</ele></trkpt>
      <trkpt lat="44.398849" lon="9.618119"><ele>875</ele></trkpt>
      <trkpt lat="44.399050" lon="9.618243"><ele>876</ele></trkpt>
      <trkpt lat="44.399313" lon="9.618325"><ele>878</ele></trkpt>
      <trkpt lat="44.399540" lon="9.618359"><ele>879</ele></trkpt>
      <trkpt lat="44.399857" lon="9.618526"><ele>878</ele></trkpt>
      <trkpt lat="44.400110" lon="9.618587"><ele>877</ele></trkpt>
      <trkpt lat="44.400333" lon="9.618579"><ele>876</ele></trkpt>
      <trkpt lat="44.400491" lon="9.618530"><ele>875</ele></trkpt>
      <trkpt lat="44.400752" lon="9.618328"><ele>871</ele></trkpt>
      <trkpt lat="44.400840" lon="9.618241"><ele>873</ele></trkpt>
      <trkpt lat="44.400941" lon="9.618099"><ele>873</ele></trkpt>
      <trkpt lat="44.401124" lon="9.617774"><ele>882</ele></trkpt>
      <trkpt lat="44.401325" lon="9.617140"><ele>883</ele></trkpt>
      <trkpt lat="44.401410" lon="9.616991"><ele>884</ele></trkpt>
      <trkpt lat="44.401469" lon="9.616918"><ele>885</ele></trkpt>
      <trkpt lat="44.401533" lon="9.616873"><ele>886</ele></trkpt>
      <trkpt lat="44.401670" lon="9.616807"><ele>889</ele></trkpt>
      <trkpt lat="44.401868" lon="9.616756"><ele>891</ele></trkpt>
      <trkpt lat="44.401966" lon="9.616773"><ele>893</ele></trkpt>
      <trkpt lat="44.402070" lon="9.616859"><ele>893</ele></trkpt>
      <trkpt lat="44.402137" lon="9.616979"><ele>895</ele></trkpt>
      <trkpt lat="44.402323" lon="9.617589"><ele>897</ele></trkpt>
      <trkpt lat="44.402370" lon="9.617802"><ele>897</ele></trkpt>
      <trkpt lat="44.402381" lon="9.618239"><ele>896</ele></trkpt>
      <trkpt lat="44.402422" lon="9.618428"><ele>898</ele></trkpt>
      <trkpt lat="44.402462" lon="9.618522"><ele>898</ele></trkpt>
      <trkpt lat="44.402626" lon="9.618737"><ele>898</ele></trkpt>
      <trkpt lat="44.402686" lon="9.618793"><ele>898</ele></trkpt>
      <trkpt lat="44.402839" lon="9.618884"><ele>898</ele></trkpt>
      <trkpt lat="44.402961" lon="9.618906"><ele>899</ele></trkpt>
      <trkpt lat="44.403336" lon="9.618868"><ele>899</ele></trkpt>
      <trkpt lat="44.403446" lon="9.618914"><ele>900</ele></trkpt>
      <trkpt lat="44.403653" lon="9.619130"><ele>902</ele></trkpt>
      <trkpt lat="44.404090" lon="9.619668"><ele>904</ele></trkpt>
      <trkpt lat="44.404210" lon="9.619764"><ele>903</ele></trkpt>
      <trkpt lat="44.404308" lon="9.619806"><ele>903</ele></trkpt>
      <trkpt lat="44.404693" lon="9.619816"><ele>904</ele></trkpt>
      <trkpt lat="44.404836" lon="9.619771"><ele>904</ele></trkpt>
      <trkpt lat="44.404955" lon="9.619688"><ele>906</ele></trkpt>
      <trkpt lat="44.405051" lon="9.619627"><ele>913</ele></trkpt>
      <trkpt lat="44.405189" lon="9.619576"><ele>914</ele></trkpt>
      <trkpt lat="44.405317" lon="9.619610"><ele>915</ele></trkpt>
      <trkpt lat="44.405565" lon="9.619761"><ele>916</ele></trkpt>
      <trkpt lat="44.405765" lon="9.619960"><ele>915</ele></trkpt>
      <trkpt lat="44.405944" lon="9.620174"><ele>916</ele></trkpt>
      <trkpt lat="44.406029" lon="9.620244"><ele>917</ele></trkpt>
      <trkpt lat="44.406737" lon="9.620705"><ele>924</ele></trkpt>
      <trkpt lat="44.406792" lon="9.620759"><ele>925</ele></trkpt>
      <trkpt lat="44.406915" lon="9.620956"><ele>929</ele></trkpt>
      <trkpt lat="44.407109" lon="9.621357"><ele>932</ele></trkpt>
      <trkpt lat="44.407425" lon="9.621953"><ele>937</ele></trkpt>
      <trkpt lat="44.407465" lon="9.622040"><ele>938</ele></trkpt>
      <trkpt lat="44.407493" lon="9.622150"><ele>939</ele></trkpt>
      <trkpt lat="44.407500" lon="9.622464"><ele>942</ele></trkpt>
      <trkpt lat="44.407517" lon="9.622568"><ele>944</ele></trkpt>
      <trkpt lat="44.407623" lon="9.622736"><ele>945</ele></trkpt>
      <trkpt lat="44.407694" lon="9.622810"><ele>946</ele></trkpt>
      <trkpt lat="44.407762" lon="9.622943"><ele>948</ele></trkpt>
      <trkpt lat="44.408005" lon="9.623460"><ele>951</ele></trkpt>
      <trkpt lat="44.408079" lon="9.623659"><ele>951</ele></trkpt>
      <trkpt lat="44.408090" lon="9.623804"><ele>952</ele></trkpt>
      <trkpt lat="44.408078" lon="9.624178"><ele>954</ele></trkpt>
      <trkpt lat="44.408043" lon="9.624326"><ele>956</ele></trkpt>
      <trkpt lat="44.407833" lon="9.624812"><ele>959</ele></trkpt>
      <trkpt lat="44.407823" lon="9.625068"><ele>960</ele></trkpt>
      <trkpt lat="44.407946" lon="9.625745"><ele>962</ele></trkpt>
      <trkpt lat="44.408011" lon="9.626002"><ele>963</ele></trkpt>
      <trkpt lat="44.408060" lon="9.626130"><ele>963</ele></trkpt>
      <trkpt lat="44.408197" lon="9.626401"><ele>962</ele></trkpt>
      <trkpt lat="44.408258" lon="9.626581"><ele>973</ele></trkpt>
      <trkpt lat="44.408288" lon="9.626670"><ele>956</ele></trkpt>
      <trkpt lat="44.408322" lon="9.626713"><ele>954</ele></trkpt>
      <trkpt lat="44.408359" lon="9.626747"><ele>952</ele></trkpt>
      <trkpt lat="44.408412" lon="9.626748"><ele>952</ele></trkpt>
      <trkpt lat="44.408502" lon="9.626704"><ele>952</ele></trkpt>
      <trkpt lat="44.408719" lon="9.626494"><ele>952</ele></trkpt>
      <trkpt lat="44.408806" lon="9.626432"><ele>953</ele></trkpt>
      <trkpt lat="44.408965" lon="9.626384"><ele>954</ele></trkpt>
      <trkpt lat="44.409051" lon="9.626387"><ele>955</ele></trkpt>
      <trkpt lat="44.409219" lon="9.626416"><ele>957</ele></trkpt>
      <trkpt lat="44.409309" lon="9.626466"><ele>958</ele></trkpt>
      <trkpt lat="44.409517" lon="9.626629"><ele>959</ele></trkpt>
      <trkpt lat="44.409725" lon="9.626838"><ele>961</ele></trkpt>
      <trkpt lat="44.409789" lon="9.626931"><ele>962</ele></trkpt>
      <trkpt lat="44.409995" lon="9.627364"><ele>967</ele></trkpt>
      <trkpt lat="44.410059" lon="9.627593"><ele>968</ele></trkpt>
      <trkpt lat="44.410075" lon="9.627844"><ele>969</ele></trkpt>
      <trkpt lat="44.410105" lon="9.627961"><ele>969</ele></trkpt>
      <trkpt lat="44.410310" lon="9.628302"><ele>971</ele></trkpt>
      <trkpt lat="44.410337" lon="9.628391"><ele>972</ele></trkpt>
      <trkpt lat="44.410364" lon="9.628680"><ele>972</ele></trkpt>
      <trkpt lat="44.410404" lon="9.628776"><ele>972</ele></trkpt>
      <trkpt lat="44.410438" lon="9.628818"><ele>972</ele></trkpt>
      <trkpt lat="44.410534" lon="9.628864"><ele>972</ele></trkpt>
      <trkpt lat="44.410903" lon="9.628968"><ele>974</ele></trkpt>
      <trkpt lat="44.411049" lon="9.629031"><ele>975</ele></trkpt>
      <trkpt lat="44.411550" lon="9.629383"><ele>981</ele></trkpt>
      <trkpt lat="44.411822" lon="9.629534"><ele>985</ele></trkpt>
      <trkpt lat="44.411925" lon="9.629663"><ele>985</ele></trkpt>
      <trkpt lat="44.412052" lon="9.629918"><ele>985</ele></trkpt>
      <trkpt lat="44.412112" lon="9.629979"><ele>986</ele></trkpt>
      <trkpt lat="44.412355" lon="9.630093"><ele>987</ele></trkpt>
      <trkpt lat="44.412684" lon="9.630203"><ele>986</ele></trkpt>
      <trkpt lat="44.412879" lon="9.630216"><ele>987</ele></trkpt>
      <trkpt lat="44.413209" lon="9.630026"><ele>988</ele></trkpt>
      <trkpt lat="44.413324" lon="9.629989"><ele>989</ele></trkpt>
      <trkpt lat="44.413433" lon="9.630031"><ele>990</ele></trkpt>
      <trkpt lat="44.413636" lon="9.630225"><ele>991</ele></trkpt>
      <trkpt lat="44.413702" lon="9.630263"><ele>991</ele></trkpt>
      <trkpt lat="44.414432" lon="9.630435"><ele>994</ele></trkpt>
      <trkpt lat="44.414548" lon="9.630418"><ele>995</ele></trkpt>
      <trkpt lat="44.414805" lon="9.630305"><ele>995</ele></trkpt>
      <trkpt lat="44.414977" lon="9.630287"><ele>995</ele></trkpt>
      <trkpt lat="44.415126" lon="9.630315"><ele>996</ele></trkpt>
      <trkpt lat="44.415175" lon="9.630306"><ele>996</ele></trkpt>
      <trkpt lat="44.415429" lon="9.630135"><ele>995</ele></trkpt>
      <trkpt lat="44.415585" lon="9.629942"><ele>995</ele></trkpt>
      <trkpt lat="44.415634" lon="9.629838"><ele>995</ele></trkpt>
      <trkpt lat="44.415694" lon="9.629666"><ele>997</ele></trkpt>
      <trkpt lat="44.415873" lon="9.628992"><ele>1002</ele></trkpt>
      <trkpt lat="44.415912" lon="9.628873"><ele>1003</ele></trkpt>
      <trkpt lat="44.415970" lon="9.628771"><ele>1003</ele></trkpt>
      <trkpt lat="44.416064" lon="9.628664"><ele>1004</ele></trkpt>
      <trkpt lat="44.416223" lon="9.628537"><ele>1005</ele></trkpt>
      <trkpt lat="44.416464" lon="9.628483"><ele>1007</ele></trkpt>
      <trkpt lat="44.416770" lon="9.628533"><ele>1008</ele></trkpt>
      <trkpt lat="44.416860" lon="9.628471"><ele>1007</ele></trkpt>
      <trkpt lat="44.416888" lon="9.628428"><ele>1007</ele></trkpt>
      <trkpt lat="44.416909" lon="9.628378"><ele>1007</ele></trkpt>
      <trkpt lat="44.416911" lon="9.628291"><ele>1007</ele></trkpt>
      <trkpt lat="44.416833" lon="9.628008"><ele>1007</ele></trkpt>
      <trkpt lat="44.416831" lon="9.627905"><ele>1007</ele></trkpt>
      <trkpt lat="44.416882" lon="9.627767"><ele>1007</ele></trkpt>
      <trkpt lat="44.416941" lon="9.627693"><ele>1007</ele></trkpt>
      <trkpt lat="44.417007" lon="9.627651"><ele>1008</ele></trkpt>
      <trkpt lat="44.417167" lon="9.627608"><ele>1008</ele></trkpt>
      <trkpt lat="44.417460" lon="9.627591"><ele>1009</ele></trkpt>
      <trkpt lat="44.417598" lon="9.627549"><ele>1008</ele></trkpt>
      <trkpt lat="44.418014" lon="9.627288"><ele>1008</ele></trkpt>
      <trkpt lat="44.418158" lon="9.627164"><ele>1010</ele></trkpt>
      <trkpt lat="44.418353" lon="9.626825"><ele>1020</ele></trkpt>
      <trkpt lat="44.418436" lon="9.626713"><ele>1019</ele></trkpt>
      <trkpt lat="44.418545" lon="9.626626"><ele>1017</ele></trkpt>
      <trkpt lat="44.418970" lon="9.626408"><ele>1019</ele></trkpt>
      <trkpt lat="44.419184" lon="9.626304"><ele>1032</ele></trkpt>
      <trkpt lat="44.419352" lon="9.626165"><ele>1033</ele></trkpt>
      <trkpt lat="44.419468" lon="9.625989"><ele>1032</ele></trkpt>
      <trkpt lat="44.419568" lon="9.625638"><ele>1032</ele></trkpt>
      <trkpt lat="44.419649" lon="9.625514"><ele>1032</ele></trkpt>
      <trkpt lat="44.419752" lon="9.625454"><ele>1032</ele></trkpt>
      <trkpt lat="44.420003" lon="9.625424"><ele>1032</ele></trkpt>
      <trkpt lat="44.420118" lon="9.625350"><ele>1031</ele></trkpt>
      <trkpt lat="44.420265" lon="9.625102"><ele>1031</ele></trkpt>
      <trkpt lat="44.420371" lon="9.624846"><ele>1031</ele></trkpt>
      <trkpt lat="44.420404" lon="9.624636"><ele>1031</ele></trkpt>
      <trkpt lat="44.420409" lon="9.624205"><ele>1031</ele></trkpt>
      <trkpt lat="44.420430" lon="9.624100"><ele>1030</ele></trkpt>
      <trkpt lat="44.420478" lon="9.623969"><ele>1031</ele></trkpt>
      <trkpt lat="44.420610" lon="9.623737"><ele>1031</ele></trkpt>
      <trkpt lat="44.420692" lon="9.623643"><ele>1032</ele></trkpt>
      <trkpt lat="44.420823" lon="9.623565"><ele>1032</ele></trkpt>
      <trkpt lat="44.421140" lon="9.623455"><ele>1047</ele></trkpt>
      <trkpt lat="44.421446" lon="9.623382"><ele>1047</ele></trkpt>
      <trkpt lat="44.421623" lon="9.623335"><ele>1055</ele></trkpt>
      <trkpt lat="44.421978" lon="9.623235"><ele>1063</ele></trkpt>
      <trkpt lat="44.422307" lon="9.623110"><ele>1062</ele></trkpt>
      <trkpt lat="44.422459" lon="9.623074"><ele>1061</ele></trkpt>
      <trkpt lat="44.422572" lon="9.623084"><ele>1062</ele></trkpt>
      <trkpt lat="44.422677" lon="9.623147"><ele>1063</ele></trkpt>
      <trkpt lat="44.422835" lon="9.623279"><ele>1063</ele></trkpt>
      <trkpt lat="44.422961" lon="9.623348"><ele>1063</ele></trkpt>
      <trkpt lat="44.423360" lon="9.623529"><ele>1063</ele></trkpt>
      <trkpt lat="44.423438" lon="9.623546"><ele>1064</ele></trkpt>
      <trkpt lat="44.423515" lon="9.623529"><ele>1064</ele></trkpt>
      <trkpt lat="44.423860" lon="9.623295"><ele>1064</ele></trkpt>
      <trkpt lat="44.423937" lon="9.623150"><ele>1063</ele></trkpt>
      <trkpt lat="44.423992" lon="9.622988"><ele>1062</ele></trkpt>
      <trkpt lat="44.424139" lon="9.622453"><ele>1060</ele></trkpt>
      <trkpt lat="44.424222" lon="9.622356"><ele>1058</ele></trkpt>
      <trkpt lat="44.424323" lon="9.622348"><ele>1058</ele></trkpt>
      <trkpt lat="44.424447" lon="9.622388"><ele>1057</ele></trkpt>
      <trkpt lat="44.424991" lon="9.622657"><ele>1053</ele></trkpt>
      <trkpt lat="44.425161" lon="9.622677"><ele>1052</ele></trkpt>
      <trkpt lat="44.425362" lon="9.622649"><ele>1051</ele></trkpt>
      <trkpt lat="44.425701" lon="9.622510"><ele>1047</ele></trkpt>
      <trkpt lat="44.426099" lon="9.622279"><ele>1046</ele></trkpt>
      <trkpt lat="44.426216" lon="9.622183"><ele>1045</ele></trkpt>
      <trkpt lat="44.426377" lon="9.622002"><ele>1045</ele></trkpt>
      <trkpt lat="44.426471" lon="9.621966"><ele>1043</ele></trkpt>
      <trkpt lat="44.426547" lon="9.621963"><ele>1043</ele></trkpt>
      <trkpt lat="44.426882" lon="9.622070"><ele>1042</ele></trkpt>
      <trkpt lat="44.426994" lon="9.622073"><ele>1033</ele></trkpt>
      <trkpt lat="44.427124" lon="9.622043"><ele>1028</ele></trkpt>
      <trkpt lat="44.427267" lon="9.621958"><ele>1026</ele></trkpt>
      <trkpt lat="44.427351" lon="9.621868"><ele>1025</ele></trkpt>
      <trkpt lat="44.427742" lon="9.621299"><ele>1024</ele></trkpt>
      <trkpt lat="44.428039" lon="9.621061"><ele>1024</ele></trkpt>
      <trkpt lat="44.428136" lon="9.621009"><ele>1024</ele></trkpt>
      <trkpt lat="44.428227" lon="9.621013"><ele>1023</ele></trkpt>
      <trkpt lat="44.428312" lon="9.621059"><ele>1023</ele></trkpt>
      <trkpt lat="44.428382" lon="9.621153"><ele>1023</ele></trkpt>
      <trkpt lat="44.428427" lon="9.621310"><ele>1014</ele></trkpt>
      <trkpt lat="44.428474" lon="9.621578"><ele>1006</ele></trkpt>
      <trkpt lat="44.428518" lon="9.621684"><ele>1005</ele></trkpt>
      <trkpt lat="44.428584" lon="9.621742"><ele>1005</ele></trkpt>
      <trkpt lat="44.428738" lon="9.621758"><ele>1005</ele></trkpt>
      <trkpt lat="44.429167" lon="9.621716"><ele>1004</ele></trkpt>
      <trkpt lat="44.429912" lon="9.621809"><ele>994</ele></trkpt>
      <trkpt lat="44.430174" lon="9.621894"><ele>992</ele></trkpt>
      <trkpt lat="44.430706" lon="9.622149"><ele>992</ele></trkpt>
      <trkpt lat="44.430778" lon="9.622191"><ele>992</ele></trkpt>
      <trkpt lat="44.430827" lon="9.622245"><ele>992</ele></trkpt>
      <trkpt lat="44.430853" lon="9.622307"><ele>991</ele></trkpt>
      <trkpt lat="44.430853" lon="9.622391"><ele>990</ele></trkpt>
      <trkpt lat="44.430815" lon="9.622478"><ele>989</ele></trkpt>
      <trkpt lat="44.430757" lon="9.622519"><ele>989</ele></trkpt>
      <trkpt lat="44.430389" lon="9.622539"><ele>985</ele></trkpt>
      <trkpt lat="44.430058" lon="9.622593"><ele>988</ele></trkpt>
      <trkpt lat="44.429375" lon="9.622897"><ele>982</ele></trkpt>
      <trkpt lat="44.429305" lon="9.622998"><ele>981</ele></trkpt>
      <trkpt lat="44.429301" lon="9.623121"><ele>981</ele></trkpt>
      <trkpt lat="44.429348" lon="9.623232"><ele>981</ele></trkpt>
      <trkpt lat="44.429453" lon="9.623306"><ele>981</ele></trkpt>
      <trkpt lat="44.430284" lon="9.623676"><ele>983</ele></trkpt>
      <trkpt lat="44.430527" lon="9.623744"><ele>982</ele></trkpt>
      <trkpt lat="44.430911" lon="9.623792"><ele>973</ele></trkpt>
      <trkpt lat="44.431418" lon="9.623801"><ele>973</ele></trkpt>
      <trkpt lat="44.431793" lon="9.623777"><ele>973</ele></trkpt>
      <trkpt lat="44.431926" lon="9.623843"><ele>972</ele></trkpt>
      <trkpt lat="44.432057" lon="9.624012"><ele>970</ele></trkpt>
      <trkpt lat="44.432190" lon="9.624283"><ele>951</ele></trkpt>
      <trkpt lat="44.432974" lon="9.626033"><ele>939</ele></trkpt>
      <trkpt lat="44.433067" lon="9.626164"><ele>939</ele></trkpt>
      <trkpt lat="44.433916" lon="9.626924"><ele>935</ele></trkpt>
      <trkpt lat="44.434266" lon="9.627273"><ele>932</ele></trkpt>
      <trkpt lat="44.434387" lon="9.627423"><ele>929</ele></trkpt>
      <trkpt lat="44.434466" lon="9.627575"><ele>928</ele></trkpt>
      <trkpt lat="44.434539" lon="9.627794"><ele>928</ele></trkpt>
      <trkpt lat="44.434594" lon="9.628086"><ele>923</ele></trkpt>
      <trkpt lat="44.434668" lon="9.628510"><ele>913</ele></trkpt>
      <trkpt lat="44.434748" lon="9.628670"><ele>914</ele></trkpt>
      <trkpt lat="44.435324" lon="9.629224"><ele>908</ele></trkpt>
      <trkpt lat="44.435407" lon="9.629349"><ele>906</ele></trkpt>
      <trkpt lat="44.435888" lon="9.630176"><ele>900</ele></trkpt>
      <trkpt lat="44.436030" lon="9.630699"><ele>898</ele></trkpt>
      <trkpt lat="44.436112" lon="9.630881"><ele>896</ele></trkpt>
      <trkpt lat="44.436597" lon="9.631742"><ele>874</ele></trkpt>
      <trkpt lat="44.436725" lon="9.631998"><ele>878</ele></trkpt>
      <trkpt lat="44.436808" lon="9.632233"><ele>876</ele></trkpt>
      <trkpt lat="44.436874" lon="9.632491"><ele>875</ele></trkpt>
      <trkpt lat="44.436939" lon="9.632910"><ele>868</ele></trkpt>
      <trkpt lat="44.436927" lon="9.633120"><ele>866</ele></trkpt>
      <trkpt lat="44.436884" lon="9.633280"><ele>864</ele></trkpt>
      <trkpt lat="44.436808" lon="9.633450"><ele>864</ele></trkpt>
      <trkpt lat="44.436534" lon="9.633775"><ele>864</ele></trkpt>
      <trkpt lat="44.436497" lon="9.633858"><ele>864</ele></trkpt>
      <trkpt lat="44.436394" lon="9.634258"><ele>863</ele></trkpt>
      <trkpt lat="44.436356" lon="9.634353"><ele>864</ele></trkpt>
      <trkpt lat="44.436319" lon="9.634425"><ele>864</ele></trkpt>
      <trkpt lat="44.436159" lon="9.634623"><ele>864</ele></trkpt>
      <trkpt lat="44.436109" lon="9.634728"><ele>864</ele></trkpt>
      <trkpt lat="44.436115" lon="9.634850"><ele>865</ele></trkpt>
      <trkpt lat="44.436165" lon="9.634933"><ele>865</ele></trkpt>
      <trkpt lat="44.436252" lon="9.634971"><ele>866</ele></trkpt>
      <trkpt lat="44.436335" lon="9.634973"><ele>866</ele></trkpt>
      <trkpt lat="44.436450" lon="9.634932"><ele>867</ele></trkpt>
      <trkpt lat="44.436754" lon="9.634761"><ele>866</ele></trkpt>
      <trkpt lat="44.436832" lon="9.634738"><ele>866</ele></trkpt>
      <trkpt lat="44.437012" lon="9.634771"><ele>865</ele></trkpt>
      <trkpt lat="44.437242" lon="9.634682"><ele>864</ele></trkpt>
      <trkpt lat="44.437332" lon="9.634714"><ele>863</ele></trkpt>
      <trkpt lat="44.437804" lon="9.635166"><ele>860</ele></trkpt>
      <trkpt lat="44.437887" lon="9.635203"><ele>861</ele></trkpt>
      <trkpt lat="44.437976" lon="9.635191"><ele>861</ele></trkpt>
      <trkpt lat="44.438064" lon="9.635132"><ele>861</ele></trkpt>
      <trkpt lat="44.438169" lon="9.635019"><ele>854</ele></trkpt>
      <trkpt lat="44.438241" lon="9.634998"><ele>874</ele></trkpt>
      <trkpt lat="44.438311" lon="9.634992"><ele>874</ele></trkpt>
      <trkpt lat="44.438225" lon="9.634579"><ele>874</ele></trkpt>
      <trkpt lat="44.438188" lon="9.634275"><ele>874</ele></trkpt>
      <trkpt lat="44.438165" lon="9.633524"><ele>873</ele></trkpt>
      <trkpt lat="44.438134" lon="9.633369"><ele>872</ele></trkpt>
      <trkpt lat="44.438064" lon="9.633138"><ele>872</ele></trkpt>
      <trkpt lat="44.438041" lon="9.632855"><ele>871</ele></trkpt>
      <trkpt lat="44.438118" lon="9.632554"><ele>870</ele></trkpt>
      <trkpt lat="44.438411" lon="9.631809"><ele>850</ele></trkpt>
      <trkpt lat="44.438530" lon="9.631680"><ele>844</ele></trkpt>
      <trkpt lat="44.439066" lon="9.631240"><ele>840</ele></trkpt>
      <trkpt lat="44.439147" lon="9.631100"><ele>838</ele></trkpt>
      <trkpt lat="44.439187" lon="9.630945"><ele>837</ele></trkpt>
      <trkpt lat="44.439202" lon="9.630768"><ele>837</ele></trkpt>
      <trkpt lat="44.439181" lon="9.630320"><ele>836</ele></trkpt>
      <trkpt lat="44.439194" lon="9.630164"><ele>836</ele></trkpt>
      <trkpt lat="44.439234" lon="9.630038"><ele>835</ele></trkpt>
      <trkpt lat="44.439416" lon="9.629671"><ele>835</ele></trkpt>
      <trkpt lat="44.439448" lon="9.629551"><ele>834</ele></trkpt>
      <trkpt lat="44.439486" lon="9.629182"><ele>834</ele></trkpt>
      <trkpt lat="44.439536" lon="9.628934"><ele>833</ele></trkpt>
      <trkpt lat="44.439612" lon="9.628668"><ele>833</ele></trkpt>
      <trkpt lat="44.439652" lon="9.628445"><ele>831</ele></trkpt>
      <trkpt lat="44.439697" lon="9.627725"><ele>829</ele></trkpt>
      <trkpt lat="44.439677" lon="9.627154"><ele>828</ele></trkpt>
      <trkpt lat="44.439691" lon="9.627043"><ele>828</ele></trkpt>
      <trkpt lat="44.439742" lon="9.626967"><ele>828</ele></trkpt>
      <trkpt lat="44.439812" lon="9.626918"><ele>827</ele></trkpt>
      <trkpt lat="44.440122" lon="9.626800"><ele>827</ele></trkpt>
      <trkpt lat="44.440251" lon="9.626771"><ele>827</ele></trkpt>
      <trkpt lat="44.440564" lon="9.626806"><ele>821</ele></trkpt>
      <trkpt lat="44.440640" lon="9.626819"><ele>820</ele></trkpt>
      <trkpt lat="44.440765" lon="9.626792"><ele>820</ele></trkpt>
      <trkpt lat="44.440847" lon="9.626747"><ele>821</ele></trkpt>
      <trkpt lat="44.440913" lon="9.626673"><ele>821</ele></trkpt>
      <trkpt lat="44.441162" lon="9.626293"><ele>821</ele></trkpt>
      <trkpt lat="44.441423" lon="9.625826"><ele>821</ele></trkpt>
      <trkpt lat="44.441718" lon="9.625211"><ele>816</ele></trkpt>
      <trkpt lat="44.441885" lon="9.625064"><ele>810</ele></trkpt>
      <trkpt lat="44.442504" lon="9.624757"><ele>803</ele></trkpt>
      <trkpt lat="44.442646" lon="9.624672"><ele>809</ele></trkpt>
      <trkpt lat="44.442708" lon="9.624578"><ele>810</ele></trkpt>
      <trkpt lat="44.442749" lon="9.624442"><ele>811</ele></trkpt>
      <trkpt lat="44.442752" lon="9.624319"><ele>812</ele></trkpt>
      <trkpt lat="44.442724" lon="9.624196"><ele>812</ele></trkpt>
      <trkpt lat="44.442567" lon="9.623892"><ele>812</ele></trkpt>
      <trkpt lat="44.442521" lon="9.623742"><ele>813</ele></trkpt>
      <trkpt lat="44.442509" lon="9.623631"><ele>813</ele></trkpt>
      <trkpt lat="44.442523" lon="9.623436"><ele>813</ele></trkpt>
      <trkpt lat="44.442585" lon="9.623244"><ele>813</ele></trkpt>
      <trkpt lat="44.442650" lon="9.623098"><ele>813</ele></trkpt>
      <trkpt lat="44.442719" lon="9.622996"><ele>813</ele></trkpt>
      <trkpt lat="44.442809" lon="9.622913"><ele>813</ele></trkpt>
      <trkpt lat="44.442890" lon="9.622870"><ele>813</ele></trkpt>
      <trkpt lat="44.443298" lon="9.622780"><ele>813</ele></trkpt>
      <trkpt lat="44.443447" lon="9.622679"><ele>810</ele></trkpt>
      <trkpt lat="44.443602" lon="9.622556"><ele>810</ele></trkpt>
      <trkpt lat="44.443677" lon="9.622538"><ele>810</ele></trkpt>
      <trkpt lat="44.443730" lon="9.622536"><ele>810</ele></trkpt>
      <trkpt lat="44.443836" lon="9.622598"><ele>810</ele></trkpt>
      <trkpt lat="44.443886" lon="9.622656"><ele>810</ele></trkpt>
      <trkpt lat="44.443959" lon="9.622796"><ele>810</ele></trkpt>
      <trkpt lat="44.444068" lon="9.622988"><ele>810</ele></trkpt>
      <trkpt lat="44.444228" lon="9.623034"><ele>807</ele></trkpt>
      <trkpt lat="44.444659" lon="9.622853"><ele>807</ele></trkpt>
      <trkpt lat="44.444931" lon="9.622838"><ele>806</ele></trkpt>
      <trkpt lat="44.446125" lon="9.623381"><ele>792</ele></trkpt>
      <trkpt lat="44.446206" lon="9.623375"><ele>792</ele></trkpt>
      <trkpt lat="44.446302" lon="9.623343"><ele>802</ele></trkpt>
      <trkpt lat="44.446524" lon="9.623168"><ele>802</ele></trkpt>
      <trkpt lat="44.446840" lon="9.623033"><ele>800</ele></trkpt>
      <trkpt lat="44.447138" lon="9.622932"><ele>800</ele></trkpt>
      <trkpt lat="44.447283" lon="9.622888"><ele>800</ele></trkpt>
      <trkpt lat="44.447429" lon="9.622878"><ele>797</ele></trkpt>
      <trkpt lat="44.447568" lon="9.622990"><ele>792</ele></trkpt>
      <trkpt lat="44.447769" lon="9.623242"><ele>792</ele></trkpt>
      <trkpt lat="44.448175" lon="9.623766"><ele>788</ele></trkpt>
      <trkpt lat="44.448221" lon="9.623857"><ele>788</ele></trkpt>
      <trkpt lat="44.448260" lon="9.624030"><ele>788</ele></trkpt>
      <trkpt lat="44.448303" lon="9.624264"><ele>780</ele></trkpt>
      <trkpt lat="44.448374" lon="9.624541"><ele>789</ele></trkpt>
      <trkpt lat="44.448465" lon="9.624687"><ele>789</ele></trkpt>
      <trkpt lat="44.448776" lon="9.624972"><ele>789</ele></trkpt>
      <trkpt lat="44.448921" lon="9.625047"><ele>786</ele></trkpt>
      <trkpt lat="44.449260" lon="9.625042"><ele>789</ele></trkpt>
      <trkpt lat="44.449799" lon="9.624943"><ele>803</ele></trkpt>
      <trkpt lat="44.449924" lon="9.624904"><ele>803</ele></trkpt>
      <trkpt lat="44.450045" lon="9.624839"><ele>803</ele></trkpt>
      <trkpt lat="44.450172" lon="9.624724"><ele>803</ele></trkpt>
      <trkpt lat="44.450259" lon="9.624592"><ele>806</ele></trkpt>
      <trkpt lat="44.450420" lon="9.623999"><ele>808</ele></trkpt>
      <trkpt lat="44.450451" lon="9.623956"><ele>813</ele></trkpt>
      <trkpt lat="44.450601" lon="9.623926"><ele>809</ele></trkpt>
      <trkpt lat="44.450851" lon="9.624007"><ele>801</ele></trkpt>
      <trkpt lat="44.451282" lon="9.624186"><ele>791</ele></trkpt>
      <trkpt lat="44.451407" lon="9.624266"><ele>791</ele></trkpt>
      <trkpt lat="44.451538" lon="9.624442"><ele>792</ele></trkpt>
      <trkpt lat="44.451680" lon="9.624683"><ele>792</ele></trkpt>
      <trkpt lat="44.451823" lon="9.624884"><ele>785</ele></trkpt>
      <trkpt lat="44.451950" lon="9.625013"><ele>784</ele></trkpt>
      <trkpt lat="44.452424" lon="9.625384"><ele>780</ele></trkpt>
      <trkpt lat="44.452754" lon="9.625700"><ele>793</ele></trkpt>
      <trkpt lat="44.452837" lon="9.625745"><ele>793</ele></trkpt>
      <trkpt lat="44.452996" lon="9.625752"><ele>793</ele></trkpt>
      <trkpt lat="44.453058" lon="9.625733"><ele>796</ele></trkpt>
      <trkpt lat="44.453151" lon="9.625662"><ele>798</ele></trkpt>
      <trkpt lat="44.453249" lon="9.625510"><ele>798</ele></trkpt>
      <trkpt lat="44.453622" lon="9.624286"><ele>803</ele></trkpt>
      <trkpt lat="44.453826" lon="9.624078"><ele>806</ele></trkpt>
      <trkpt lat="44.454104" lon="9.623667"><ele>806</ele></trkpt>
      <trkpt lat="44.454339" lon="9.623277"><ele>807</ele></trkpt>
      <trkpt lat="44.454445" lon="9.623134"><ele>806</ele></trkpt>
      <trkpt lat="44.454513" lon="9.623095"><ele>806</ele></trkpt>
      <trkpt lat="44.454611" lon="9.623059"><ele>805</ele></trkpt>
      <trkpt lat="44.454773" lon="9.623088"><ele>805</ele></trkpt>
      <trkpt lat="44.454917" lon="9.623158"><ele>803</ele></trkpt>
      <trkpt lat="44.455031" lon="9.623245"><ele>803</ele></trkpt>
      <trkpt lat="44.455614" lon="9.623998"><ele>804</ele></trkpt>
      <trkpt lat="44.455838" lon="9.624565"><ele>806</ele></trkpt>
      <trkpt lat="44.456059" lon="9.624868"><ele>806</ele></trkpt>
      <trkpt lat="44.456141" lon="9.624942"><ele>806</ele></trkpt>
      <trkpt lat="44.456238" lon="9.624955"><ele>807</ele></trkpt>
      <trkpt lat="44.456344" lon="9.624894"><ele>807</ele></trkpt>
      <trkpt lat="44.456574" lon="9.624436"><ele>807</ele></trkpt>
      <trkpt lat="44.456808" lon="9.624197"><ele>813</ele></trkpt>
      <trkpt lat="44.456869" lon="9.624124"><ele>823</ele></trkpt>
      <trkpt lat="44.456935" lon="9.623996"><ele>823</ele></trkpt>
      <trkpt lat="44.457126" lon="9.623368"><ele>823</ele></trkpt>
      <trkpt lat="44.457196" lon="9.623238"><ele>823</ele></trkpt>
      <trkpt lat="44.457268" lon="9.623159"><ele>823</ele></trkpt>
      <trkpt lat="44.457567" lon="9.623017"><ele>822</ele></trkpt>
      <trkpt lat="44.457670" lon="9.622956"><ele>822</ele></trkpt>
      <trkpt lat="44.457818" lon="9.622831"><ele>822</ele></trkpt>
      <trkpt lat="44.458259" lon="9.622462"><ele>821</ele></trkpt>
      <trkpt lat="44.458528" lon="9.622284"><ele>820</ele></trkpt>
      <trkpt lat="44.459059" lon="9.622095"><ele>822</ele></trkpt>
      <trkpt lat="44.459163" lon="9.622104"><ele>822</ele></trkpt>
      <trkpt lat="44.459265" lon="9.622166"><ele>822</ele></trkpt>
      <trkpt lat="44.459344" lon="9.622280"><ele>822</ele></trkpt>
      <trkpt lat="44.459483" lon="9.622598"><ele>823</ele></trkpt>
      <trkpt lat="44.459549" lon="9.622687"><ele>823</ele></trkpt>
      <trkpt lat="44.459651" lon="9.622728"><ele>824</ele></trkpt>
      <trkpt lat="44.459762" lon="9.622731"><ele>824</ele></trkpt>
      <trkpt lat="44.459849" lon="9.622687"><ele>825</ele></trkpt>
      <trkpt lat="44.459925" lon="9.622607"><ele>826</ele></trkpt>
      <trkpt lat="44.460158" lon="9.622273"><ele>826</ele></trkpt>
      <trkpt lat="44.460233" lon="9.622205"><ele>826</ele></trkpt>
      <trkpt lat="44.460338" lon="9.622165"><ele>826</ele></trkpt>
      <trkpt lat="44.460753" lon="9.622185"><ele>826</ele></trkpt>
      <trkpt lat="44.461300" lon="9.622298"><ele>827</ele></trkpt>
      <trkpt lat="44.461741" lon="9.622371"><ele>822</ele></trkpt>
      <trkpt lat="44.461822" lon="9.622358"><ele>820</ele></trkpt>
      <trkpt lat="44.462110" lon="9.622211"><ele>819</ele></trkpt>
      <trkpt lat="44.462372" lon="9.622130"><ele>818</ele></trkpt>
      <trkpt lat="44.462449" lon="9.622036"><ele>817</ele></trkpt>
      <trkpt lat="44.462496" lon="9.621917"><ele>817</ele></trkpt>
      <trkpt lat="44.462511" lon="9.621614"><ele>816</ele></trkpt>
      <trkpt lat="44.462547" lon="9.621469"><ele>816</ele></trkpt>
      <trkpt lat="44.462607" lon="9.621339"><ele>815</ele></trkpt>
      <trkpt lat="44.462686" lon="9.621259"><ele>815</ele></trkpt>
      <trkpt lat="44.462786" lon="9.621263"><ele>815</ele></trkpt>
      <trkpt lat="44.462873" lon="9.621328"><ele>814</ele></trkpt>
      <trkpt lat="44.462936" lon="9.621458"><ele>814</ele></trkpt>
      <trkpt lat="44.462995" lon="9.621817"><ele>814</ele></trkpt>
      <trkpt lat="44.463079" lon="9.621979"><ele>814</ele></trkpt>
      <trkpt lat="44.463186" lon="9.622052"><ele>814</ele></trkpt>
      <trkpt lat="44.463455" lon="9.622124"><ele>814</ele></trkpt>
      <trkpt lat="44.463565" lon="9.622106"><ele>814</ele></trkpt>
      <trkpt lat="44.463900" lon="9.621869"><ele>812</ele></trkpt>
      <trkpt lat="44.464053" lon="9.621786"><ele>810</ele></trkpt>
      <trkpt lat="44.465357" lon="9.621384"><ele>793</ele></trkpt>
      <trkpt lat="44.465430" lon="9.621311"><ele>792</ele></trkpt>
      <trkpt lat="44.465479" lon="9.621191"><ele>791</ele></trkpt>
      <trkpt lat="44.465490" lon="9.621034"><ele>791</ele></trkpt>
      <trkpt lat="44.465468" lon="9.620869"><ele>791</ele></trkpt>
      <trkpt lat="44.465400" lon="9.620675"><ele>791</ele></trkpt>
      <trkpt lat="44.465333" lon="9.620563"><ele>792</ele></trkpt>
      <trkpt lat="44.465069" lon="9.620310"><ele>792</ele></trkpt>
      <trkpt lat="44.465017" lon="9.620240"><ele>792</ele></trkpt>
      <trkpt lat="44.464988" lon="9.620141"><ele>793</ele></trkpt>
      <trkpt lat="44.464988" lon="9.620035"><ele>792</ele></trkpt>
      <trkpt lat="44.465023" lon="9.619928"><ele>791</ele></trkpt>
      <trkpt lat="44.465180" lon="9.619617"><ele>791</ele></trkpt>
      <trkpt lat="44.465304" lon="9.619434"><ele>792</ele></trkpt>
      <trkpt lat="44.465600" lon="9.619118"><ele>791</ele></trkpt>
      <trkpt lat="44.465855" lon="9.618881"><ele>790</ele></trkpt>
      <trkpt lat="44.466066" lon="9.618748"><ele>789</ele></trkpt>
      <trkpt lat="44.466185" lon="9.618714"><ele>789</ele></trkpt>
      <trkpt lat="44.466282" lon="9.618727"><ele>788</ele></trkpt>
      <trkpt lat="44.466463" lon="9.618812"><ele>788</ele></trkpt>
      <trkpt lat="44.466552" lon="9.618834"><ele>788</ele></trkpt>
      <trkpt lat="44.466630" lon="9.618829"><ele>787</ele></trkpt>
      <trkpt lat="44.466823" lon="9.618752"><ele>787</ele></trkpt>
      <trkpt lat="44.466936" lon="9.618741"><ele>787</ele></trkpt>
      <trkpt lat="44.467039" lon="9.618783"><ele>781</ele></trkpt>
      <trkpt lat="44.467304" lon="9.618941"><ele>775</ele></trkpt>
      <trkpt lat="44.467395" lon="9.618947"><ele>773</ele></trkpt>
      <trkpt lat="44.467481" lon="9.618924"><ele>772</ele></trkpt>
      <trkpt lat="44.468323" lon="9.618420"><ele>771</ele></trkpt>
      <trkpt lat="44.468420" lon="9.618342"><ele>771</ele></trkpt>
      <trkpt lat="44.468516" lon="9.618208"><ele>773</ele></trkpt>
      <trkpt lat="44.468586" lon="9.618060"><ele>774</ele></trkpt>
      <trkpt lat="44.468642" lon="9.617895"><ele>775</ele></trkpt>
      <trkpt lat="44.468701" lon="9.617562"><ele>774</ele></trkpt>
      <trkpt lat="44.468754" lon="9.617134"><ele>775</ele></trkpt>
      <trkpt lat="44.468764" lon="9.616568"><ele>774</ele></trkpt>
      <trkpt lat="44.468792" lon="9.616477"><ele>773</ele></trkpt>
      <trkpt lat="44.468854" lon="9.616378"><ele>773</ele></trkpt>
      <trkpt lat="44.468956" lon="9.616295"><ele>772</ele></trkpt>
      <trkpt lat="44.469346" lon="9.616125"><ele>772</ele></trkpt>
      <trkpt lat="44.469544" lon="9.616136"><ele>768</ele></trkpt>
      <trkpt lat="44.469640" lon="9.616162"><ele>767</ele></trkpt>
      <trkpt lat="44.469719" lon="9.616216"><ele>767</ele></trkpt>
      <trkpt lat="44.469822" lon="9.616316"><ele>767</ele></trkpt>
      <trkpt lat="44.470106" lon="9.616725"><ele>765</ele></trkpt>
      <trkpt lat="44.470524" lon="9.617117"><ele>761</ele></trkpt>
      <trkpt lat="44.470601" lon="9.617162"><ele>761</ele></trkpt>
      <trkpt lat="44.470733" lon="9.617157"><ele>761</ele></trkpt>
      <trkpt lat="44.471100" lon="9.616972"><ele>758</ele></trkpt>
      <trkpt lat="44.471185" lon="9.616958"><ele>757</ele></trkpt>
      <trkpt lat="44.471624" lon="9.617118"><ele>748</ele></trkpt>
      <trkpt lat="44.471898" lon="9.617164"><ele>744</ele></trkpt>
      <trkpt lat="44.471992" lon="9.617205"><ele>743</ele></trkpt>
      <trkpt lat="44.472137" lon="9.617307"><ele>740</ele></trkpt>
      <trkpt lat="44.472196" lon="9.617371"><ele>740</ele></trkpt>
      <trkpt lat="44.472360" lon="9.617644"><ele>739</ele></trkpt>
      <trkpt lat="44.472455" lon="9.617702"><ele>738</ele></trkpt>
      <trkpt lat="44.472545" lon="9.617698"><ele>739</ele></trkpt>
      <trkpt lat="44.472767" lon="9.617585"><ele>740</ele></trkpt>
      <trkpt lat="44.472845" lon="9.617566"><ele>741</ele></trkpt>
      <trkpt lat="44.473074" lon="9.617580"><ele>742</ele></trkpt>
      <trkpt lat="44.473155" lon="9.617567"><ele>743</ele></trkpt>
      <trkpt lat="44.473700" lon="9.617273"><ele>744</ele></trkpt>
      <trkpt lat="44.473868" lon="9.617276"><ele>744</ele></trkpt>
      <trkpt lat="44.474157" lon="9.617358"><ele>749</ele></trkpt>
      <trkpt lat="44.474264" lon="9.617349"><ele>736</ele></trkpt>
      <trkpt lat="44.474359" lon="9.617302"><ele>736</ele></trkpt>
      <trkpt lat="44.474438" lon="9.617228"><ele>736</ele></trkpt>
      <trkpt lat="44.474490" lon="9.617122"><ele>735</ele></trkpt>
      <trkpt lat="44.474747" lon="9.616354"><ele>730</ele></trkpt>
      <trkpt lat="44.474765" lon="9.616241"><ele>730</ele></trkpt>
      <trkpt lat="44.474745" lon="9.616012"><ele>729</ele></trkpt>
      <trkpt lat="44.474601" lon="9.615512"><ele>727</ele></trkpt>
      <trkpt lat="44.474593" lon="9.615393"><ele>727</ele></trkpt>
      <trkpt lat="44.474607" lon="9.615257"><ele>726</ele></trkpt>
      <trkpt lat="44.474640" lon="9.615139"><ele>725</ele></trkpt>
      <trkpt lat="44.474764" lon="9.614907"><ele>724</ele></trkpt>
      <trkpt lat="44.474831" lon="9.614850"><ele>724</ele></trkpt>
      <trkpt lat="44.474957" lon="9.614860"><ele>724</ele></trkpt>
      <trkpt lat="44.475075" lon="9.614957"><ele>724</ele></trkpt>
      <trkpt lat="44.475153" lon="9.615058"><ele>711</ele></trkpt>
      <trkpt lat="44.475203" lon="9.615148"><ele>710</ele></trkpt>
      <trkpt lat="44.475244" lon="9.615299"><ele>710</ele></trkpt>
      <trkpt lat="44.475298" lon="9.615763"><ele>709</ele></trkpt>
      <trkpt lat="44.475331" lon="9.615922"><ele>707</ele></trkpt>
      <trkpt lat="44.475432" lon="9.616249"><ele>704</ele></trkpt>
      <trkpt lat="44.475465" lon="9.616437"><ele>703</ele></trkpt>
      <trkpt lat="44.475487" lon="9.616761"><ele>700</ele></trkpt>
      <trkpt lat="44.475520" lon="9.616916"><ele>699</ele></trkpt>
      <trkpt lat="44.475588" lon="9.617050"><ele>698</ele></trkpt>
      <trkpt lat="44.476028" lon="9.617503"><ele>695</ele></trkpt>
      <trkpt lat="44.476129" lon="9.617564"><ele>694</ele></trkpt>
      <trkpt lat="44.476413" lon="9.617625"><ele>694</ele></trkpt>
      <trkpt lat="44.476570" lon="9.617784"><ele>692</ele></trkpt>
      <trkpt lat="44.476668" lon="9.617951"><ele>690</ele></trkpt>
      <trkpt lat="44.476715" lon="9.618108"><ele>688</ele></trkpt>
      <trkpt lat="44.476748" lon="9.618474"><ele>686</ele></trkpt>
      <trkpt lat="44.476780" lon="9.618608"><ele>685</ele></trkpt>
      <trkpt lat="44.476838" lon="9.618737"><ele>684</ele></trkpt>
      <trkpt lat="44.477070" lon="9.619140"><ele>678</ele></trkpt>
      <trkpt lat="44.477124" lon="9.619273"><ele>678</ele></trkpt>
      <trkpt lat="44.477144" lon="9.619378"><ele>678</ele></trkpt>
      <trkpt lat="44.477140" lon="9.619500"><ele>677</ele></trkpt>
      <trkpt lat="44.477079" lon="9.619825"><ele>677</ele></trkpt>
      <trkpt lat="44.477092" lon="9.620348"><ele>675</ele></trkpt>
      <trkpt lat="44.477120" lon="9.620534"><ele>675</ele></trkpt>
      <trkpt lat="44.477160" lon="9.620616"><ele>675</ele></trkpt>
      <trkpt lat="44.477219" lon="9.620662"><ele>676</ele></trkpt>
      <trkpt lat="44.477285" lon="9.620670"><ele>677</ele></trkpt>
      <trkpt lat="44.477529" lon="9.620613"><ele>678</ele></trkpt>
      <trkpt lat="44.477654" lon="9.620621"><ele>677</ele></trkpt>
      <trkpt lat="44.477955" lon="9.620728"><ele>676</ele></trkpt>
      <trkpt lat="44.478025" lon="9.620788"><ele>676</ele></trkpt>
      <trkpt lat="44.478299" lon="9.621138"><ele>675</ele></trkpt>
      <trkpt lat="44.478519" lon="9.621326"><ele>676</ele></trkpt>
      <trkpt lat="44.478635" lon="9.621398"><ele>676</ele></trkpt>
      <trkpt lat="44.478744" lon="9.621426"><ele>676</ele></trkpt>
      <trkpt lat="44.478833" lon="9.621416"><ele>676</ele></trkpt>
      <trkpt lat="44.479085" lon="9.621275"><ele>675</ele></trkpt>
      <trkpt lat="44.479269" lon="9.621211"><ele>664</ele></trkpt>
      <trkpt lat="44.479898" lon="9.621180"><ele>663</ele></trkpt>
      <trkpt lat="44.479998" lon="9.621197"><ele>663</ele></trkpt>
      <trkpt lat="44.480091" lon="9.621234"><ele>663</ele></trkpt>
      <trkpt lat="44.480840" lon="9.621797"><ele>657</ele></trkpt>
      <trkpt lat="44.481058" lon="9.621937"><ele>657</ele></trkpt>
      <trkpt lat="44.481474" lon="9.622052"><ele>646</ele></trkpt>
      <trkpt lat="44.481787" lon="9.622163"><ele>643</ele></trkpt>
      <trkpt lat="44.482268" lon="9.622246"><ele>644</ele></trkpt>
      <trkpt lat="44.482450" lon="9.622238"><ele>635</ele></trkpt>
      <trkpt lat="44.482588" lon="9.622204"><ele>627</ele></trkpt>
      <trkpt lat="44.483110" lon="9.621993"><ele>628</ele></trkpt>
      <trkpt lat="44.483527" lon="9.621866"><ele>624</ele></trkpt>
      <trkpt lat="44.483696" lon="9.621878"><ele>625</ele></trkpt>
      <trkpt lat="44.483917" lon="9.621987"><ele>626</ele></trkpt>
      <trkpt lat="44.484426" lon="9.622129"><ele>627</ele></trkpt>
      <trkpt lat="44.484483" lon="9.622186"><ele>628</ele></trkpt>
      <trkpt lat="44.484513" lon="9.622330"><ele>629</ele></trkpt>
      <trkpt lat="44.484489" lon="9.622863"><ele>630</ele></trkpt>
      <trkpt lat="44.484508" lon="9.623233"><ele>630</ele></trkpt>
      <trkpt lat="44.484717" lon="9.624458"><ele>641</ele></trkpt>
      <trkpt lat="44.484867" lon="9.624828"><ele>641</ele></trkpt>
      <trkpt lat="44.485035" lon="9.625120"><ele>628</ele></trkpt>
      <trkpt lat="44.485182" lon="9.625247"><ele>623</ele></trkpt>
      <trkpt lat="44.485320" lon="9.625388"><ele>623</ele></trkpt>
      <trkpt lat="44.485367" lon="9.625462"><ele>623</ele></trkpt>
      <trkpt lat="44.485414" lon="9.625604"><ele>623</ele></trkpt>
      <trkpt lat="44.485429" lon="9.625835"><ele>624</ele></trkpt>
      <trkpt lat="44.485464" lon="9.625874"><ele>624</ele></trkpt>
      <trkpt lat="44.485474" lon="9.626097"><ele>624</ele></trkpt>
      <trkpt lat="44.485471" lon="9.626278"><ele>611</ele></trkpt>
      <trkpt lat="44.485415" lon="9.626619"><ele>610</ele></trkpt>
      <trkpt lat="44.485351" lon="9.626812"><ele>608</ele></trkpt>
      <trkpt lat="44.485267" lon="9.626929"><ele>608</ele></trkpt>
      <trkpt lat="44.485178" lon="9.626979"><ele>609</ele></trkpt>
      <trkpt lat="44.484990" lon="9.627369"><ele>603</ele></trkpt>
      <trkpt lat="44.484916" lon="9.627527"><ele>586</ele></trkpt>
      <trkpt lat="44.484882" lon="9.627740"><ele>587</ele></trkpt>
      <trkpt lat="44.484882" lon="9.627930"><ele>588</ele></trkpt>
      <trkpt lat="44.484862" lon="9.628088"><ele>582</ele></trkpt>
      <trkpt lat="44.484771" lon="9.628093"><ele>582</ele></trkpt>
      <trkpt lat="44.484712" lon="9.628126"><ele>582</ele></trkpt>
      <trkpt lat="44.484692" lon="9.628196"><ele>582</ele></trkpt>
      <trkpt lat="44.484661" lon="9.628242"><ele>582</ele></trkpt>
      <trkpt lat="44.484530" lon="9.628329"><ele>582</ele></trkpt>
      <trkpt lat="44.484587" lon="9.628544"><ele>571</ele></trkpt>
      <trkpt lat="44.484685" lon="9.628760"><ele>571</ele></trkpt>
      <trkpt lat="44.484758" lon="9.628838"><ele>571</ele></trkpt>
      <trkpt lat="44.484837" lon="9.628889"><ele>571</ele></trkpt>
      <trkpt lat="44.485237" lon="9.629023"><ele>571</ele></trkpt>
      <trkpt lat="44.485333" lon="9.629077"><ele>571</ele></trkpt>
      <trkpt lat="44.485405" lon="9.629137"><ele>570</ele></trkpt>
      <trkpt lat="44.485543" lon="9.629327"><ele>570</ele></trkpt>
      <trkpt lat="44.485623" lon="9.629510"><ele>562</ele></trkpt>
      <trkpt lat="44.486038" lon="9.630877"><ele>555</ele></trkpt>
      <trkpt lat="44.486108" lon="9.631078"><ele>556</ele></trkpt>
      <trkpt lat="44.486191" lon="9.631233"><ele>553</ele></trkpt>
      <trkpt lat="44.486330" lon="9.631394"><ele>552</ele></trkpt>
      <trkpt lat="44.486736" lon="9.631776"><ele>551</ele></trkpt>
      <trkpt lat="44.486804" lon="9.631821"><ele>551</ele></trkpt>
      <trkpt lat="44.487017" lon="9.631899"><ele>550</ele></trkpt>
      <trkpt lat="44.487123" lon="9.631919"><ele>550</ele></trkpt>
      <trkpt lat="44.487224" lon="9.631913"><ele>550</ele></trkpt>
      <trkpt lat="44.487996" lon="9.631747"><ele>547</ele></trkpt>
      <trkpt lat="44.488407" lon="9.631650"><ele>548</ele></trkpt>
      <trkpt lat="44.488564" lon="9.631577"><ele>548</ele></trkpt>
      <trkpt lat="44.488718" lon="9.631447"><ele>548</ele></trkpt>
      <trkpt lat="44.488981" lon="9.631116"><ele>548</ele></trkpt>
      <trkpt lat="44.489152" lon="9.630904"><ele>534</ele></trkpt>
      <trkpt lat="44.489246" lon="9.630852"><ele>534</ele></trkpt>
      <trkpt lat="44.489296" lon="9.630877"><ele>535</ele></trkpt>
      <trkpt lat="44.489326" lon="9.630937"><ele>535</ele></trkpt>
      <trkpt lat="44.489319" lon="9.631010"><ele>536</ele></trkpt>
      <trkpt lat="44.489292" lon="9.631070"><ele>536</ele></trkpt>
      <trkpt lat="44.489016" lon="9.631343"><ele>537</ele></trkpt>
      <trkpt lat="44.488785" lon="9.631740"><ele>536</ele></trkpt>
      <trkpt lat="44.488617" lon="9.631977"><ele>536</ele></trkpt>
      <trkpt lat="44.488473" lon="9.632108"><ele>536</ele></trkpt>
      <trkpt lat="44.488045" lon="9.632438"><ele>536</ele></trkpt>
      <trkpt lat="44.487943" lon="9.632622"><ele>536</ele></trkpt>
      <trkpt lat="44.487934" lon="9.632813"><ele>537</ele></trkpt>
      <trkpt lat="44.487979" lon="9.632914"><ele>536</ele></trkpt>
      <trkpt lat="44.488094" lon="9.632994"><ele>535</ele></trkpt>
      <trkpt lat="44.488205" lon="9.632990"><ele>534</ele></trkpt>
      <trkpt lat="44.488298" lon="9.632940"><ele>534</ele></trkpt>
      <trkpt lat="44.488559" lon="9.632546"><ele>534</ele></trkpt>
      <trkpt lat="44.488725" lon="9.632423"><ele>535</ele></trkpt>
      <trkpt lat="44.489075" lon="9.632289"><ele>535</ele></trkpt>
      <trkpt lat="44.489230" lon="9.632196"><ele>518</ele></trkpt>
      <trkpt lat="44.489462" lon="9.631981"><ele>512</ele></trkpt>
      <trkpt lat="44.490316" lon="9.631051"><ele>508</ele></trkpt>
      <trkpt lat="44.490454" lon="9.630927"><ele>506</ele></trkpt>
      <trkpt lat="44.490646" lon="9.630814"><ele>509</ele></trkpt>
      <trkpt lat="44.490787" lon="9.630760"><ele>510</ele></trkpt>
      <trkpt lat="44.491043" lon="9.630650"><ele>496</ele></trkpt>
      <trkpt lat="44.491256" lon="9.630559"><ele>496</ele></trkpt>
      <trkpt lat="44.491659" lon="9.630389"><ele>496</ele></trkpt>
      <trkpt lat="44.491940" lon="9.630282"><ele>486</ele></trkpt>
      <trkpt lat="44.492037" lon="9.630227"><ele>486</ele></trkpt>
      <trkpt lat="44.492270" lon="9.629996"><ele>487</ele></trkpt>
      <trkpt lat="44.492354" lon="9.629877"><ele>488</ele></trkpt>
      <trkpt lat="44.492398" lon="9.629775"><ele>485</ele></trkpt>
      <trkpt lat="44.492479" lon="9.629603"><ele>485</ele></trkpt>
      <trkpt lat="44.492788" lon="9.628903"><ele>491</ele></trkpt>
      <trkpt lat="44.492851" lon="9.628831"><ele>491</ele></trkpt>
      <trkpt lat="44.492921" lon="9.628815"><ele>493</ele></trkpt>
      <trkpt lat="44.493008" lon="9.628890"><ele>494</ele></trkpt>
      <trkpt lat="44.493039" lon="9.628999"><ele>494</ele></trkpt>
      <trkpt lat="44.492966" lon="9.630085"><ele>496</ele></trkpt>
      <trkpt lat="44.493069" lon="9.631194"><ele>497</ele></trkpt>
      <trkpt lat="44.493066" lon="9.631436"><ele>497</ele></trkpt>
      <trkpt lat="44.493029" lon="9.631705"><ele>498</ele></trkpt>
      <trkpt lat="44.492929" lon="9.632236"><ele>502</ele></trkpt>
      <trkpt lat="44.492921" lon="9.632367"><ele>502</ele></trkpt>
      <trkpt lat="44.492943" lon="9.632459"><ele>503</ele></trkpt>
      <trkpt lat="44.493057" lon="9.632539"><ele>503</ele></trkpt>
      <trkpt lat="44.493131" lon="9.632508"><ele>503</ele></trkpt>
      <trkpt lat="44.493246" lon="9.632339"><ele>503</ele></trkpt>
      <trkpt lat="44.493658" lon="9.631223"><ele>518</ele></trkpt>
      <trkpt lat="44.493866" lon="9.630591"><ele>517</ele></trkpt>
      <trkpt lat="44.494002" lon="9.628897"><ele>516</ele></trkpt>
      <trkpt lat="44.494186" lon="9.626193"><ele>544</ele></trkpt>
      <trkpt lat="44.494208" lon="9.626109"><ele>544</ele></trkpt>
      <trkpt lat="44.494251" lon="9.626053"><ele>544</ele></trkpt>
      <trkpt lat="44.494334" lon="9.626034"><ele>544</ele></trkpt>
      <trkpt lat="44.494329" lon="9.626327"><ele>544</ele></trkpt>
      <trkpt lat="44.494261" lon="9.627204"><ele>544</ele></trkpt>
      <trkpt lat="44.494270" lon="9.627364"><ele>544</ele></trkpt>
      <trkpt lat="44.494299" lon="9.627489"><ele>544</ele></trkpt>
      <trkpt lat="44.494459" lon="9.627763"><ele>544</ele></trkpt>
      <trkpt lat="44.494531" lon="9.627921"><ele>544</ele></trkpt>
      <trkpt lat="44.494588" lon="9.628120"><ele>544</ele></trkpt>
      <trkpt lat="44.494974" lon="9.630238"><ele>549</ele></trkpt>
      <trkpt lat="44.495044" lon="9.630414"><ele>563</ele></trkpt>
      <trkpt lat="44.495139" lon="9.630569"><ele>563</ele></trkpt>
      <trkpt lat="44.495190" lon="9.630628"><ele>563</ele></trkpt>
      <trkpt lat="44.495315" lon="9.630713"><ele>565</ele></trkpt>
      <trkpt lat="44.495470" lon="9.630783"><ele>566</ele></trkpt>
      <trkpt lat="44.495615" lon="9.630795"><ele>566</ele></trkpt>
      <trkpt lat="44.495748" lon="9.630756"><ele>566</ele></trkpt>
      <trkpt lat="44.495881" lon="9.630685"><ele>566</ele></trkpt>
      <trkpt lat="44.496607" lon="9.630056"><ele>563</ele></trkpt>
      <trkpt lat="44.496676" lon="9.629955"><ele>563</ele></trkpt>
      <trkpt lat="44.496729" lon="9.629834"><ele>564</ele></trkpt>
      <trkpt lat="44.496755" lon="9.629685"><ele>565</ele></trkpt>
      <trkpt lat="44.496770" lon="9.629408"><ele>566</ele></trkpt>
      <trkpt lat="44.496813" lon="9.629308"><ele>565</ele></trkpt>
      <trkpt lat="44.496879" lon="9.629232"><ele>565</ele></trkpt>
      <trkpt lat="44.496952" lon="9.629206"><ele>565</ele></trkpt>
      <trkpt lat="44.497036" lon="9.629213"><ele>564</ele></trkpt>
      <trkpt lat="44.497244" lon="9.629292"><ele>564</ele></trkpt>
      <trkpt lat="44.497323" lon="9.629295"><ele>564</ele></trkpt>
      <trkpt lat="44.497392" lon="9.629274"><ele>564</ele></trkpt>
      <trkpt lat="44.497463" lon="9.629204"><ele>564</ele></trkpt>
      <trkpt lat="44.497521" lon="9.629085"><ele>564</ele></trkpt>
      <trkpt lat="44.497554" lon="9.628955"><ele>564</ele></trkpt>
      <trkpt lat="44.497556" lon="9.628834"><ele>564</ele></trkpt>
      <trkpt lat="44.497531" lon="9.628702"><ele>564</ele></trkpt>
      <trkpt lat="44.497378" lon="9.628338"><ele>564</ele></trkpt>
      <trkpt lat="44.497335" lon="9.628155"><ele>564</ele></trkpt>
      <trkpt lat="44.497340" lon="9.628061"><ele>563</ele></trkpt>
      <trkpt lat="44.497370" lon="9.627986"><ele>563</ele></trkpt>
      <trkpt lat="44.497497" lon="9.627828"><ele>562</ele></trkpt>
      <trkpt lat="44.497620" lon="9.627797"><ele>560</ele></trkpt>
      <trkpt lat="44.497774" lon="9.627854"><ele>560</ele></trkpt>
      <trkpt lat="44.497885" lon="9.627874"><ele>560</ele></trkpt>
      <trkpt lat="44.497962" lon="9.627867"><ele>560</ele></trkpt>
      <trkpt lat="44.498111" lon="9.627784"><ele>559</ele></trkpt>
      <trkpt lat="44.498281" lon="9.627588"><ele>558</ele></trkpt>
      <trkpt lat="44.498361" lon="9.627524"><ele>558</ele></trkpt>
      <trkpt lat="44.498437" lon="9.627492"><ele>558</ele></trkpt>
      <trkpt lat="44.498521" lon="9.627478"><ele>558</ele></trkpt>
      <trkpt lat="44.498845" lon="9.627524"><ele>556</ele></trkpt>
      <trkpt lat="44.498922" lon="9.627505"><ele>556</ele></trkpt>
      <trkpt lat="44.498989" lon="9.627460"><ele>556</ele></trkpt>
      <trkpt lat="44.499047" lon="9.627381"><ele>555</ele></trkpt>
      <trkpt lat="44.499205" lon="9.627060"><ele>554</ele></trkpt>
      <trkpt lat="44.499270" lon="9.627003"><ele>554</ele></trkpt>
      <trkpt lat="44.499414" lon="9.626961"><ele>544</ele></trkpt>
      <trkpt lat="44.499943" lon="9.626973"><ele>545</ele></trkpt>
      <trkpt lat="44.500158" lon="9.627033"><ele>544</ele></trkpt>
      <trkpt lat="44.500384" lon="9.627159"><ele>543</ele></trkpt>
      <trkpt lat="44.500503" lon="9.627129"><ele>542</ele></trkpt>
      <trkpt lat="44.500563" lon="9.627030"><ele>542</ele></trkpt>
      <trkpt lat="44.500625" lon="9.626816"><ele>542</ele></trkpt>
      <trkpt lat="44.500657" lon="9.626547"><ele>542</ele></trkpt>
      <trkpt lat="44.500618" lon="9.626137"><ele>541</ele></trkpt>
      <trkpt lat="44.500677" lon="9.626020"><ele>541</ele></trkpt>
      <trkpt lat="44.500774" lon="9.625965"><ele>540</ele></trkpt>
      <trkpt lat="44.500848" lon="9.625979"><ele>540</ele></trkpt>
      <trkpt lat="44.500918" lon="9.626033"><ele>541</ele></trkpt>
      <trkpt lat="44.501370" lon="9.626779"><ele>541</ele></trkpt>
      <trkpt lat="44.501452" lon="9.626821"><ele>541</ele></trkpt>
      <trkpt lat="44.501564" lon="9.626817"><ele>541</ele></trkpt>
      <trkpt lat="44.501643" lon="9.626767"><ele>542</ele></trkpt>
      <trkpt lat="44.501731" lon="9.626639"><ele>542</ele></trkpt>
      <trkpt lat="44.501927" lon="9.626126"><ele>542</ele></trkpt>
      <trkpt lat="44.502093" lon="9.625480"><ele>543</ele></trkpt>
      <trkpt lat="44.502165" lon="9.625322"><ele>543</ele></trkpt>
      <trkpt lat="44.502225" lon="9.625268"><ele>546</ele></trkpt>
      <trkpt lat="44.502292" lon="9.625242"><ele>537</ele></trkpt>
      <trkpt lat="44.502362" lon="9.625252"><ele>536</ele></trkpt>
      <trkpt lat="44.502428" lon="9.625287"><ele>535</ele></trkpt>
      <trkpt lat="44.502482" lon="9.625356"><ele>534</ele></trkpt>
      <trkpt lat="44.502547" lon="9.625532"><ele>532</ele></trkpt>
      <trkpt lat="44.502557" lon="9.625655"><ele>532</ele></trkpt>
      <trkpt lat="44.502521" lon="9.626670"><ele>532</ele></trkpt>
      <trkpt lat="44.502525" lon="9.626829"><ele>533</ele></trkpt>
      <trkpt lat="44.502549" lon="9.626960"><ele>522</ele></trkpt>
      <trkpt lat="44.502523" lon="9.627057"><ele>518</ele></trkpt>
      <trkpt lat="44.502543" lon="9.627296"><ele>517</ele></trkpt>
      <trkpt lat="44.502642" lon="9.627542"><ele>515</ele></trkpt>
      <trkpt lat="44.502900" lon="9.628332"><ele>513</ele></trkpt>
      <trkpt lat="44.503318" lon="9.628082"><ele>513</ele></trkpt>
      <trkpt lat="44.503483" lon="9.628635"><ele>505</ele></trkpt>
      <trkpt lat="44.503495" lon="9.628624"><ele>507</ele></trkpt>
      <trkpt lat="44.503959" lon="9.628213"><ele>509</ele></trkpt>
      <trkpt lat="44.504117" lon="9.628113"><ele>508</ele></trkpt>
      <trkpt lat="44.504269" lon="9.628041"><ele>507</ele></trkpt>
      <trkpt lat="44.504713" lon="9.627986"><ele>507</ele></trkpt>
      <trkpt lat="44.504676" lon="9.628171"><ele>507</ele></trkpt>
      <trkpt lat="44.504658" lon="9.628353"><ele>505</ele></trkpt>
      <trkpt lat="44.504668" lon="9.628694"><ele>505</ele></trkpt>
      <trkpt lat="44.504723" lon="9.629639"><ele>505</ele></trkpt>
      <trkpt lat="44.504954" lon="9.629494"><ele>507</ele></trkpt>
      <trkpt lat="44.505045" lon="9.629469"><ele>508</ele></trkpt>
      <trkpt lat="44.505258" lon="9.629481"><ele>509</ele></trkpt>
      <trkpt lat="44.505387" lon="9.629514"><ele>510</ele></trkpt>
      <trkpt lat="44.505676" lon="9.629678"><ele>514</ele></trkpt>
      <trkpt lat="44.506401" lon="9.630247"><ele>518</ele></trkpt>
      <trkpt lat="44.506514" lon="9.630305"><ele>518</ele></trkpt>
      <trkpt lat="44.506627" lon="9.630327"><ele>519</ele></trkpt>
      <trkpt lat="44.506743" lon="9.630301"><ele>520</ele></trkpt>
      <trkpt lat="44.506971" lon="9.630128"><ele>523</ele></trkpt>
      <trkpt lat="44.507644" lon="9.629372"><ele>526</ele></trkpt>
      <trkpt lat="44.507788" lon="9.629264"><ele>526</ele></trkpt>
      <trkpt lat="44.507913" lon="9.629202"><ele>527</ele></trkpt>
      <trkpt lat="44.508031" lon="9.629184"><ele>528</ele></trkpt>
      <trkpt lat="44.508171" lon="9.629203"><ele>529</ele></trkpt>
      <trkpt lat="44.508455" lon="9.629298"><ele>531</ele></trkpt>
      <trkpt lat="44.508698" lon="9.629458"><ele>531</ele></trkpt>
      <trkpt lat="44.508817" lon="9.629573"><ele>531</ele></trkpt>
      <trkpt lat="44.508918" lon="9.629703"><ele>531</ele></trkpt>
      <trkpt lat="44.509142" lon="9.630104"><ele>540</ele></trkpt>
      <trkpt lat="44.509231" lon="9.630288"><ele>540</ele></trkpt>
      <trkpt lat="44.509277" lon="9.630414"><ele>543</ele></trkpt>
      <trkpt lat="44.509325" lon="9.630633"><ele>543</ele></trkpt>
      <trkpt lat="44.509335" lon="9.630884"><ele>545</ele></trkpt>
      <trkpt lat="44.509244" lon="9.632151"><ele>545</ele></trkpt>
      <trkpt lat="44.509240" lon="9.632371"><ele>546</ele></trkpt>
      <trkpt lat="44.509259" lon="9.632561"><ele>547</ele></trkpt>
      <trkpt lat="44.509304" lon="9.632722"><ele>549</ele></trkpt>
      <trkpt lat="44.509374" lon="9.632842"><ele>549</ele></trkpt>
      <trkpt lat="44.509597" lon="9.633051"><ele>549</ele></trkpt>
      <trkpt lat="44.509845" lon="9.633248"><ele>552</ele></trkpt>
      <trkpt lat="44.510015" lon="9.633334"><ele>553</ele></trkpt>
      <trkpt lat="44.510202" lon="9.633390"><ele>553</ele></trkpt>
      <trkpt lat="44.510693" lon="9.633438"><ele>554</ele></trkpt>
      <trkpt lat="44.510866" lon="9.633475"><ele>554</ele></trkpt>
      <trkpt lat="44.511032" lon="9.633552"><ele>554</ele></trkpt>
      <trkpt lat="44.511225" lon="9.633674"><ele>557</ele></trkpt>
      <trkpt lat="44.511745" lon="9.633989"><ele>558</ele></trkpt>
      <trkpt lat="44.511866" lon="9.634032"><ele>558</ele></trkpt>
      <trkpt lat="44.511998" lon="9.634040"><ele>558</ele></trkpt>
      <trkpt lat="44.512397" lon="9.633852"><ele>558</ele></trkpt>
      <trkpt lat="44.512511" lon="9.633840"><ele>558</ele></trkpt>
      <trkpt lat="44.512618" lon="9.633933"><ele>558</ele></trkpt>
      <trkpt lat="44.512957" lon="9.634452"><ele>566</ele></trkpt>
      <trkpt lat="44.513304" lon="9.634946"><ele>572</ele></trkpt>
      <trkpt lat="44.513572" lon="9.635166"><ele>572</ele></trkpt>
      <trkpt lat="44.514094" lon="9.635425"><ele>572</ele></trkpt>
      <trkpt lat="44.514273" lon="9.635439"><ele>574</ele></trkpt>
      <trkpt lat="44.514323" lon="9.635439"><ele>575</ele></trkpt>
      <trkpt lat="44.514731" lon="9.635240"><ele>575</ele></trkpt>
      <trkpt lat="44.514917" lon="9.635223"><ele>576</ele></trkpt>
      <trkpt lat="44.515152" lon="9.635237"><ele>580</ele></trkpt>
      <trkpt lat="44.515324" lon="9.635216"><ele>584</ele></trkpt>
      <trkpt lat="44.515732" lon="9.635109"><ele>585</ele></trkpt>
      <trkpt lat="44.515937" lon="9.635077"><ele>585</ele></trkpt>
      <trkpt lat="44.516064" lon="9.634986"><ele>585</ele></trkpt>
      <trkpt lat="44.516139" lon="9.634842"><ele>585</ele></trkpt>
      <trkpt lat="44.516190" lon="9.634623"><ele>585</ele></trkpt>
      <trkpt lat="44.516183" lon="9.634463"><ele>587</ele></trkpt>
      <trkpt lat="44.515988" lon="9.633562"><ele>592</ele></trkpt>
      <trkpt lat="44.515983" lon="9.633462"><ele>592</ele></trkpt>
      <trkpt lat="44.516002" lon="9.633378"><ele>592</ele></trkpt>
      <trkpt lat="44.516035" lon="9.633318"><ele>592</ele></trkpt>
      <trkpt lat="44.516076" lon="9.633277"><ele>593</ele></trkpt>
      <trkpt lat="44.516131" lon="9.633257"><ele>593</ele></trkpt>
      <trkpt lat="44.516216" lon="9.633265"><ele>593</ele></trkpt>
      <trkpt lat="44.516812" lon="9.633523"><ele>599</ele></trkpt>
      <trkpt lat="44.517166" lon="9.633588"><ele>602</ele></trkpt>
      <trkpt lat="44.517966" lon="9.633496"><ele>604</ele></trkpt>
      <trkpt lat="44.518087" lon="9.633500"><ele>604</ele></trkpt>
      <trkpt lat="44.518392" lon="9.633635"><ele>605</ele></trkpt>
      <trkpt lat="44.518689" lon="9.633657"><ele>608</ele></trkpt>
      <trkpt lat="44.519245" lon="9.633597"><ele>612</ele></trkpt>
      <trkpt lat="44.519356" lon="9.633549"><ele>612</ele></trkpt>
      <trkpt lat="44.519432" lon="9.633483"><ele>612</ele></trkpt>
      <trkpt lat="44.519483" lon="9.633420"><ele>612</ele></trkpt>
      <trkpt lat="44.519511" lon="9.633344"><ele>613</ele></trkpt>
      <trkpt lat="44.519516" lon="9.633245"><ele>615</ele></trkpt>
      <trkpt lat="44.519455" lon="9.632913"><ele>616</ele></trkpt>
      <trkpt lat="44.519453" lon="9.632803"><ele>616</ele></trkpt>
      <trkpt lat="44.519495" lon="9.632628"><ele>617</ele></trkpt>
      <trkpt lat="44.519592" lon="9.632421"><ele>617</ele></trkpt>
      <trkpt lat="44.519628" lon="9.632311"><ele>617</ele></trkpt>
      <trkpt lat="44.519643" lon="9.632194"><ele>617</ele></trkpt>
      <trkpt lat="44.519631" lon="9.631299"><ele>617</ele></trkpt>
      <trkpt lat="44.519639" lon="9.631222"><ele>618</ele></trkpt>
      <trkpt lat="44.519647" lon="9.631157"><ele>618</ele></trkpt>
      <trkpt lat="44.519692" lon="9.631026"><ele>618</ele></trkpt>
      <trkpt lat="44.519738" lon="9.630963"><ele>618</ele></trkpt>
      <trkpt lat="44.519795" lon="9.630884"><ele>618</ele></trkpt>
      <trkpt lat="44.519902" lon="9.630798"><ele>621</ele></trkpt>
      <trkpt lat="44.520443" lon="9.630508"><ele>624</ele></trkpt>
      <trkpt lat="44.520605" lon="9.630380"><ele>626</ele></trkpt>
      <trkpt lat="44.520843" lon="9.630124"><ele>627</ele></trkpt>
      <trkpt lat="44.520927" lon="9.630065"><ele>627</ele></trkpt>
      <trkpt lat="44.521017" lon="9.630032"><ele>627</ele></trkpt>
      <trkpt lat="44.521289" lon="9.630014"><ele>628</ele></trkpt>
      <trkpt lat="44.521380" lon="9.629983"><ele>627</ele></trkpt>
      <trkpt lat="44.521533" lon="9.629819"><ele>628</ele></trkpt>
      <trkpt lat="44.521708" lon="9.629496"><ele>636</ele></trkpt>
      <trkpt lat="44.521830" lon="9.629279"><ele>636</ele></trkpt>
      <trkpt lat="44.521902" lon="9.629018"><ele>644</ele></trkpt>
      <trkpt lat="44.521904" lon="9.628843"><ele>644</ele></trkpt>
      <trkpt lat="44.521833" lon="9.628414"><ele>645</ele></trkpt>
      <trkpt lat="44.521818" lon="9.628167"><ele>646</ele></trkpt>
      <trkpt lat="44.521941" lon="9.627704"><ele>646</ele></trkpt>
      <trkpt lat="44.521978" lon="9.627451"><ele>647</ele></trkpt>
      <trkpt lat="44.521968" lon="9.627330"><ele>647</ele></trkpt>
      <trkpt lat="44.521901" lon="9.627127"><ele>653</ele></trkpt>
      <trkpt lat="44.521715" lon="9.626888"><ele>650</ele></trkpt>
      <trkpt lat="44.521676" lon="9.626810"><ele>650</ele></trkpt>
      <trkpt lat="44.521642" lon="9.626631"><ele>651</ele></trkpt>
      <trkpt lat="44.521645" lon="9.626241"><ele>651</ele></trkpt>
      <trkpt lat="44.521588" lon="9.626058"><ele>651</ele></trkpt>
      <trkpt lat="44.521502" lon="9.625938"><ele>651</ele></trkpt>
      <trkpt lat="44.521217" lon="9.625714"><ele>650</ele></trkpt>
      <trkpt lat="44.521147" lon="9.625579"><ele>650</ele></trkpt>
      <trkpt lat="44.521151" lon="9.625415"><ele>650</ele></trkpt>
      <trkpt lat="44.521188" lon="9.625322"><ele>650</ele></trkpt>
      <trkpt lat="44.521316" lon="9.625141"><ele>650</ele></trkpt>
      <trkpt lat="44.521610" lon="9.624776"><ele>655</ele></trkpt>
      <trkpt lat="44.521678" lon="9.624721"><ele>657</ele></trkpt>
      <trkpt lat="44.521845" lon="9.624655"><ele>658</ele></trkpt>
      <trkpt lat="44.521994" lon="9.624627"><ele>659</ele></trkpt>
      <trkpt lat="44.522122" lon="9.624520"><ele>660</ele></trkpt>
      <trkpt lat="44.522195" lon="9.624413"><ele>660</ele></trkpt>
      <trkpt lat="44.522299" lon="9.624151"><ele>660</ele></trkpt>
      <trkpt lat="44.522378" lon="9.623740"><ele>661</ele></trkpt>
      <trkpt lat="44.522462" lon="9.623600"><ele>662</ele></trkpt>
      <trkpt lat="44.522518" lon="9.623568"><ele>663</ele></trkpt>
      <trkpt lat="44.522590" lon="9.623557"><ele>662</ele></trkpt>
      <trkpt lat="44.522653" lon="9.623572"><ele>663</ele></trkpt>
      <trkpt lat="44.522718" lon="9.623631"><ele>663</ele></trkpt>
      <trkpt lat="44.522938" lon="9.624161"><ele>663</ele></trkpt>
      <trkpt lat="44.522999" lon="9.624257"><ele>663</ele></trkpt>
      <trkpt lat="44.523072" lon="9.624315"><ele>662</ele></trkpt>
      <trkpt lat="44.523140" lon="9.624330"><ele>662</ele></trkpt>
      <trkpt lat="44.523210" lon="9.624314"><ele>662</ele></trkpt>
      <trkpt lat="44.523275" lon="9.624266"><ele>662</ele></trkpt>
      <trkpt lat="44.523322" lon="9.624174"><ele>662</ele></trkpt>
      <trkpt lat="44.523357" lon="9.624039"><ele>672</ele></trkpt>
      <trkpt lat="44.523450" lon="9.623609"><ele>672</ele></trkpt>
      <trkpt lat="44.523514" lon="9.623501"><ele>672</ele></trkpt>
      <trkpt lat="44.523625" lon="9.623422"><ele>671</ele></trkpt>
      <trkpt lat="44.523885" lon="9.623363"><ele>671</ele></trkpt>
      <trkpt lat="44.524163" lon="9.623214"><ele>673</ele></trkpt>
      <trkpt lat="44.524238" lon="9.623221"><ele>674</ele></trkpt>
      <trkpt lat="44.524321" lon="9.623266"><ele>673</ele></trkpt>
      <trkpt lat="44.524494" lon="9.623395"><ele>684</ele></trkpt>
      <trkpt lat="44.524628" lon="9.623503"><ele>684</ele></trkpt>
      <trkpt lat="44.524695" lon="9.623521"><ele>684</ele></trkpt>
      <trkpt lat="44.524772" lon="9.623485"><ele>676</ele></trkpt>
      <trkpt lat="44.524816" lon="9.623438"><ele>675</ele></trkpt>
      <trkpt lat="44.524843" lon="9.623361"><ele>675</ele></trkpt>
      <trkpt lat="44.524845" lon="9.623290"><ele>674</ele></trkpt>
      <trkpt lat="44.524554" lon="9.622378"><ele>670</ele></trkpt>
      <trkpt lat="44.524514" lon="9.622216"><ele>670</ele></trkpt>
      <trkpt lat="44.524494" lon="9.621983"><ele>670</ele></trkpt>
      <trkpt lat="44.524502" lon="9.621821"><ele>670</ele></trkpt>
      <trkpt lat="44.524526" lon="9.621682"><ele>670</ele></trkpt>
      <trkpt lat="44.524668" lon="9.621214"><ele>670</ele></trkpt>
      <trkpt lat="44.524872" lon="9.620789"><ele>673</ele></trkpt>
      <trkpt lat="44.525397" lon="9.620120"><ele>677</ele></trkpt>
      <trkpt lat="44.525485" lon="9.620073"><ele>677</ele></trkpt>
      <trkpt lat="44.525673" lon="9.620079"><ele>678</ele></trkpt>
      <trkpt lat="44.525821" lon="9.620181"><ele>679</ele></trkpt>
      <trkpt lat="44.525882" lon="9.620248"><ele>679</ele></trkpt>
      <trkpt lat="44.525924" lon="9.620334"><ele>689</ele></trkpt>
      <trkpt lat="44.526032" lon="9.620603"><ele>691</ele></trkpt>
      <trkpt lat="44.526101" lon="9.620684"><ele>691</ele></trkpt>
      <trkpt lat="44.526221" lon="9.620683"><ele>691</ele></trkpt>
      <trkpt lat="44.526318" lon="9.620613"><ele>691</ele></trkpt>
      <trkpt lat="44.526369" lon="9.620485"><ele>692</ele></trkpt>
      <trkpt lat="44.526414" lon="9.620215"><ele>692</ele></trkpt>
      <trkpt lat="44.526463" lon="9.620112"><ele>692</ele></trkpt>
      <trkpt lat="44.526542" lon="9.620047"><ele>692</ele></trkpt>
      <trkpt lat="44.526676" lon="9.620034"><ele>692</ele></trkpt>
      <trkpt lat="44.527076" lon="9.620176"><ele>692</ele></trkpt>
      <trkpt lat="44.527311" lon="9.620093"><ele>692</ele></trkpt>
      <trkpt lat="44.527577" lon="9.619912"><ele>697</ele></trkpt>
      <trkpt lat="44.527598" lon="9.619898"><ele>697</ele></trkpt>
      <trkpt lat="44.528018" lon="9.619524"><ele>695</ele></trkpt>
      <trkpt lat="44.528149" lon="9.619370"><ele>695</ele></trkpt>
      <trkpt lat="44.528238" lon="9.619188"><ele>695</ele></trkpt>
      <trkpt lat="44.528338" lon="9.619098"><ele>694</ele></trkpt>
      <trkpt lat="44.528633" lon="9.618962"><ele>693</ele></trkpt>
      <trkpt lat="44.529147" lon="9.618730"><ele>706</ele></trkpt>
      <trkpt lat="44.529401" lon="9.618556"><ele>710</ele></trkpt>
      <trkpt lat="44.529774" lon="9.618405"><ele>714</ele></trkpt>
      <trkpt lat="44.530274" lon="9.618346"><ele>715</ele></trkpt>
      <trkpt lat="44.530741" lon="9.618386"><ele>716</ele></trkpt>
      <trkpt lat="44.530954" lon="9.618334"><ele>717</ele></trkpt>
      <trkpt lat="44.531121" lon="9.618168"><ele>717</ele></trkpt>
      <trkpt lat="44.531363" lon="9.617792"><ele>719</ele></trkpt>
      <trkpt lat="44.531472" lon="9.617729"><ele>720</ele></trkpt>
      <trkpt lat="44.531709" lon="9.617724"><ele>722</ele></trkpt>
      <trkpt lat="44.531985" lon="9.617641"><ele>722</ele></trkpt>
      <trkpt lat="44.532381" lon="9.617244"><ele>724</ele></trkpt>
      <trkpt lat="44.532424" lon="9.617082"><ele>726</ele></trkpt>
      <trkpt lat="44.532412" lon="9.616879"><ele>727</ele></trkpt>
      <trkpt lat="44.532348" lon="9.616571"><ele>728</ele></trkpt>
      <trkpt lat="44.532273" lon="9.616312"><ele>729</ele></trkpt>
      <trkpt lat="44.532230" lon="9.616053"><ele>730</ele></trkpt>
      <trkpt lat="44.532257" lon="9.615900"><ele>730</ele></trkpt>
      <trkpt lat="44.532416" lon="9.615700"><ele>733</ele></trkpt>
      <trkpt lat="44.532495" lon="9.615483"><ele>733</ele></trkpt>
      <trkpt lat="44.532520" lon="9.615309"><ele>735</ele></trkpt>
      <trkpt lat="44.532480" lon="9.615123"><ele>734</ele></trkpt>
      <trkpt lat="44.532462" lon="9.614915"><ele>735</ele></trkpt>
      <trkpt lat="44.532489" lon="9.614203"><ele>736</ele></trkpt>
      <trkpt lat="44.532527" lon="9.613856"><ele>760</ele></trkpt>
      <trkpt lat="44.532536" lon="9.613494"><ele>751</ele></trkpt>
      <trkpt lat="44.532496" lon="9.613347"><ele>750</ele></trkpt>
      <trkpt lat="44.532259" lon="9.612996"><ele>751</ele></trkpt>
      <trkpt lat="44.532216" lon="9.612873"><ele>751</ele></trkpt>
      <trkpt lat="44.532181" lon="9.612626"><ele>748</ele></trkpt>
      <trkpt lat="44.532197" lon="9.612280"><ele>746</ele></trkpt>
      <trkpt lat="44.532233" lon="9.612203"><ele>746</ele></trkpt>
      <trkpt lat="44.532288" lon="9.612185"><ele>746</ele></trkpt>
      <trkpt lat="44.532342" lon="9.612219"><ele>746</ele></trkpt>
      <trkpt lat="44.532372" lon="9.612298"><ele>747</ele></trkpt>
      <trkpt lat="44.532400" lon="9.612531"><ele>747</ele></trkpt>
      <trkpt lat="44.532434" lon="9.612630"><ele>747</ele></trkpt>
      <trkpt lat="44.532497" lon="9.612726"><ele>748</ele></trkpt>
      <trkpt lat="44.532574" lon="9.612476"><ele>761</ele></trkpt>
      <trkpt lat="44.532755" lon="9.612238"><ele>767</ele></trkpt>
      <trkpt lat="44.532891" lon="9.612133"><ele>767</ele></trkpt>
      <trkpt lat="44.533256" lon="9.612041"><ele>767</ele></trkpt>
      <trkpt lat="44.533306" lon="9.612009"><ele>767</ele></trkpt>
      <trkpt lat="44.533277" lon="9.611773"><ele>774</ele></trkpt>
      <trkpt lat="44.533299" lon="9.611638"><ele>775</ele></trkpt>
      <trkpt lat="44.533352" lon="9.611532"><ele>775</ele></trkpt>
      <trkpt lat="44.533418" lon="9.611482"><ele>784</ele></trkpt>
      <trkpt lat="44.533788" lon="9.611370"><ele>786</ele></trkpt>
      <trkpt lat="44.533858" lon="9.611307"><ele>786</ele></trkpt>
      <trkpt lat="44.533906" lon="9.611219"><ele>786</ele></trkpt>
      <trkpt lat="44.534036" lon="9.610842"><ele>787</ele></trkpt>
      <trkpt lat="44.534458" lon="9.610307"><ele>791</ele></trkpt>
      <trkpt lat="44.534579" lon="9.610195"><ele>792</ele></trkpt>
      <trkpt lat="44.535326" lon="9.609642"><ele>806</ele></trkpt>
      <trkpt lat="44.535418" lon="9.609517"><ele>812</ele></trkpt>
      <trkpt lat="44.535621" lon="9.609106"><ele>817</ele></trkpt>
      <trkpt lat="44.535877" lon="9.608837"><ele>818</ele></trkpt>
      <trkpt lat="44.536176" lon="9.608138"><ele>820</ele></trkpt>
      <trkpt lat="44.536245" lon="9.608019"><ele>821</ele></trkpt>
      <trkpt lat="44.536301" lon="9.607983"><ele>820</ele></trkpt>
      <trkpt lat="44.536357" lon="9.608000"><ele>820</ele></trkpt>
      <trkpt lat="44.536398" lon="9.608049"><ele>819</ele></trkpt>
      <trkpt lat="44.536408" lon="9.608108"><ele>825</ele></trkpt>
      <trkpt lat="44.536399" lon="9.608202"><ele>806</ele></trkpt>
      <trkpt lat="44.536208" lon="9.608685"><ele>791</ele></trkpt>
      <trkpt lat="44.536120" lon="9.608850"><ele>791</ele></trkpt>
      <trkpt lat="44.535888" lon="9.609215"><ele>791</ele></trkpt>
      <trkpt lat="44.535843" lon="9.609339"><ele>792</ele></trkpt>
      <trkpt lat="44.535817" lon="9.609509"><ele>792</ele></trkpt>
      <trkpt lat="44.535806" lon="9.609847"><ele>790</ele></trkpt>
      <trkpt lat="44.535832" lon="9.610010"><ele>788</ele></trkpt>
      <trkpt lat="44.535899" lon="9.610140"><ele>787</ele></trkpt>
      <trkpt lat="44.536062" lon="9.610301"><ele>786</ele></trkpt>
      <trkpt lat="44.536137" lon="9.610318"><ele>786</ele></trkpt>
      <trkpt lat="44.536215" lon="9.610294"><ele>785</ele></trkpt>
      <trkpt lat="44.536461" lon="9.609977"><ele>788</ele></trkpt>
      <trkpt lat="44.536600" lon="9.609844"><ele>788</ele></trkpt>
      <trkpt lat="44.536780" lon="9.609716"><ele>786</ele></trkpt>
      <trkpt lat="44.537192" lon="9.609451"><ele>778</ele></trkpt>
      <trkpt lat="44.538054" lon="9.609171"><ele>765</ele></trkpt>
      <trkpt lat="44.538179" lon="9.609102"><ele>762</ele></trkpt>
      <trkpt lat="44.538422" lon="9.608874"><ele>760</ele></trkpt>
      <trkpt lat="44.538588" lon="9.608684"><ele>759</ele></trkpt>
      <trkpt lat="44.538715" lon="9.608488"><ele>757</ele></trkpt>
      <trkpt lat="44.538806" lon="9.608384"><ele>756</ele></trkpt>
      <trkpt lat="44.539143" lon="9.608263"><ele>755</ele></trkpt>
      <trkpt lat="44.539227" lon="9.608175"><ele>754</ele></trkpt>
      <trkpt lat="44.539306" lon="9.608033"><ele>754</ele></trkpt>
      <trkpt lat="44.539693" lon="9.607019"><ele>740</ele></trkpt>
      <trkpt lat="44.539851" lon="9.606624"><ele>734</ele></trkpt>
      <trkpt lat="44.539927" lon="9.606485"><ele>733</ele></trkpt>
      <trkpt lat="44.540244" lon="9.606101"><ele>731</ele></trkpt>
      <trkpt lat="44.540427" lon="9.605769"><ele>729</ele></trkpt>
      <trkpt lat="44.540497" lon="9.605680"><ele>729</ele></trkpt>
      <trkpt lat="44.540594" lon="9.605616"><ele>729</ele></trkpt>
      <trkpt lat="44.540689" lon="9.605593"><ele>729</ele></trkpt>
      <trkpt lat="44.540865" lon="9.605602"><ele>728</ele></trkpt>
      <trkpt lat="44.541122" lon="9.605648"><ele>726</ele></trkpt>
      <trkpt lat="44.541437" lon="9.605674"><ele>724</ele></trkpt>
      <trkpt lat="44.542308" lon="9.605661"><ele>721</ele></trkpt>
      <trkpt lat="44.542375" lon="9.605625"><ele>722</ele></trkpt>
      <trkpt lat="44.542526" lon="9.605455"><ele>722</ele></trkpt>
      <trkpt lat="44.542611" lon="9.605385"><ele>722</ele></trkpt>
      <trkpt lat="44.542990" lon="9.605193"><ele>721</ele></trkpt>
      <trkpt lat="44.543050" lon="9.605141"><ele>721</ele></trkpt>
      <trkpt lat="44.543096" lon="9.605069"><ele>721</ele></trkpt>
      <trkpt lat="44.543150" lon="9.604936"><ele>712</ele></trkpt>
      <trkpt lat="44.542890" lon="9.605040"><ele>723</ele></trkpt>
      <trkpt lat="44.542368" lon="9.605318"><ele>721</ele></trkpt>
      <trkpt lat="44.542240" lon="9.605343"><ele>720</ele></trkpt>
      <trkpt lat="44.542081" lon="9.605336"><ele>720</ele></trkpt>
      <trkpt lat="44.541302" lon="9.605131"><ele>719</ele></trkpt>
      <trkpt lat="44.540793" lon="9.604933"><ele>717</ele></trkpt>
      <trkpt lat="44.540595" lon="9.604827"><ele>713</ele></trkpt>
      <trkpt lat="44.540471" lon="9.604704"><ele>711</ele></trkpt>
      <trkpt lat="44.540365" lon="9.604523"><ele>711</ele></trkpt>
      <trkpt lat="44.540304" lon="9.604334"><ele>712</ele></trkpt>
      <trkpt lat="44.540274" lon="9.604136"><ele>706</ele></trkpt>
      <trkpt lat="44.540248" lon="9.603715"><ele>706</ele></trkpt>
      <trkpt lat="44.540188" lon="9.602732"><ele>712</ele></trkpt>
      <trkpt lat="44.540147" lon="9.602417"><ele>726</ele></trkpt>
      <trkpt lat="44.540100" lon="9.602294"><ele>723</ele></trkpt>
      <trkpt lat="44.540041" lon="9.602195"><ele>722</ele></trkpt>
      <trkpt lat="44.539072" lon="9.601100"><ele>716</ele></trkpt>
      <trkpt lat="44.539014" lon="9.601013"><ele>715</ele></trkpt>
      <trkpt lat="44.538940" lon="9.600779"><ele>713</ele></trkpt>
      <trkpt lat="44.538851" lon="9.599849"><ele>715</ele></trkpt>
      <trkpt lat="44.538774" lon="9.599295"><ele>716</ele></trkpt>
      <trkpt lat="44.538582" lon="9.598423"><ele>719</ele></trkpt>
      <trkpt lat="44.538493" lon="9.598098"><ele>720</ele></trkpt>
      <trkpt lat="44.538302" lon="9.597612"><ele>722</ele></trkpt>
      <trkpt lat="44.537726" lon="9.596569"><ele>723</ele></trkpt>
      <trkpt lat="44.537606" lon="9.596432"><ele>724</ele></trkpt>
      <trkpt lat="44.537505" lon="9.596357"><ele>724</ele></trkpt>
      <trkpt lat="44.537228" lon="9.596229"><ele>724</ele></trkpt>
      <trkpt lat="44.536270" lon="9.595612"><ele>721</ele></trkpt>
      <trkpt lat="44.536082" lon="9.595424"><ele>720</ele></trkpt>
      <trkpt lat="44.536030" lon="9.595301"><ele>719</ele></trkpt>
      <trkpt lat="44.536001" lon="9.595139"><ele>719</ele></trkpt>
      <trkpt lat="44.535954" lon="9.594664"><ele>719</ele></trkpt>
      <trkpt lat="44.535831" lon="9.594143"><ele>719</ele></trkpt>
      <trkpt lat="44.535806" lon="9.593858"><ele>719</ele></trkpt>
      <trkpt lat="44.535775" lon="9.593129"><ele>719</ele></trkpt>
      <trkpt lat="44.535688" lon="9.592658"><ele>719</ele></trkpt>
      <trkpt lat="44.535389" lon="9.591315"><ele>724</ele></trkpt>
      <trkpt lat="44.535120" lon="9.590065"><ele>724</ele></trkpt>
      <trkpt lat="44.534982" lon="9.589416"><ele>729</ele></trkpt>
      <trkpt lat="44.534883" lon="9.588665"><ele>729</ele></trkpt>
      <trkpt lat="44.534634" lon="9.587462"><ele>729</ele></trkpt>
      <trkpt lat="44.534272" lon="9.586468"><ele>730</ele></trkpt>
      <trkpt lat="44.534223" lon="9.586294"><ele>730</ele></trkpt>
      <trkpt lat="44.534144" lon="9.585687"><ele>730</ele></trkpt>
      <trkpt lat="44.533987" lon="9.584714"><ele>731</ele></trkpt>
      <trkpt lat="44.533883" lon="9.584374"><ele>731</ele></trkpt>
      <trkpt lat="44.533594" lon="9.583656"><ele>731</ele></trkpt>
      <trkpt lat="44.533497" lon="9.583267"><ele>731</ele></trkpt>
      <trkpt lat="44.533479" lon="9.583002"><ele>731</ele></trkpt>
      <trkpt lat="44.533503" lon="9.582857"><ele>730</ele></trkpt>
      <trkpt lat="44.533597" lon="9.582492"><ele>730</ele></trkpt>
      <trkpt lat="44.533630" lon="9.582286"><ele>730</ele></trkpt>
      <trkpt lat="44.533647" lon="9.582058"><ele>730</ele></trkpt>
      <trkpt lat="44.533636" lon="9.581315"><ele>730</ele></trkpt>
      <trkpt lat="44.533692" lon="9.580856"><ele>730</ele></trkpt>
      <trkpt lat="44.533680" lon="9.580731"><ele>740</ele></trkpt>
      <trkpt lat="44.533586" lon="9.580504"><ele>741</ele></trkpt>
      <trkpt lat="44.533400" lon="9.580241"><ele>741</ele></trkpt>
      <trkpt lat="44.533200" lon="9.579886"><ele>741</ele></trkpt>
      <trkpt lat="44.533101" lon="9.579739"><ele>742</ele></trkpt>
      <trkpt lat="44.532986" lon="9.579619"><ele>742</ele></trkpt>
      <trkpt lat="44.532662" lon="9.579358"><ele>744</ele></trkpt>
      <trkpt lat="44.532408" lon="9.579098"><ele>744</ele></trkpt>
      <trkpt lat="44.531862" lon="9.578691"><ele>745</ele></trkpt>
      <trkpt lat="44.531761" lon="9.578564"><ele>745</ele></trkpt>
      <trkpt lat="44.531631" lon="9.578291"><ele>744</ele></trkpt>
      <trkpt lat="44.531527" lon="9.577818"><ele>745</ele></trkpt>
      <trkpt lat="44.531522" lon="9.577668"><ele>745</ele></trkpt>
      <trkpt lat="44.531552" lon="9.577457"><ele>745</ele></trkpt>
      <trkpt lat="44.531593" lon="9.577318"><ele>746</ele></trkpt>
      <trkpt lat="44.531921" lon="9.576793"><ele>746</ele></trkpt>
      <trkpt lat="44.532041" lon="9.576467"><ele>746</ele></trkpt>
      <trkpt lat="44.532066" lon="9.576309"><ele>746</ele></trkpt>
      <trkpt lat="44.532070" lon="9.576161"><ele>746</ele></trkpt>
      <trkpt lat="44.532045" lon="9.575935"><ele>746</ele></trkpt>
      <trkpt lat="44.531994" lon="9.575701"><ele>746</ele></trkpt>
      <trkpt lat="44.531917" lon="9.575451"><ele>746</ele></trkpt>
      <trkpt lat="44.531805" lon="9.575178"><ele>746</ele></trkpt>
      <trkpt lat="44.531449" lon="9.574431"><ele>748</ele></trkpt>
      <trkpt lat="44.531339" lon="9.574250"><ele>749</ele></trkpt>
      <trkpt lat="44.531177" lon="9.574058"><ele>750</ele></trkpt>
      <trkpt lat="44.530801" lon="9.573765"><ele>750</ele></trkpt>
      <trkpt lat="44.530698" lon="9.573705"><ele>750</ele></trkpt>
      <trkpt lat="44.530386" lon="9.573614"><ele>750</ele></trkpt>
      <trkpt lat="44.530296" lon="9.573565"><ele>749</ele></trkpt>
      <trkpt lat="44.530223" lon="9.573480"><ele>750</ele></trkpt>
      <trkpt lat="44.530172" lon="9.573373"><ele>749</ele></trkpt>
      <trkpt lat="44.530092" lon="9.573135"><ele>750</ele></trkpt>
      <trkpt lat="44.530040" lon="9.572922"><ele>750</ele></trkpt>
      <trkpt lat="44.529929" lon="9.572350"><ele>749</ele></trkpt>
      <trkpt lat="44.529589" lon="9.571217"><ele>750</ele></trkpt>
      <trkpt lat="44.529565" lon="9.571033"><ele>750</ele></trkpt>
      <trkpt lat="44.529579" lon="9.570885"><ele>750</ele></trkpt>
      <trkpt lat="44.529619" lon="9.570755"><ele>750</ele></trkpt>
      <trkpt lat="44.529809" lon="9.570394"><ele>750</ele></trkpt>
      <trkpt lat="44.529847" lon="9.570256"><ele>750</ele></trkpt>
      <trkpt lat="44.529865" lon="9.570098"><ele>751</ele></trkpt>
      <trkpt lat="44.529823" lon="9.569327"><ele>752</ele></trkpt>
      <trkpt lat="44.529796" lon="9.569182"><ele>751</ele></trkpt>
      <trkpt lat="44.529728" lon="9.568952"><ele>752</ele></trkpt>
      <trkpt lat="44.529590" lon="9.568617"><ele>753</ele></trkpt>
      <trkpt lat="44.529474" lon="9.568417"><ele>755</ele></trkpt>
      <trkpt lat="44.529349" lon="9.568269"><ele>756</ele></trkpt>
      <trkpt lat="44.529097" lon="9.568046"><ele>756</ele></trkpt>
      <trkpt lat="44.529001" lon="9.567916"><ele>755</ele></trkpt>
      <trkpt lat="44.528702" lon="9.567472"><ele>757</ele></trkpt>
      <trkpt lat="44.528634" lon="9.567347"><ele>757</ele></trkpt>
      <trkpt lat="44.528594" lon="9.567176"><ele>757</ele></trkpt>
      <trkpt lat="44.528590" lon="9.567013"><ele>757</ele></trkpt>
      <trkpt lat="44.528657" lon="9.566242"><ele>758</ele></trkpt>
      <trkpt lat="44.528687" lon="9.566117"><ele>758</ele></trkpt>
      <trkpt lat="44.528866" lon="9.565651"><ele>759</ele></trkpt>
      <trkpt lat="44.528991" lon="9.565237"><ele>761</ele></trkpt>
      <trkpt lat="44.529047" lon="9.565115"><ele>761</ele></trkpt>
      <trkpt lat="44.529251" lon="9.564810"><ele>762</ele></trkpt>
      <trkpt lat="44.529396" lon="9.564498"><ele>763</ele></trkpt>
      <trkpt lat="44.529434" lon="9.564333"><ele>763</ele></trkpt>
      <trkpt lat="44.529430" lon="9.564143"><ele>764</ele></trkpt>
      <trkpt lat="44.529398" lon="9.563990"><ele>765</ele></trkpt>
      <trkpt lat="44.529342" lon="9.563825"><ele>765</ele></trkpt>
      <trkpt lat="44.529034" lon="9.563329"><ele>767</ele></trkpt>
      <trkpt lat="44.528855" lon="9.562984"><ele>767</ele></trkpt>
      <trkpt lat="44.528736" lon="9.562791"><ele>768</ele></trkpt>
      <trkpt lat="44.528013" lon="9.561845"><ele>768</ele></trkpt>
      <trkpt lat="44.527890" lon="9.561753"><ele>768</ele></trkpt>
      <trkpt lat="44.527378" lon="9.561533"><ele>770</ele></trkpt>
      <trkpt lat="44.527243" lon="9.561456"><ele>768</ele></trkpt>
      <trkpt lat="44.526692" lon="9.560977"><ele>768</ele></trkpt>
      <trkpt lat="44.526623" lon="9.560878"><ele>768</ele></trkpt>
      <trkpt lat="44.526538" lon="9.560602"><ele>767</ele></trkpt>
      <trkpt lat="44.526410" lon="9.560049"><ele>766</ele></trkpt>
      <trkpt lat="44.526393" lon="9.559910"><ele>766</ele></trkpt>
      <trkpt lat="44.526397" lon="9.559720"><ele>765</ele></trkpt>
      <trkpt lat="44.526439" lon="9.559048"><ele>767</ele></trkpt>
      <trkpt lat="44.526564" lon="9.558322"><ele>768</ele></trkpt>
      <trkpt lat="44.526558" lon="9.558235"><ele>772</ele></trkpt>
      <trkpt lat="44.526518" lon="9.558166"><ele>772</ele></trkpt>
      <trkpt lat="44.526425" lon="9.558099"><ele>772</ele></trkpt>
      <trkpt lat="44.526353" lon="9.558046"><ele>772</ele></trkpt>
      <trkpt lat="44.526019" lon="9.557846"><ele>772</ele></trkpt>
      <trkpt lat="44.525895" lon="9.557812"><ele>772</ele></trkpt>
      <trkpt lat="44.525771" lon="9.557810"><ele>771</ele></trkpt>
      <trkpt lat="44.525641" lon="9.557872"><ele>771</ele></trkpt>
      <trkpt lat="44.525210" lon="9.558227"><ele>771</ele></trkpt>
      <trkpt lat="44.525113" lon="9.558260"><ele>770</ele></trkpt>
      <trkpt lat="44.525002" lon="9.558243"><ele>770</ele></trkpt>
      <trkpt lat="44.524913" lon="9.558161"><ele>776</ele></trkpt>
      <trkpt lat="44.524867" lon="9.558005"><ele>782</ele></trkpt>
      <trkpt lat="44.524797" lon="9.557347"><ele>782</ele></trkpt>
      <trkpt lat="44.524800" lon="9.557223"><ele>782</ele></trkpt>
      <trkpt lat="44.524827" lon="9.557111"><ele>782</ele></trkpt>
      <trkpt lat="44.524887" lon="9.557010"><ele>782</ele></trkpt>
      <trkpt lat="44.524974" lon="9.556946"><ele>782</ele></trkpt>
      <trkpt lat="44.525331" lon="9.556864"><ele>784</ele></trkpt>
      <trkpt lat="44.525429" lon="9.556863"><ele>784</ele></trkpt>
      <trkpt lat="44.525531" lon="9.556899"><ele>783</ele></trkpt>
      <trkpt lat="44.525971" lon="9.557192"><ele>783</ele></trkpt>
      <trkpt lat="44.526063" lon="9.557188"><ele>783</ele></trkpt>
      <trkpt lat="44.526134" lon="9.557135"><ele>784</ele></trkpt>
      <trkpt lat="44.526415" lon="9.556715"><ele>785</ele></trkpt>
      <trkpt lat="44.526432" lon="9.556621"><ele>786</ele></trkpt>
      <trkpt lat="44.526418" lon="9.556522"><ele>786</ele></trkpt>
      <trkpt lat="44.526373" lon="9.556444"><ele>787</ele></trkpt>
      <trkpt lat="44.526302" lon="9.556415"><ele>788</ele></trkpt>
      <trkpt lat="44.526213" lon="9.556414"><ele>788</ele></trkpt>
      <trkpt lat="44.525984" lon="9.556497"><ele>788</ele></trkpt>
      <trkpt lat="44.525847" lon="9.556490"><ele>788</ele></trkpt>
      <trkpt lat="44.525705" lon="9.556409"><ele>788</ele></trkpt>
      <trkpt lat="44.525583" lon="9.556253"><ele>788</ele></trkpt>
      <trkpt lat="44.525473" lon="9.556071"><ele>788</ele></trkpt>
      <trkpt lat="44.525024" lon="9.555365"><ele>802</ele></trkpt>
      <trkpt lat="44.524393" lon="9.554771"><ele>805</ele></trkpt>
      <trkpt lat="44.523801" lon="9.553848"><ele>803</ele></trkpt>
      <trkpt lat="44.523718" lon="9.553592"><ele>802</ele></trkpt>
      <trkpt lat="44.523718" lon="9.553370"><ele>801</ele></trkpt>
      <trkpt lat="44.523762" lon="9.553240"><ele>800</ele></trkpt>
      <trkpt lat="44.524113" lon="9.552694"><ele>800</ele></trkpt>
      <trkpt lat="44.524155" lon="9.552564"><ele>800</ele></trkpt>
      <trkpt lat="44.524182" lon="9.552298"><ele>809</ele></trkpt>
      <trkpt lat="44.524154" lon="9.552162"><ele>808</ele></trkpt>
      <trkpt lat="44.523780" lon="9.551075"><ele>808</ele></trkpt>
      <trkpt lat="44.523742" lon="9.550877"><ele>808</ele></trkpt>
      <trkpt lat="44.523777" lon="9.550751"><ele>809</ele></trkpt>
      <trkpt lat="44.523834" lon="9.550705"><ele>810</ele></trkpt>
      <trkpt lat="44.523899" lon="9.550703"><ele>809</ele></trkpt>
      <trkpt lat="44.523958" lon="9.550738"><ele>808</ele></trkpt>
      <trkpt lat="44.524119" lon="9.551295"><ele>808</ele></trkpt>
      <trkpt lat="44.524213" lon="9.551419"><ele>810</ele></trkpt>
      <trkpt lat="44.524662" lon="9.551786"><ele>815</ele></trkpt>
      <trkpt lat="44.524799" lon="9.551981"><ele>817</ele></trkpt>
      <trkpt lat="44.524959" lon="9.552284"><ele>833</ele></trkpt>
      <trkpt lat="44.525440" lon="9.553451"><ele>840</ele></trkpt>
      <trkpt lat="44.525489" lon="9.553832"><ele>839</ele></trkpt>
      <trkpt lat="44.525500" lon="9.554214"><ele>838</ele></trkpt>
      <trkpt lat="44.525549" lon="9.554296"><ele>838</ele></trkpt>
      <trkpt lat="44.525613" lon="9.554342"><ele>838</ele></trkpt>
      <trkpt lat="44.525683" lon="9.554346"><ele>837</ele></trkpt>
      <trkpt lat="44.525749" lon="9.554285"><ele>837</ele></trkpt>
      <trkpt lat="44.525794" lon="9.554161"><ele>837</ele></trkpt>
      <trkpt lat="44.525781" lon="9.553579"><ele>838</ele></trkpt>
      <trkpt lat="44.525711" lon="9.552672"><ele>840</ele></trkpt>
      <trkpt lat="44.525554" lon="9.551878"><ele>851</ele></trkpt>
      <trkpt lat="44.525432" lon="9.551625"><ele>861</ele></trkpt>
      <trkpt lat="44.525100" lon="9.551289"><ele>858</ele></trkpt>
      <trkpt lat="44.524860" lon="9.550849"><ele>856</ele></trkpt>
      <trkpt lat="44.524730" lon="9.550506"><ele>854</ele></trkpt>
      <trkpt lat="44.524749" lon="9.550346"><ele>853</ele></trkpt>
      <trkpt lat="44.524801" lon="9.550235"><ele>852</ele></trkpt>
      <trkpt lat="44.524892" lon="9.550152"><ele>851</ele></trkpt>
      <trkpt lat="44.526261" lon="9.550531"><ele>881</ele></trkpt>
      <trkpt lat="44.526439" lon="9.550647"><ele>882</ele></trkpt>
      <trkpt lat="44.526556" lon="9.550880"><ele>882</ele></trkpt>
      <trkpt lat="44.526665" lon="9.551174"><ele>878</ele></trkpt>
      <trkpt lat="44.526801" lon="9.551242"><ele>891</ele></trkpt>
      <trkpt lat="44.526916" lon="9.551208"><ele>891</ele></trkpt>
      <trkpt lat="44.526967" lon="9.551109"><ele>891</ele></trkpt>
      <trkpt lat="44.526981" lon="9.550983"><ele>891</ele></trkpt>
      <trkpt lat="44.526723" lon="9.549546"><ele>904</ele></trkpt>
      <trkpt lat="44.526601" lon="9.548847"><ele>915</ele></trkpt>
      <trkpt lat="44.526591" lon="9.548690"><ele>914</ele></trkpt>
      <trkpt lat="44.526612" lon="9.548537"><ele>913</ele></trkpt>
      <trkpt lat="44.526654" lon="9.548415"><ele>913</ele></trkpt>
      <trkpt lat="44.526716" lon="9.548327"><ele>914</ele></trkpt>
      <trkpt lat="44.526783" lon="9.548272"><ele>915</ele></trkpt>
      <trkpt lat="44.526859" lon="9.548251"><ele>916</ele></trkpt>
      <trkpt lat="44.526972" lon="9.548256"><ele>917</ele></trkpt>
      <trkpt lat="44.527545" lon="9.548414"><ele>918</ele></trkpt>
      <trkpt lat="44.527814" lon="9.548355"><ele>922</ele></trkpt>
      <trkpt lat="44.527946" lon="9.548304"><ele>936</ele></trkpt>
      <trkpt lat="44.528028" lon="9.548236"><ele>936</ele></trkpt>
      <trkpt lat="44.528076" lon="9.548149"><ele>936</ele></trkpt>
      <trkpt lat="44.528094" lon="9.548049"><ele>936</ele></trkpt>
      <trkpt lat="44.528083" lon="9.547932"><ele>937</ele></trkpt>
      <trkpt lat="44.528040" lon="9.547845"><ele>937</ele></trkpt>
      <trkpt lat="44.527973" lon="9.547776"><ele>937</ele></trkpt>
      <trkpt lat="44.527817" lon="9.547687"><ele>937</ele></trkpt>
      <trkpt lat="44.526994" lon="9.547303"><ele>937</ele></trkpt>
      <trkpt lat="44.526942" lon="9.547225"><ele>936</ele></trkpt>
      <trkpt lat="44.526916" lon="9.547128"><ele>937</ele></trkpt>
      <trkpt lat="44.526922" lon="9.547018"><ele>937</ele></trkpt>
      <trkpt lat="44.526957" lon="9.546923"><ele>937</ele></trkpt>
      <trkpt lat="44.527012" lon="9.546850"><ele>936</ele></trkpt>
      <trkpt lat="44.527079" lon="9.546816"><ele>936</ele></trkpt>
      <trkpt lat="44.527161" lon="9.546813"><ele>936</ele></trkpt>
      <trkpt lat="44.527479" lon="9.546852"><ele>936</ele></trkpt>
      <trkpt lat="44.527562" lon="9.546831"><ele>936</ele></trkpt>
      <trkpt lat="44.527624" lon="9.546787"><ele>937</ele></trkpt>
      <trkpt lat="44.527709" lon="9.546623"><ele>952</ele></trkpt>
      <trkpt lat="44.527723" lon="9.546469"><ele>952</ele></trkpt>
      <trkpt lat="44.527576" lon="9.545823"><ele>960</ele></trkpt>
      <trkpt lat="44.527553" lon="9.545569"><ele>960</ele></trkpt>
      <trkpt lat="44.527594" lon="9.544615"><ele>962</ele></trkpt>
      <trkpt lat="44.527569" lon="9.544400"><ele>963</ele></trkpt>
      <trkpt lat="44.527497" lon="9.544154"><ele>965</ele></trkpt>
      <trkpt lat="44.527401" lon="9.543954"><ele>967</ele></trkpt>
      <trkpt lat="44.527285" lon="9.543792"><ele>969</ele></trkpt>
      <trkpt lat="44.527128" lon="9.543702"><ele>972</ele></trkpt>
      <trkpt lat="44.526914" lon="9.543667"><ele>972</ele></trkpt>
      <trkpt lat="44.526153" lon="9.543660"><ele>979</ele></trkpt>
      <trkpt lat="44.525987" lon="9.543640"><ele>980</ele></trkpt>
      <trkpt lat="44.524838" lon="9.543172"><ele>982</ele></trkpt>
      <trkpt lat="44.524602" lon="9.543051"><ele>982</ele></trkpt>
      <trkpt lat="44.524490" lon="9.542878"><ele>982</ele></trkpt>
      <trkpt lat="44.524459" lon="9.542760"><ele>982</ele></trkpt>
      <trkpt lat="44.524454" lon="9.542640"><ele>982</ele></trkpt>
      <trkpt lat="44.524476" lon="9.542517"><ele>982</ele></trkpt>
      <trkpt lat="44.524549" lon="9.542336"><ele>987</ele></trkpt>
      <trkpt lat="44.524960" lon="9.541478"><ele>986</ele></trkpt>
      <trkpt lat="44.525055" lon="9.541248"><ele>988</ele></trkpt>
      <trkpt lat="44.525125" lon="9.540974"><ele>999</ele></trkpt>
      <trkpt lat="44.525329" lon="9.539963"><ele>1008</ele></trkpt>
      <trkpt lat="44.525342" lon="9.539749"><ele>1008</ele></trkpt>
      <trkpt lat="44.525325" lon="9.539563"><ele>1011</ele></trkpt>
      <trkpt lat="44.525235" lon="9.539259"><ele>1011</ele></trkpt>
      <trkpt lat="44.525155" lon="9.539116"><ele>1011</ele></trkpt>
      <trkpt lat="44.524807" lon="9.538656"><ele>1008</ele></trkpt>
      <trkpt lat="44.524740" lon="9.538525"><ele>1008</ele></trkpt>
      <trkpt lat="44.524710" lon="9.538382"><ele>1007</ele></trkpt>
      <trkpt lat="44.524709" lon="9.538229"><ele>1007</ele></trkpt>
      <trkpt lat="44.524742" lon="9.538094"><ele>1006</ele></trkpt>
      <trkpt lat="44.524796" lon="9.537982"><ele>1006</ele></trkpt>
      <trkpt lat="44.524948" lon="9.537839"><ele>1005</ele></trkpt>
      <trkpt lat="44.525057" lon="9.537811"><ele>1006</ele></trkpt>
      <trkpt lat="44.525168" lon="9.537840"><ele>1006</ele></trkpt>
      <trkpt lat="44.525284" lon="9.537924"><ele>1008</ele></trkpt>
      <trkpt lat="44.526267" lon="9.539155"><ele>1029</ele></trkpt>
      <trkpt lat="44.526370" lon="9.539231"><ele>1033</ele></trkpt>
      <trkpt lat="44.526463" lon="9.539239"><ele>1031</ele></trkpt>
      <trkpt lat="44.526558" lon="9.539209"><ele>1033</ele></trkpt>
      <trkpt lat="44.526633" lon="9.539138"><ele>1034</ele></trkpt>
      <trkpt lat="44.526691" lon="9.539007"><ele>1035</ele></trkpt>
      <trkpt lat="44.526709" lon="9.538847"><ele>1036</ele></trkpt>
      <trkpt lat="44.526543" lon="9.536260"><ele>1043</ele></trkpt>
      <trkpt lat="44.526417" lon="9.534159"><ele>1059</ele></trkpt>
      <trkpt lat="44.526393" lon="9.533974"><ele>1061</ele></trkpt>
      <trkpt lat="44.526063" lon="9.532454"><ele>1067</ele></trkpt>
      <trkpt lat="44.526051" lon="9.532315"><ele>1068</ele></trkpt>
      <trkpt lat="44.526068" lon="9.532160"><ele>1069</ele></trkpt>
      <trkpt lat="44.526105" lon="9.532024"><ele>1070</ele></trkpt>
      <trkpt lat="44.526308" lon="9.531622"><ele>1068</ele></trkpt>
      <trkpt lat="44.526676" lon="9.530916"><ele>1084</ele></trkpt>
      <trkpt lat="44.526739" lon="9.530745"><ele>1087</ele></trkpt>
      <trkpt lat="44.526772" lon="9.530593"><ele>1088</ele></trkpt>
      <trkpt lat="44.526780" lon="9.530432"><ele>1090</ele></trkpt>
      <trkpt lat="44.526681" lon="9.528881"><ele>1101</ele></trkpt>
      <trkpt lat="44.526737" lon="9.527384"><ele>1106</ele></trkpt>
      <trkpt lat="44.526781" lon="9.526993"><ele>1106</ele></trkpt>
      <trkpt lat="44.527158" lon="9.525026"><ele>1106</ele></trkpt>
      <trkpt lat="44.527220" lon="9.524917"><ele>1105</ele></trkpt>
      <trkpt lat="44.527283" lon="9.524873"><ele>1104</ele></trkpt>
      <trkpt lat="44.527344" lon="9.524868"><ele>1104</ele></trkpt>
      <trkpt lat="44.527422" lon="9.524895"><ele>1104</ele></trkpt>
      <trkpt lat="44.527482" lon="9.524961"><ele>1103</ele></trkpt>
      <trkpt lat="44.527523" lon="9.525062"><ele>1105</ele></trkpt>
      <trkpt lat="44.527526" lon="9.525201"><ele>1107</ele></trkpt>
      <trkpt lat="44.527503" lon="9.525318"><ele>1109</ele></trkpt>
      <trkpt lat="44.527345" lon="9.525816"><ele>1107</ele></trkpt>
      <trkpt lat="44.527304" lon="9.526087"><ele>1107</ele></trkpt>
      <trkpt lat="44.527283" lon="9.527306"><ele>1112</ele></trkpt>
      <trkpt lat="44.527293" lon="9.527622"><ele>1115</ele></trkpt>
      <trkpt lat="44.527360" lon="9.528119"><ele>1128</ele></trkpt>
      <trkpt lat="44.527457" lon="9.528453"><ele>1128</ele></trkpt>
      <trkpt lat="44.527589" lon="9.528751"><ele>1129</ele></trkpt>
      <trkpt lat="44.527897" lon="9.529238"><ele>1131</ele></trkpt>
      <trkpt lat="44.528001" lon="9.529353"><ele>1132</ele></trkpt>
      <trkpt lat="44.528089" lon="9.529384"><ele>1132</ele></trkpt>
      <trkpt lat="44.528163" lon="9.529370"><ele>1134</ele></trkpt>
      <trkpt lat="44.528237" lon="9.529318"><ele>1134</ele></trkpt>
      <trkpt lat="44.528281" lon="9.529234"><ele>1134</ele></trkpt>
      <trkpt lat="44.528299" lon="9.529132"><ele>1134</ele></trkpt>
      <trkpt lat="44.528291" lon="9.529024"><ele>1134</ele></trkpt>
      <trkpt lat="44.528246" lon="9.528921"><ele>1134</ele></trkpt>
      <trkpt lat="44.527915" lon="9.528599"><ele>1135</ele></trkpt>
      <trkpt lat="44.527822" lon="9.528426"><ele>1135</ele></trkpt>
      <trkpt lat="44.527772" lon="9.528265"><ele>1136</ele></trkpt>
      <trkpt lat="44.527739" lon="9.528060"><ele>1136</ele></trkpt>
      <trkpt lat="44.527744" lon="9.527872"><ele>1135</ele></trkpt>
      <trkpt lat="44.527805" lon="9.527611"><ele>1136</ele></trkpt>
      <trkpt lat="44.528675" lon="9.524907"><ele>1178</ele></trkpt>
      <trkpt lat="44.528710" lon="9.524714"><ele>1178</ele></trkpt>
      <trkpt lat="44.528708" lon="9.524538"><ele>1183</ele></trkpt>
      <trkpt lat="44.528664" lon="9.523989"><ele>1184</ele></trkpt>
      <trkpt lat="44.528656" lon="9.523708"><ele>1185</ele></trkpt>
      <trkpt lat="44.528672" lon="9.523490"><ele>1186</ele></trkpt>
      <trkpt lat="44.528707" lon="9.523262"><ele>1186</ele></trkpt>
      <trkpt lat="44.528857" lon="9.522709"><ele>1188</ele></trkpt>
      <trkpt lat="44.528881" lon="9.522538"><ele>1189</ele></trkpt>
      <trkpt lat="44.528888" lon="9.522393"><ele>1190</ele></trkpt>
      <trkpt lat="44.528871" lon="9.522225"><ele>1191</ele></trkpt>
      <trkpt lat="44.528832" lon="9.522064"><ele>1192</ele></trkpt>
      <trkpt lat="44.528680" lon="9.521708"><ele>1194</ele></trkpt>
      <trkpt lat="44.528645" lon="9.521575"><ele>1195</ele></trkpt>
      <trkpt lat="44.528632" lon="9.521415"><ele>1196</ele></trkpt>
      <trkpt lat="44.528649" lon="9.521248"><ele>1197</ele></trkpt>
      <trkpt lat="44.528778" lon="9.520612"><ele>1202</ele></trkpt>
      <trkpt lat="44.528769" lon="9.520285"><ele>1205</ele></trkpt>
      <trkpt lat="44.528689" lon="9.520008"><ele>1205</ele></trkpt>
      <trkpt lat="44.528551" lon="9.519699"><ele>1208</ele></trkpt>
      <trkpt lat="44.528504" lon="9.519547"><ele>1209</ele></trkpt>
      <trkpt lat="44.528478" lon="9.519370"><ele>1211</ele></trkpt>
      <trkpt lat="44.528625" lon="9.516196"><ele>1254</ele></trkpt>
      <trkpt lat="44.528639" lon="9.516071"><ele>1254</ele></trkpt>
      <trkpt lat="44.528679" lon="9.515976"><ele>1255</ele></trkpt>
      <trkpt lat="44.528737" lon="9.515916"><ele>1255</ele></trkpt>
      <trkpt lat="44.528814" lon="9.515886"><ele>1255</ele></trkpt>
      <trkpt lat="44.528888" lon="9.515898"><ele>1255</ele></trkpt>
      <trkpt lat="44.528953" lon="9.515937"><ele>1255</ele></trkpt>
      <trkpt lat="44.529004" lon="9.516030"><ele>1255</ele></trkpt>
      <trkpt lat="44.529028" lon="9.516125"><ele>1255</ele></trkpt>
      <trkpt lat="44.528921" lon="9.517804"><ele>1247</ele></trkpt>
      <trkpt lat="44.528923" lon="9.518045"><ele>1241</ele></trkpt>
      <trkpt lat="44.528948" lon="9.518254"><ele>1238</ele></trkpt>
      <trkpt lat="44.529137" lon="9.519110"><ele>1239</ele></trkpt>
      <trkpt lat="44.529218" lon="9.519369"><ele>1241</ele></trkpt>
      <trkpt lat="44.529489" lon="9.519891"><ele>1245</ele></trkpt>
      <trkpt lat="44.529562" lon="9.520102"><ele>1247</ele></trkpt>
      <trkpt lat="44.529939" lon="9.521865"><ele>1253</ele></trkpt>
      <trkpt lat="44.530006" lon="9.522055"><ele>1256</ele></trkpt>
      <trkpt lat="44.530102" lon="9.522145"><ele>1257</ele></trkpt>
      <trkpt lat="44.530203" lon="9.522150"><ele>1260</ele></trkpt>
      <trkpt lat="44.530311" lon="9.522087"><ele>1260</ele></trkpt>
      <trkpt lat="44.530373" lon="9.521966"><ele>1261</ele></trkpt>
      <trkpt lat="44.530384" lon="9.521762"><ele>1260</ele></trkpt>
      <trkpt lat="44.530246" lon="9.520849"><ele>1260</ele></trkpt>
      <trkpt lat="44.529830" lon="9.517774"><ele>1273</ele></trkpt>
      <trkpt lat="44.529827" lon="9.517554"><ele>1272</ele></trkpt>
      <trkpt lat="44.529856" lon="9.517351"><ele>1273</ele></trkpt>
      <trkpt lat="44.530378" lon="9.515411"><ele>1304</ele></trkpt>
      <trkpt lat="44.530415" lon="9.515181"><ele>1308</ele></trkpt>
      <trkpt lat="44.530423" lon="9.514984"><ele>1308</ele></trkpt>
      <trkpt lat="44.530408" lon="9.514788"><ele>1309</ele></trkpt>
      <trkpt lat="44.530366" lon="9.514575"><ele>1309</ele></trkpt>
      <trkpt lat="44.530144" lon="9.513784"><ele>1325</ele></trkpt>
      <trkpt lat="44.529919" lon="9.513041"><ele>1343</ele></trkpt>
      <trkpt lat="44.529888" lon="9.512832"><ele>1343</ele></trkpt>
      <trkpt lat="44.529894" lon="9.512658"><ele>1344</ele></trkpt>
      <trkpt lat="44.529924" lon="9.512509"><ele>1344</ele></trkpt>
      <trkpt lat="44.530160" lon="9.511857"><ele>1346</ele></trkpt>
      <trkpt lat="44.530189" lon="9.511654"><ele>1347</ele></trkpt>
      <trkpt lat="44.530214" lon="9.511196"><ele>1348</ele></trkpt>
      <trkpt lat="44.530255" lon="9.511028"><ele>1348</ele></trkpt>
      <trkpt lat="44.530315" lon="9.510883"><ele>1348</ele></trkpt>
      <trkpt lat="44.530426" lon="9.510729"><ele>1350</ele></trkpt>
      <trkpt lat="44.530589" lon="9.510639"><ele>1351</ele></trkpt>
      <trkpt lat="44.530996" lon="9.510526"><ele>1353</ele></trkpt>
      <trkpt lat="44.531137" lon="9.510427"><ele>1355</ele></trkpt>
      <trkpt lat="44.532240" lon="9.509232"><ele>1374</ele></trkpt>
      <trkpt lat="44.533253" lon="9.508471"><ele>1400</ele></trkpt>
      <trkpt lat="44.534006" lon="9.507866"><ele>1395</ele></trkpt>
      <trkpt lat="44.534055" lon="9.507757"><ele>1395</ele></trkpt>
      <trkpt lat="44.534066" lon="9.507655"><ele>1395</ele></trkpt>
      <trkpt lat="44.534043" lon="9.507544"><ele>1395</ele></trkpt>
      <trkpt lat="44.533983" lon="9.507459"><ele>1396</ele></trkpt>
      <trkpt lat="44.533911" lon="9.507424"><ele>1398</ele></trkpt>
      <trkpt lat="44.533820" lon="9.507422"><ele>1399</ele></trkpt>
      <trkpt lat="44.532522" lon="9.508184"><ele>1404</ele></trkpt>
      <trkpt lat="44.532420" lon="9.508193"><ele>1404</ele></trkpt>
      <trkpt lat="44.532331" lon="9.508144"><ele>1403</ele></trkpt>
      <trkpt lat="44.532259" lon="9.508054"><ele>1403</ele></trkpt>
      <trkpt lat="44.532227" lon="9.507947"><ele>1403</ele></trkpt>
      <trkpt lat="44.532228" lon="9.507840"><ele>1405</ele></trkpt>
      <trkpt lat="44.532269" lon="9.507708"><ele>1405</ele></trkpt>
      <trkpt lat="44.532360" lon="9.507604"><ele>1406</ele></trkpt>
      <trkpt lat="44.533359" lon="9.506858"><ele>1421</ele></trkpt>
      <trkpt lat="44.533487" lon="9.506721"><ele>1427</ele></trkpt>
      <trkpt lat="44.533587" lon="9.506548"><ele>1434</ele></trkpt>
      <trkpt lat="44.534144" lon="9.504895"><ele>1456</ele></trkpt>
      <trkpt lat="44.534397" lon="9.504049"><ele>1458</ele></trkpt>
      <trkpt lat="44.534457" lon="9.503894"><ele>1459</ele></trkpt>
      <trkpt lat="44.534565" lon="9.503723"><ele>1460</ele></trkpt>
      <trkpt lat="44.534707" lon="9.503590"><ele>1459</ele></trkpt>
      <trkpt lat="44.535571" lon="9.502979"><ele>1461</ele></trkpt>
      <trkpt lat="44.536275" lon="9.502510"><ele>1462</ele></trkpt>
      <trkpt lat="44.536520" lon="9.502378"><ele>1465</ele></trkpt>
      <trkpt lat="44.536723" lon="9.502290"><ele>1467</ele></trkpt>
      <trkpt lat="44.537297" lon="9.502120"><ele>1469</ele></trkpt>
      <trkpt lat="44.539224" lon="9.501671"><ele>1463</ele></trkpt>
      <trkpt lat="44.539473" lon="9.501606"><ele>1487</ele></trkpt>
      <trkpt lat="44.539550" lon="9.501543"><ele>1487</ele></trkpt>
      <trkpt lat="44.539606" lon="9.501454"><ele>1487</ele></trkpt>
      <trkpt lat="44.539626" lon="9.501347"><ele>1487</ele></trkpt>
      <trkpt lat="44.539593" lon="9.501320"><ele>1487</ele></trkpt>
      <trkpt lat="44.539308" lon="9.501102"><ele>1487</ele></trkpt>
      <trkpt lat="44.539119" lon="9.501045"><ele>1490</ele></trkpt>
      <trkpt lat="44.538914" lon="9.501039"><ele>1490</ele></trkpt>
      <trkpt lat="44.538706" lon="9.501089"><ele>1491</ele></trkpt>
      <trkpt lat="44.538553" lon="9.501198"><ele>1491</ele></trkpt>
      <trkpt lat="44.538317" lon="9.501411"><ele>1492</ele></trkpt>
      <trkpt lat="44.538102" lon="9.501491"><ele>1492</ele></trkpt>
      <trkpt lat="44.537129" lon="9.501638"><ele>1485</ele></trkpt>
      <trkpt lat="44.536854" lon="9.501642"><ele>1482</ele></trkpt>
      <trkpt lat="44.536671" lon="9.501610"><ele>1480</ele></trkpt>
      <trkpt lat="44.536142" lon="9.501375"><ele>1478</ele></trkpt>
      <trkpt lat="44.536005" lon="9.501276"><ele>1478</ele></trkpt>
      <trkpt lat="44.535914" lon="9.501164"><ele>1479</ele></trkpt>
      <trkpt lat="44.535856" lon="9.501023"><ele>1470</ele></trkpt>
      <trkpt lat="44.535822" lon="9.500886"><ele>1452</ele></trkpt>
      <trkpt lat="44.535809" lon="9.500719"><ele>1452</ele></trkpt>
      <trkpt lat="44.535831" lon="9.500529"><ele>1454</ele></trkpt>
      <trkpt lat="44.535880" lon="9.500365"><ele>1455</ele></trkpt>
      <trkpt lat="44.536229" lon="9.499774"><ele>1454</ele></trkpt>
      <trkpt lat="44.536287" lon="9.499628"><ele>1454</ele></trkpt>
      <trkpt lat="44.536312" lon="9.499494"><ele>1454</ele></trkpt>
      <trkpt lat="44.536299" lon="9.499207"><ele>1451</ele></trkpt>
      <trkpt lat="44.536286" lon="9.498865"><ele>1434</ele></trkpt>
      <trkpt lat="44.536344" lon="9.498526"><ele>1432</ele></trkpt>
      <trkpt lat="44.536601" lon="9.497839"><ele>1429</ele></trkpt>
      <trkpt lat="44.536636" lon="9.497493"><ele>1430</ele></trkpt>
      <trkpt lat="44.536531" lon="9.496806"><ele>1428</ele></trkpt>
      <trkpt lat="44.536542" lon="9.496538"><ele>1428</ele></trkpt>
      <trkpt lat="44.536601" lon="9.496320"><ele>1429</ele></trkpt>
      <trkpt lat="44.536813" lon="9.495944"><ele>1434</ele></trkpt>
      <trkpt lat="44.537551" lon="9.494882"><ele>1443</ele></trkpt>
      <trkpt lat="44.537719" lon="9.494557"><ele>1441</ele></trkpt>
      <trkpt lat="44.537786" lon="9.494222"><ele>1442</ele></trkpt>
      <trkpt lat="44.537809" lon="9.493987"><ele>1442</ele></trkpt>
      <trkpt lat="44.537764" lon="9.493595"><ele>1438</ele></trkpt>
      <trkpt lat="44.537641" lon="9.493126"><ele>1438</ele></trkpt>
      <trkpt lat="44.537484" lon="9.492823"><ele>1435</ele></trkpt>
      <trkpt lat="44.537149" lon="9.492298"><ele>1432</ele></trkpt>
      <trkpt lat="44.537093" lon="9.492041"><ele>1433</ele></trkpt>
      <trkpt lat="44.537059" lon="9.491190"><ele>1432</ele></trkpt>
      <trkpt lat="44.537014" lon="9.490894"><ele>1431</ele></trkpt>
      <trkpt lat="44.536931" lon="9.490738"><ele>1431</ele></trkpt>
      <trkpt lat="44.536737" lon="9.490511"><ele>1429</ele></trkpt>
      <trkpt lat="44.535907" lon="9.489611"><ele>1417</ele></trkpt>
      <trkpt lat="44.535518" lon="9.489175"><ele>1399</ele></trkpt>
      <trkpt lat="44.535406" lon="9.489007"><ele>1395</ele></trkpt>
      <trkpt lat="44.535325" lon="9.488789"><ele>1395</ele></trkpt>
      <trkpt lat="44.535297" lon="9.488556"><ele>1394</ele></trkpt>
      <trkpt lat="44.535348" lon="9.488165"><ele>1390</ele></trkpt>
      <trkpt lat="44.535532" lon="9.487219"><ele>1383</ele></trkpt>
      <trkpt lat="44.535706" lon="9.486526"><ele>1376</ele></trkpt>
      <trkpt lat="44.535969" lon="9.485967"><ele>1375</ele></trkpt>
      <trkpt lat="44.536203" lon="9.485626"><ele>1374</ele></trkpt>
      <trkpt lat="44.536489" lon="9.485301"><ele>1369</ele></trkpt>
      <trkpt lat="44.536608" lon="9.485143"><ele>1369</ele></trkpt>
      <trkpt lat="44.536714" lon="9.484773"><ele>1369</ele></trkpt>
      <trkpt lat="44.536822" lon="9.484076"><ele>1362</ele></trkpt>
      <trkpt lat="44.537000" lon="9.483412"><ele>1360</ele></trkpt>
      <trkpt lat="44.537197" lon="9.482920"><ele>1357</ele></trkpt>
      <trkpt lat="44.537344" lon="9.482679"><ele>1358</ele></trkpt>
      <trkpt lat="44.537506" lon="9.482463"><ele>1359</ele></trkpt>
      <trkpt lat="44.538248" lon="9.481736"><ele>1358</ele></trkpt>
      <trkpt lat="44.538432" lon="9.481437"><ele>1358</ele></trkpt>
      <trkpt lat="44.538524" lon="9.481023"><ele>1358</ele></trkpt>
      <trkpt lat="44.538536" lon="9.480586"><ele>1356</ele></trkpt>
      <trkpt lat="44.538512" lon="9.480225"><ele>1354</ele></trkpt>
      <trkpt lat="44.538410" lon="9.479965"><ele>1352</ele></trkpt>
      <trkpt lat="44.537816" lon="9.479241"><ele>1347</ele></trkpt>
      <trkpt lat="44.537632" lon="9.478987"><ele>1340</ele></trkpt>
      <trkpt lat="44.537565" lon="9.478786"><ele>1334</ele></trkpt>
      <trkpt lat="44.537540" lon="9.478405"><ele>1326</ele></trkpt>
      <trkpt lat="44.537541" lon="9.477863"><ele>1320</ele></trkpt>
      <trkpt lat="44.537283" lon="9.477275"><ele>1314</ele></trkpt>
      <trkpt lat="44.537283" lon="9.476996"><ele>1310</ele></trkpt>
      <trkpt lat="44.537417" lon="9.476638"><ele>1307</ele></trkpt>
      <trkpt lat="44.537484" lon="9.476313"><ele>1305</ele></trkpt>
      <trkpt lat="44.537518" lon="9.475944"><ele>1305</ele></trkpt>
      <trkpt lat="44.537496" lon="9.475579"><ele>1299</ele></trkpt>
      <trkpt lat="44.537352" lon="9.475272"><ele>1299</ele></trkpt>
      <trkpt lat="44.537162" lon="9.474978"><ele>1299</ele></trkpt>
      <trkpt lat="44.537068" lon="9.474799"><ele>1298</ele></trkpt>
      <trkpt lat="44.537018" lon="9.474560"><ele>1297</ele></trkpt>
      <trkpt lat="44.537035" lon="9.474356"><ele>1296</ele></trkpt>
      <trkpt lat="44.537110" lon="9.474137"><ele>1295</ele></trkpt>
      <trkpt lat="44.537544" lon="9.473674"><ele>1295</ele></trkpt>
      <trkpt lat="44.537644" lon="9.473416"><ele>1294</ele></trkpt>
      <trkpt lat="44.537726" lon="9.473134"><ele>1292</ele></trkpt>
      <trkpt lat="44.537864" lon="9.472857"><ele>1291</ele></trkpt>
      <trkpt lat="44.538043" lon="9.472678"><ele>1287</ele></trkpt>
      <trkpt lat="44.538379" lon="9.472294"><ele>1284</ele></trkpt>
      <trkpt lat="44.538905" lon="9.471582"><ele>1274</ele></trkpt>
      <trkpt lat="44.538983" lon="9.471325"><ele>1275</ele></trkpt>
      <trkpt lat="44.539028" lon="9.470989"><ele>1273</ele></trkpt>
      <trkpt lat="44.539005" lon="9.470150"><ele>1257</ele></trkpt>
      <trkpt lat="44.539084" lon="9.469278"><ele>1261</ele></trkpt>
      <trkpt lat="44.539039" lon="9.468953"><ele>1264</ele></trkpt>
      <trkpt lat="44.538927" lon="9.468696"><ele>1265</ele></trkpt>
      <trkpt lat="44.538636" lon="9.468137"><ele>1267</ele></trkpt>
      <trkpt lat="44.538233" lon="9.467242"><ele>1269</ele></trkpt>
      <trkpt lat="44.538099" lon="9.467052"><ele>1271</ele></trkpt>
      <trkpt lat="44.537898" lon="9.466895"><ele>1268</ele></trkpt>
      <trkpt lat="44.537428" lon="9.466649"><ele>1264</ele></trkpt>
      <trkpt lat="44.536422" lon="9.466310"><ele>1251</ele></trkpt>
      <trkpt lat="44.536064" lon="9.466037"><ele>1250</ele></trkpt>
      <trkpt lat="44.535974" lon="9.465900"><ele>1250</ele></trkpt>
      <trkpt lat="44.535929" lon="9.465665"><ele>1250</ele></trkpt>
      <trkpt lat="44.535914" lon="9.464696"><ele>1248</ele></trkpt>
      <trkpt lat="44.535920" lon="9.463785"><ele>1239</ele></trkpt>
      <trkpt lat="44.535844" lon="9.463007"><ele>1234</ele></trkpt>
      <trkpt lat="44.535700" lon="9.462627"><ele>1229</ele></trkpt>
      <trkpt lat="44.535544" lon="9.462409"><ele>1225</ele></trkpt>
      <trkpt lat="44.535023" lon="9.461794"><ele>1215</ele></trkpt>
      <trkpt lat="44.534866" lon="9.461128"><ele>1205</ele></trkpt>
      <trkpt lat="44.534714" lon="9.460044"><ele>1203</ele></trkpt>
      <trkpt lat="44.534833" lon="9.459591"><ele>1203</ele></trkpt>
      <trkpt lat="44.534830" lon="9.459296"><ele>1203</ele></trkpt>
      <trkpt lat="44.534696" lon="9.459015"><ele>1204</ele></trkpt>
      <trkpt lat="44.534401" lon="9.458598"><ele>1204</ele></trkpt>
      <trkpt lat="44.534260" lon="9.458330"><ele>1204</ele></trkpt>
      <trkpt lat="44.534196" lon="9.458058"><ele>1204</ele></trkpt>
      <trkpt lat="44.534340" lon="9.456585"><ele>1197</ele></trkpt>
      <trkpt lat="44.534334" lon="9.456367"><ele>1193</ele></trkpt>
      <trkpt lat="44.534276" lon="9.456164"><ele>1189</ele></trkpt>
      <trkpt lat="44.533770" lon="9.455339"><ele>1179</ele></trkpt>
      <trkpt lat="44.533617" lon="9.454924"><ele>1176</ele></trkpt>
      <trkpt lat="44.533562" lon="9.454699"><ele>1174</ele></trkpt>
      <trkpt lat="44.533569" lon="9.454479"><ele>1172</ele></trkpt>
      <trkpt lat="44.533617" lon="9.454317"><ele>1172</ele></trkpt>
      <trkpt lat="44.533721" lon="9.454139"><ele>1171</ele></trkpt>
      <trkpt lat="44.533879" lon="9.454024"><ele>1171</ele></trkpt>
      <trkpt lat="44.534349" lon="9.453805"><ele>1172</ele></trkpt>
      <trkpt lat="44.534442" lon="9.453696"><ele>1171</ele></trkpt>
      <trkpt lat="44.534509" lon="9.453249"><ele>1171</ele></trkpt>
      <trkpt lat="44.534495" lon="9.452460"><ele>1168</ele></trkpt>
      <trkpt lat="44.534426" lon="9.451742"><ele>1161</ele></trkpt>
      <trkpt lat="44.534324" lon="9.451403"><ele>1157</ele></trkpt>
      <trkpt lat="44.534118" lon="9.450872"><ele>1151</ele></trkpt>
      <trkpt lat="44.533927" lon="9.450284"><ele>1148</ele></trkpt>
      <trkpt lat="44.533881" lon="9.450089"><ele>1148</ele></trkpt>
      <trkpt lat="44.533890" lon="9.449923"><ele>1146</ele></trkpt>
      <trkpt lat="44.534023" lon="9.449602"><ele>1147</ele></trkpt>
      <trkpt lat="44.534162" lon="9.449330"><ele>1140</ele></trkpt>
      <trkpt lat="44.534374" lon="9.448896"><ele>1133</ele></trkpt>
      <trkpt lat="44.534552" lon="9.448483"><ele>1131</ele></trkpt>
      <trkpt lat="44.534637" lon="9.448211"><ele>1129</ele></trkpt>
      <trkpt lat="44.534912" lon="9.447461"><ele>1125</ele></trkpt>
      <trkpt lat="44.535151" lon="9.447014"><ele>1126</ele></trkpt>
      <trkpt lat="44.535439" lon="9.446542"><ele>1113</ele></trkpt>
      <trkpt lat="44.535575" lon="9.446326"><ele>1113</ele></trkpt>
      <trkpt lat="44.535764" lon="9.446211"><ele>1113</ele></trkpt>
      <trkpt lat="44.535970" lon="9.446244"><ele>1135</ele></trkpt>
      <trkpt lat="44.536119" lon="9.446328"><ele>1136</ele></trkpt>
      <trkpt lat="44.536296" lon="9.446577"><ele>1137</ele></trkpt>
      <trkpt lat="44.536442" lon="9.447065"><ele>1138</ele></trkpt>
      <trkpt lat="44.536578" lon="9.447361"><ele>1135</ele></trkpt>
      <trkpt lat="44.536748" lon="9.447566"><ele>1134</ele></trkpt>
      <trkpt lat="44.537730" lon="9.448157"><ele>1118</ele></trkpt>
      <trkpt lat="44.537858" lon="9.448162"><ele>1116</ele></trkpt>
      <trkpt lat="44.537980" lon="9.448108"><ele>1113</ele></trkpt>
      <trkpt lat="44.538084" lon="9.448001"><ele>1111</ele></trkpt>
      <trkpt lat="44.538432" lon="9.447426"><ele>1106</ele></trkpt>
      <trkpt lat="44.538596" lon="9.447259"><ele>1104</ele></trkpt>
      <trkpt lat="44.538744" lon="9.447213"><ele>1104</ele></trkpt>
      <trkpt lat="44.539191" lon="9.447315"><ele>1099</ele></trkpt>
      <trkpt lat="44.539567" lon="9.447128"><ele>1097</ele></trkpt>
      <trkpt lat="44.539938" lon="9.446886"><ele>1099</ele></trkpt>
      <trkpt lat="44.540121" lon="9.446834"><ele>1100</ele></trkpt>
      <trkpt lat="44.540251" lon="9.446898"><ele>1101</ele></trkpt>
      <trkpt lat="44.540343" lon="9.447028"><ele>1102</ele></trkpt>
      <trkpt lat="44.541157" lon="9.449010"><ele>1100</ele></trkpt>
      <trkpt lat="44.541313" lon="9.449736"><ele>1097</ele></trkpt>
      <trkpt lat="44.541367" lon="9.449877"><ele>1096</ele></trkpt>
      <trkpt lat="44.541440" lon="9.449999"><ele>1094</ele></trkpt>
      <trkpt lat="44.541953" lon="9.450346"><ele>1093</ele></trkpt>
      <trkpt lat="44.542018" lon="9.450412"><ele>1096</ele></trkpt>
      <trkpt lat="44.542094" lon="9.450540"><ele>1097</ele></trkpt>
      <trkpt lat="44.542174" lon="9.450809"><ele>1094</ele></trkpt>
      <trkpt lat="44.542377" lon="9.451677"><ele>1090</ele></trkpt>
      <trkpt lat="44.542460" lon="9.452200"><ele>1086</ele></trkpt>
      <trkpt lat="44.542530" lon="9.452349"><ele>1080</ele></trkpt>
      <trkpt lat="44.542916" lon="9.452997"><ele>1081</ele></trkpt>
      <trkpt lat="44.542973" lon="9.453131"><ele>1081</ele></trkpt>
      <trkpt lat="44.543063" lon="9.453422"><ele>1078</ele></trkpt>
      <trkpt lat="44.543149" lon="9.453360"><ele>1052</ele></trkpt>
      <trkpt lat="44.543436" lon="9.453253"><ele>1044</ele></trkpt>
      <trkpt lat="44.543609" lon="9.453145"><ele>1042</ele></trkpt>
      <trkpt lat="44.543651" lon="9.453076"><ele>1041</ele></trkpt>
      <trkpt lat="44.543813" lon="9.453058"><ele>1039</ele></trkpt>
      <trkpt lat="44.543938" lon="9.453007"><ele>1038</ele></trkpt>
      <trkpt lat="44.544128" lon="9.452891"><ele>1037</ele></trkpt>
      <trkpt lat="44.544218" lon="9.452696"><ele>1036</ele></trkpt>
      <trkpt lat="44.544332" lon="9.452511"><ele>1033</ele></trkpt>
      <trkpt lat="44.544398" lon="9.452149"><ele>1032</ele></trkpt>
      <trkpt lat="44.544459" lon="9.452023"><ele>1033</ele></trkpt>
      <trkpt lat="44.545027" lon="9.451766"><ele>1024</ele></trkpt>
      <trkpt lat="44.545120" lon="9.451486"><ele>1017</ele></trkpt>
      <trkpt lat="44.545154" lon="9.451306"><ele>1017</ele></trkpt>
      <trkpt lat="44.545172" lon="9.451127"><ele>1017</ele></trkpt>
      <trkpt lat="44.545154" lon="9.450529"><ele>1016</ele></trkpt>
      <trkpt lat="44.545252" lon="9.450338"><ele>1017</ele></trkpt>
      <trkpt lat="44.545256" lon="9.450249"><ele>1014</ele></trkpt>
      <trkpt lat="44.545169" lon="9.450118"><ele>1002</ele></trkpt>
      <trkpt lat="44.545101" lon="9.450091"><ele>1001</ele></trkpt>
      <trkpt lat="44.545003" lon="9.449990"><ele>999</ele></trkpt>
      <trkpt lat="44.544994" lon="9.449954"><ele>999</ele></trkpt>
      <trkpt lat="44.545006" lon="9.449912"><ele>1001</ele></trkpt>
      <trkpt lat="44.545090" lon="9.449782"><ele>1002</ele></trkpt>
      <trkpt lat="44.545090" lon="9.449710"><ele>999</ele></trkpt>
      <trkpt lat="44.545135" lon="9.449678"><ele>999</ele></trkpt>
      <trkpt lat="44.545234" lon="9.449668"><ele>999</ele></trkpt>
      <trkpt lat="44.545326" lon="9.449687"><ele>999</ele></trkpt>
      <trkpt lat="44.545405" lon="9.449732"><ele>999</ele></trkpt>
      <trkpt lat="44.545511" lon="9.449890"><ele>999</ele></trkpt>
      <trkpt lat="44.545613" lon="9.449844"><ele>1003</ele></trkpt>
      <trkpt lat="44.545947" lon="9.449813"><ele>1003</ele></trkpt>
      <trkpt lat="44.546022" lon="9.449754"><ele>1009</ele></trkpt>
      <trkpt lat="44.546249" lon="9.449602"><ele>1009</ele></trkpt>
      <trkpt lat="44.546606" lon="9.449611"><ele>1009</ele></trkpt>
      <trkpt lat="44.546631" lon="9.449610"><ele>1009</ele></trkpt>
      <trkpt lat="44.546682" lon="9.449581"><ele>1003</ele></trkpt>
      <trkpt lat="44.546701" lon="9.449526"><ele>1000</ele></trkpt>
      <trkpt lat="44.546707" lon="9.449398"><ele>1000</ele></trkpt>
      <trkpt lat="44.546654" lon="9.449047"><ele>1000</ele></trkpt>
      <trkpt lat="44.546667" lon="9.448955"><ele>1000</ele></trkpt>
      <trkpt lat="44.546770" lon="9.448675"><ele>999</ele></trkpt>
      <trkpt lat="44.546780" lon="9.448597"><ele>999</ele></trkpt>
      <trkpt lat="44.546776" lon="9.448515"><ele>999</ele></trkpt>
      <trkpt lat="44.546724" lon="9.448393"><ele>998</ele></trkpt>
      <trkpt lat="44.546664" lon="9.448344"><ele>997</ele></trkpt>
      <trkpt lat="44.546609" lon="9.448299"><ele>979</ele></trkpt>
      <trkpt lat="44.545654" lon="9.448004"><ele>972</ele></trkpt>
      <trkpt lat="44.545547" lon="9.448025"><ele>972</ele></trkpt>
      <trkpt lat="44.545429" lon="9.448080"><ele>972</ele></trkpt>
      <trkpt lat="44.545547" lon="9.448025"><ele>972</ele></trkpt>
      <trkpt lat="44.545654" lon="9.448004"><ele>972</ele></trkpt>
      <trkpt lat="44.546609" lon="9.448299"><ele>979</ele></trkpt>
      <trkpt lat="44.546664" lon="9.448344"><ele>997</ele></trkpt>
      <trkpt lat="44.546724" lon="9.448393"><ele>998</ele></trkpt>
      <trkpt lat="44.546776" lon="9.448515"><ele>999</ele></trkpt>
      <trkpt lat="44.546780" lon="9.448597"><ele>999</ele></trkpt>
      <trkpt lat="44.546770" lon="9.448675"><ele>999</ele></trkpt>
      <trkpt lat="44.546667" lon="9.448955"><ele>1000</ele></trkpt>
      <trkpt lat="44.546654" lon="9.449047"><ele>1000</ele></trkpt>
      <trkpt lat="44.546707" lon="9.449398"><ele>1000</ele></trkpt>
      <trkpt lat="44.546701" lon="9.449526"><ele>1000</ele></trkpt>
      <trkpt lat="44.546682" lon="9.449581"><ele>1003</ele></trkpt>
      <trkpt lat="44.546631" lon="9.449610"><ele>1009</ele></trkpt>
      <trkpt lat="44.546606" lon="9.449611"><ele>1009</ele></trkpt>
      <trkpt lat="44.546249" lon="9.449602"><ele>1009</ele></trkpt>
      <trkpt lat="44.546022" lon="9.449754"><ele>1009</ele></trkpt>
      <trkpt lat="44.545947" lon="9.449813"><ele>1003</ele></trkpt>
      <trkpt lat="44.545613" lon="9.449844"><ele>1003</ele></trkpt>
      <trkpt lat="44.545511" lon="9.449890"><ele>999</ele></trkpt>
      <trkpt lat="44.545405" lon="9.449732"><ele>999</ele></trkpt>
      <trkpt lat="44.545326" lon="9.449687"><ele>999</ele></trkpt>
      <trkpt lat="44.545234" lon="9.449668"><ele>999</ele></trkpt>
      <trkpt lat="44.545135" lon="9.449678"><ele>999</ele></trkpt>
      <trkpt lat="44.545090" lon="9.449710"><ele>999</ele></trkpt>
      <trkpt lat="44.545023" lon="9.449757"><ele>995</ele></trkpt>
      <trkpt lat="44.544818" lon="9.450060"><ele>996</ele></trkpt>
      <trkpt lat="44.544624" lon="9.450529"><ele>997</ele></trkpt>
      <trkpt lat="44.544361" lon="9.451086"><ele>1005</ele></trkpt>
      <trkpt lat="44.544231" lon="9.451274"><ele>1008</ele></trkpt>
      <trkpt lat="44.544164" lon="9.451310"><ele>1025</ele></trkpt>
      <trkpt lat="44.544050" lon="9.451299"><ele>1025</ele></trkpt>
      <trkpt lat="44.543930" lon="9.451225"><ele>1025</ele></trkpt>
      <trkpt lat="44.543662" lon="9.450911"><ele>1026</ele></trkpt>
      <trkpt lat="44.543431" lon="9.450541"><ele>1026</ele></trkpt>
      <trkpt lat="44.543316" lon="9.450278"><ele>1027</ele></trkpt>
      <trkpt lat="44.543236" lon="9.450014"><ele>1026</ele></trkpt>
      <trkpt lat="44.543164" lon="9.449599"><ele>1028</ele></trkpt>
      <trkpt lat="44.543056" lon="9.449321"><ele>1031</ele></trkpt>
      <trkpt lat="44.542560" lon="9.448644"><ele>1031</ele></trkpt>
      <trkpt lat="44.542486" lon="9.448465"><ele>1032</ele></trkpt>
      <trkpt lat="44.542446" lon="9.447849"><ele>1026</ele></trkpt>
      <trkpt lat="44.542273" lon="9.447594"><ele>1027</ele></trkpt>
      <trkpt lat="44.542189" lon="9.447304"><ele>1028</ele></trkpt>
      <trkpt lat="44.542147" lon="9.447047"><ele>1028</ele></trkpt>
      <trkpt lat="44.541957" lon="9.446743"><ele>1028</ele></trkpt>
      <trkpt lat="44.541773" lon="9.446613"><ele>1029</ele></trkpt>
      <trkpt lat="44.541600" lon="9.446344"><ele>1031</ele></trkpt>
      <trkpt lat="44.540856" lon="9.444691"><ele>1007</ele></trkpt>
      <trkpt lat="44.540632" lon="9.444232"><ele>1004</ele></trkpt>
      <trkpt lat="44.540541" lon="9.443761"><ele>1002</ele></trkpt>
      <trkpt lat="44.540408" lon="9.443414"><ele>1001</ele></trkpt>
      <trkpt lat="44.540299" lon="9.443305"><ele>999</ele></trkpt>
      <trkpt lat="44.540133" lon="9.443270"><ele>986</ele></trkpt>
      <trkpt lat="44.539850" lon="9.443238"><ele>983</ele></trkpt>
      <trkpt lat="44.539797" lon="9.443227"><ele>983</ele></trkpt>
      <trkpt lat="44.539660" lon="9.443235"><ele>993</ele></trkpt>
      <trkpt lat="44.539247" lon="9.443457"><ele>995</ele></trkpt>
      <trkpt lat="44.539104" lon="9.443460"><ele>993</ele></trkpt>
      <trkpt lat="44.538835" lon="9.443323"><ele>990</ele></trkpt>
      <trkpt lat="44.538776" lon="9.443288"><ele>990</ele></trkpt>
      <trkpt lat="44.538224" lon="9.443016"><ele>1013</ele></trkpt>
      <trkpt lat="44.538134" lon="9.442913"><ele>1010</ele></trkpt>
      <trkpt lat="44.538078" lon="9.442756"><ele>1006</ele></trkpt>
      <trkpt lat="44.538064" lon="9.442622"><ele>1006</ele></trkpt>
      <trkpt lat="44.538098" lon="9.442314"><ele>1007</ele></trkpt>
      <trkpt lat="44.538086" lon="9.442088"><ele>1006</ele></trkpt>
      <trkpt lat="44.538013" lon="9.441712"><ele>1007</ele></trkpt>
      <trkpt lat="44.537949" lon="9.441491"><ele>1007</ele></trkpt>
      <trkpt lat="44.537816" lon="9.441152"><ele>1006</ele></trkpt>
      <trkpt lat="44.537730" lon="9.441011"><ele>1007</ele></trkpt>
      <trkpt lat="44.537637" lon="9.440970"><ele>1007</ele></trkpt>
      <trkpt lat="44.537347" lon="9.440902"><ele>1006</ele></trkpt>
      <trkpt lat="44.537269" lon="9.440866"><ele>1004</ele></trkpt>
      <trkpt lat="44.537208" lon="9.440796"><ele>1003</ele></trkpt>
      <trkpt lat="44.537015" lon="9.440256"><ele>999</ele></trkpt>
      <trkpt lat="44.536755" lon="9.439634"><ele>998</ele></trkpt>
      <trkpt lat="44.536715" lon="9.439188"><ele>995</ele></trkpt>
      <trkpt lat="44.536708" lon="9.438815"><ele>991</ele></trkpt>
      <trkpt lat="44.536627" lon="9.438033"><ele>989</ele></trkpt>
      <trkpt lat="44.536627" lon="9.437571"><ele>992</ele></trkpt>
      <trkpt lat="44.536550" lon="9.437327"><ele>990</ele></trkpt>
      <trkpt lat="44.536490" lon="9.437228"><ele>988</ele></trkpt>
      <trkpt lat="44.536417" lon="9.437163"><ele>989</ele></trkpt>
      <trkpt lat="44.536035" lon="9.437146"><ele>988</ele></trkpt>
      <trkpt lat="44.535970" lon="9.437118"><ele>989</ele></trkpt>
      <trkpt lat="44.535904" lon="9.437071"><ele>990</ele></trkpt>
      <trkpt lat="44.535801" lon="9.436954"><ele>991</ele></trkpt>
      <trkpt lat="44.535725" lon="9.436835"><ele>990</ele></trkpt>
      <trkpt lat="44.535703" lon="9.436639"><ele>988</ele></trkpt>
      <trkpt lat="44.535707" lon="9.436434"><ele>987</ele></trkpt>
      <trkpt lat="44.535922" lon="9.435761"><ele>983</ele></trkpt>
      <trkpt lat="44.535927" lon="9.435602"><ele>982</ele></trkpt>
      <trkpt lat="44.535893" lon="9.435416"><ele>981</ele></trkpt>
      <trkpt lat="44.535619" lon="9.434585"><ele>965</ele></trkpt>
      <trkpt lat="44.535547" lon="9.434230"><ele>959</ele></trkpt>
      <trkpt lat="44.535494" lon="9.433617"><ele>952</ele></trkpt>
      <trkpt lat="44.535440" lon="9.433493"><ele>950</ele></trkpt>
      <trkpt lat="44.535312" lon="9.433349"><ele>948</ele></trkpt>
      <trkpt lat="44.535210" lon="9.433329"><ele>947</ele></trkpt>
      <trkpt lat="44.534742" lon="9.433361"><ele>942</ele></trkpt>
      <trkpt lat="44.534614" lon="9.433359"><ele>940</ele></trkpt>
      <trkpt lat="44.534527" lon="9.433335"><ele>937</ele></trkpt>
      <trkpt lat="44.534457" lon="9.433282"><ele>936</ele></trkpt>
      <trkpt lat="44.534251" lon="9.433004"><ele>933</ele></trkpt>
      <trkpt lat="44.534085" lon="9.432542"><ele>928</ele></trkpt>
      <trkpt lat="44.533982" lon="9.432425"><ele>926</ele></trkpt>
      <trkpt lat="44.533865" lon="9.432379"><ele>927</ele></trkpt>
      <trkpt lat="44.533780" lon="9.432385"><ele>928</ele></trkpt>
      <trkpt lat="44.533650" lon="9.432468"><ele>929</ele></trkpt>
      <trkpt lat="44.533397" lon="9.432707"><ele>929</ele></trkpt>
      <trkpt lat="44.533332" lon="9.432749"><ele>928</ele></trkpt>
      <trkpt lat="44.533214" lon="9.432771"><ele>928</ele></trkpt>
      <trkpt lat="44.533011" lon="9.432745"><ele>918</ele></trkpt>
      <trkpt lat="44.533075" lon="9.432666"><ele>913</ele></trkpt>
      <trkpt lat="44.533214" lon="9.432562"><ele>914</ele></trkpt>
      <trkpt lat="44.533331" lon="9.432392"><ele>912</ele></trkpt>
      <trkpt lat="44.533514" lon="9.431969"><ele>913</ele></trkpt>
      <trkpt lat="44.533881" lon="9.431400"><ele>912</ele></trkpt>
      <trkpt lat="44.533935" lon="9.431271"><ele>903</ele></trkpt>
      <trkpt lat="44.533943" lon="9.431110"><ele>897</ele></trkpt>
      <trkpt lat="44.533771" lon="9.430766"><ele>897</ele></trkpt>
      <trkpt lat="44.533758" lon="9.430706"><ele>897</ele></trkpt>
      <trkpt lat="44.533775" lon="9.430584"><ele>896</ele></trkpt>
      <trkpt lat="44.533841" lon="9.430502"><ele>895</ele></trkpt>
      <trkpt lat="44.534218" lon="9.430402"><ele>895</ele></trkpt>
      <trkpt lat="44.534287" lon="9.430327"><ele>899</ele></trkpt>
      <trkpt lat="44.534355" lon="9.430166"><ele>897</ele></trkpt>
      <trkpt lat="44.534363" lon="9.429919"><ele>893</ele></trkpt>
      <trkpt lat="44.534325" lon="9.429748"><ele>874</ele></trkpt>
      <trkpt lat="44.533814" lon="9.429267"><ele>873</ele></trkpt>
      <trkpt lat="44.533564" lon="9.429121"><ele>871</ele></trkpt>
      <trkpt lat="44.533537" lon="9.429066"><ele>871</ele></trkpt>
      <trkpt lat="44.533526" lon="9.428937"><ele>871</ele></trkpt>
      <trkpt lat="44.533569" lon="9.428822"><ele>870</ele></trkpt>
      <trkpt lat="44.533820" lon="9.428568"><ele>871</ele></trkpt>
      <trkpt lat="44.533862" lon="9.428466"><ele>871</ele></trkpt>
      <trkpt lat="44.533874" lon="9.428374"><ele>871</ele></trkpt>
      <trkpt lat="44.533856" lon="9.428241"><ele>871</ele></trkpt>
      <trkpt lat="44.533736" lon="9.428022"><ele>867</ele></trkpt>
      <trkpt lat="44.533637" lon="9.427902"><ele>867</ele></trkpt>
      <trkpt lat="44.533545" lon="9.427870"><ele>867</ele></trkpt>
      <trkpt lat="44.533185" lon="9.427892"><ele>866</ele></trkpt>
      <trkpt lat="44.533078" lon="9.427817"><ele>865</ele></trkpt>
      <trkpt lat="44.533040" lon="9.427699"><ele>864</ele></trkpt>
      <trkpt lat="44.533032" lon="9.427559"><ele>864</ele></trkpt>
      <trkpt lat="44.533147" lon="9.427334"><ele>863</ele></trkpt>
      <trkpt lat="44.533163" lon="9.427216"><ele>862</ele></trkpt>
      <trkpt lat="44.533140" lon="9.427119"><ele>861</ele></trkpt>
      <trkpt lat="44.533078" lon="9.427066"><ele>859</ele></trkpt>
      <trkpt lat="44.532803" lon="9.426937"><ele>855</ele></trkpt>
      <trkpt lat="44.532750" lon="9.426862"><ele>854</ele></trkpt>
      <trkpt lat="44.532734" lon="9.426797"><ele>854</ele></trkpt>
      <trkpt lat="44.532734" lon="9.426497"><ele>853</ele></trkpt>
      <trkpt lat="44.532704" lon="9.426379"><ele>852</ele></trkpt>
      <trkpt lat="44.531969" lon="9.426078"><ele>852</ele></trkpt>
      <trkpt lat="44.531885" lon="9.425971"><ele>851</ele></trkpt>
      <trkpt lat="44.531862" lon="9.425842"><ele>850</ele></trkpt>
      <trkpt lat="44.531870" lon="9.425671"><ele>849</ele></trkpt>
      <trkpt lat="44.531969" lon="9.425295"><ele>847</ele></trkpt>
      <trkpt lat="44.531985" lon="9.425038"><ele>839</ele></trkpt>
      <trkpt lat="44.531992" lon="9.423149"><ele>810</ele></trkpt>
      <trkpt lat="44.532046" lon="9.422967"><ele>808</ele></trkpt>
      <trkpt lat="44.532175" lon="9.422677"><ele>809</ele></trkpt>
      <trkpt lat="44.532184" lon="9.422594"><ele>809</ele></trkpt>
      <trkpt lat="44.532176" lon="9.422317"><ele>809</ele></trkpt>
      <trkpt lat="44.532211" lon="9.422185"><ele>808</ele></trkpt>
      <trkpt lat="44.532256" lon="9.422092"><ele>807</ele></trkpt>
      <trkpt lat="44.532448" lon="9.421908"><ele>804</ele></trkpt>
      <trkpt lat="44.532507" lon="9.421816"><ele>805</ele></trkpt>
      <trkpt lat="44.532528" lon="9.421723"><ele>806</ele></trkpt>
      <trkpt lat="44.532520" lon="9.421283"><ele>805</ele></trkpt>
      <trkpt lat="44.532581" lon="9.421079"><ele>805</ele></trkpt>
      <trkpt lat="44.532821" lon="9.420522"><ele>792</ele></trkpt>
      <trkpt lat="44.532887" lon="9.420444"><ele>791</ele></trkpt>
      <trkpt lat="44.532967" lon="9.420398"><ele>791</ele></trkpt>
      <trkpt lat="44.533155" lon="9.420381"><ele>791</ele></trkpt>
      <trkpt lat="44.533687" lon="9.420444"><ele>788</ele></trkpt>
      <trkpt lat="44.533918" lon="9.420535"><ele>788</ele></trkpt>
      <trkpt lat="44.533961" lon="9.420534"><ele>790</ele></trkpt>
      <trkpt lat="44.534034" lon="9.420439"><ele>792</ele></trkpt>
      <trkpt lat="44.534038" lon="9.420355"><ele>790</ele></trkpt>
      <trkpt lat="44.534006" lon="9.420256"><ele>790</ele></trkpt>
      <trkpt lat="44.533614" lon="9.419695"><ele>787</ele></trkpt>
      <trkpt lat="44.533507" lon="9.419609"><ele>786</ele></trkpt>
      <trkpt lat="44.533308" lon="9.419555"><ele>787</ele></trkpt>
      <trkpt lat="44.532963" lon="9.419735"><ele>787</ele></trkpt>
      <trkpt lat="44.532902" lon="9.419705"><ele>786</ele></trkpt>
      <trkpt lat="44.532841" lon="9.419600"><ele>785</ele></trkpt>
      <trkpt lat="44.532845" lon="9.419491"><ele>778</ele></trkpt>
      <trkpt lat="44.532902" lon="9.419361"><ele>778</ele></trkpt>
      <trkpt lat="44.532994" lon="9.419244"><ele>782</ele></trkpt>
      <trkpt lat="44.533270" lon="9.419030"><ele>782</ele></trkpt>
      <trkpt lat="44.533291" lon="9.418930"><ele>781</ele></trkpt>
      <trkpt lat="44.533259" lon="9.418826"><ele>775</ele></trkpt>
      <trkpt lat="44.533206" lon="9.418727"><ele>773</ele></trkpt>
      <trkpt lat="44.532981" lon="9.418432"><ele>772</ele></trkpt>
      <trkpt lat="44.532915" lon="9.418364"><ele>772</ele></trkpt>
      <trkpt lat="44.532697" lon="9.418278"><ele>771</ele></trkpt>
      <trkpt lat="44.532655" lon="9.418220"><ele>771</ele></trkpt>
      <trkpt lat="44.532635" lon="9.418139"><ele>770</ele></trkpt>
      <trkpt lat="44.532642" lon="9.417892"><ele>768</ele></trkpt>
      <trkpt lat="44.532607" lon="9.417585"><ele>766</ele></trkpt>
      <trkpt lat="44.532613" lon="9.417478"><ele>766</ele></trkpt>
      <trkpt lat="44.532691" lon="9.417233"><ele>765</ele></trkpt>
      <trkpt lat="44.532700" lon="9.417140"><ele>765</ele></trkpt>
      <trkpt lat="44.532615" lon="9.416978"><ele>765</ele></trkpt>
      <trkpt lat="44.532482" lon="9.416916"><ele>764</ele></trkpt>
      <trkpt lat="44.531969" lon="9.416776"><ele>762</ele></trkpt>
      <trkpt lat="44.531814" lon="9.416649"><ele>760</ele></trkpt>
      <trkpt lat="44.531771" lon="9.416562"><ele>759</ele></trkpt>
      <trkpt lat="44.531755" lon="9.416347"><ele>759</ele></trkpt>
      <trkpt lat="44.531777" lon="9.416236"><ele>758</ele></trkpt>
      <trkpt lat="44.531854" lon="9.416032"><ele>758</ele></trkpt>
      <trkpt lat="44.531861" lon="9.415901"><ele>756</ele></trkpt>
      <trkpt lat="44.531798" lon="9.415761"><ele>753</ele></trkpt>
      <trkpt lat="44.531641" lon="9.415553"><ele>745</ele></trkpt>
      <trkpt lat="44.531396" lon="9.415285"><ele>739</ele></trkpt>
      <trkpt lat="44.531327" lon="9.415071"><ele>735</ele></trkpt>
      <trkpt lat="44.531335" lon="9.413998"><ele>707</ele></trkpt>
      <trkpt lat="44.531289" lon="9.413590"><ele>704</ele></trkpt>
      <trkpt lat="44.531312" lon="9.413408"><ele>704</ele></trkpt>
      <trkpt lat="44.531380" lon="9.413300"><ele>703</ele></trkpt>
      <trkpt lat="44.531809" lon="9.413150"><ele>702</ele></trkpt>
      <trkpt lat="44.531885" lon="9.413150"><ele>702</ele></trkpt>
      <trkpt lat="44.532015" lon="9.413279"><ele>702</ele></trkpt>
      <trkpt lat="44.532115" lon="9.413257"><ele>702</ele></trkpt>
      <trkpt lat="44.532179" lon="9.413180"><ele>702</ele></trkpt>
      <trkpt lat="44.532168" lon="9.413021"><ele>703</ele></trkpt>
      <trkpt lat="44.532214" lon="9.412721"><ele>702</ele></trkpt>
      <trkpt lat="44.532344" lon="9.412464"><ele>700</ele></trkpt>
      <trkpt lat="44.532508" lon="9.412338"><ele>698</ele></trkpt>
      <trkpt lat="44.532876" lon="9.412127"><ele>698</ele></trkpt>
      <trkpt lat="44.533002" lon="9.411991"><ele>695</ele></trkpt>
      <trkpt lat="44.533140" lon="9.411616"><ele>690</ele></trkpt>
      <trkpt lat="44.533331" lon="9.411251"><ele>687</ele></trkpt>
      <trkpt lat="44.533423" lon="9.410650"><ele>687</ele></trkpt>
      <trkpt lat="44.533499" lon="9.410414"><ele>687</ele></trkpt>
      <trkpt lat="44.533660" lon="9.410232"><ele>687</ele></trkpt>
      <trkpt lat="44.533683" lon="9.410125"><ele>687</ele></trkpt>
      <trkpt lat="44.533677" lon="9.409602"><ele>684</ele></trkpt>
      <trkpt lat="44.533675" lon="9.409459"><ele>681</ele></trkpt>
      <trkpt lat="44.533730" lon="9.409130"><ele>681</ele></trkpt>
      <trkpt lat="44.533830" lon="9.408821"><ele>681</ele></trkpt>
      <trkpt lat="44.533902" lon="9.408388"><ele>681</ele></trkpt>
      <trkpt lat="44.533937" lon="9.408285"><ele>681</ele></trkpt>
      <trkpt lat="44.533989" lon="9.408198"><ele>682</ele></trkpt>
      <trkpt lat="44.534145" lon="9.408029"><ele>682</ele></trkpt>
      <trkpt lat="44.534248" lon="9.407947"><ele>674</ele></trkpt>
      <trkpt lat="44.534185" lon="9.407866"><ele>679</ele></trkpt>
      <trkpt lat="44.534143" lon="9.407762"><ele>681</ele></trkpt>
      <trkpt lat="44.534125" lon="9.407645"><ele>687</ele></trkpt>
      <trkpt lat="44.533995" lon="9.406917"><ele>699</ele></trkpt>
      <trkpt lat="44.533869" lon="9.406186"><ele>685</ele></trkpt>
      <trkpt lat="44.533829" lon="9.406099"><ele>685</ele></trkpt>
      <trkpt lat="44.533775" lon="9.406044"><ele>685</ele></trkpt>
      <trkpt lat="44.533696" lon="9.406004"><ele>684</ele></trkpt>
      <trkpt lat="44.533007" lon="9.405798"><ele>684</ele></trkpt>
      <trkpt lat="44.532581" lon="9.405708"><ele>681</ele></trkpt>
      <trkpt lat="44.532177" lon="9.405418"><ele>693</ele></trkpt>
      <trkpt lat="44.532067" lon="9.405345"><ele>694</ele></trkpt>
      <trkpt lat="44.531869" lon="9.405174"><ele>695</ele></trkpt>
      <trkpt lat="44.531719" lon="9.404933"><ele>693</ele></trkpt>
      <trkpt lat="44.531615" lon="9.404719"><ele>694</ele></trkpt>
      <trkpt lat="44.531270" lon="9.404251"><ele>697</ele></trkpt>
      <trkpt lat="44.531118" lon="9.403890"><ele>697</ele></trkpt>
      <trkpt lat="44.531004" lon="9.403358"><ele>698</ele></trkpt>
      <trkpt lat="44.530575" lon="9.399945"><ele>703</ele></trkpt>
      <trkpt lat="44.530572" lon="9.399643"><ele>704</ele></trkpt>
      <trkpt lat="44.530624" lon="9.399379"><ele>703</ele></trkpt>
      <trkpt lat="44.530830" lon="9.398849"><ele>704</ele></trkpt>
      <trkpt lat="44.531072" lon="9.398307"><ele>700</ele></trkpt>
      <trkpt lat="44.531094" lon="9.398116"><ele>698</ele></trkpt>
      <trkpt lat="44.531053" lon="9.397702"><ele>696</ele></trkpt>
      <trkpt lat="44.530874" lon="9.396725"><ele>684</ele></trkpt>
      <trkpt lat="44.530630" lon="9.396073"><ele>683</ele></trkpt>
      <trkpt lat="44.530127" lon="9.395222"><ele>682</ele></trkpt>
      <trkpt lat="44.529763" lon="9.394610"><ele>682</ele></trkpt>
      <trkpt lat="44.529681" lon="9.394477"><ele>682</ele></trkpt>
      <trkpt lat="44.529513" lon="9.394191"><ele>682</ele></trkpt>
      <trkpt lat="44.529458" lon="9.394111"><ele>681</ele></trkpt>
      <trkpt lat="44.529213" lon="9.393973"><ele>684</ele></trkpt>
      <trkpt lat="44.528691" lon="9.393775"><ele>685</ele></trkpt>
      <trkpt lat="44.528301" lon="9.393604"><ele>686</ele></trkpt>
      <trkpt lat="44.528108" lon="9.393468"><ele>689</ele></trkpt>
      <trkpt lat="44.527907" lon="9.393257"><ele>690</ele></trkpt>
      <trkpt lat="44.527758" lon="9.393062"><ele>690</ele></trkpt>
      <trkpt lat="44.527592" lon="9.392770"><ele>698</ele></trkpt>
      <trkpt lat="44.527321" lon="9.391933"><ele>701</ele></trkpt>
      <trkpt lat="44.527308" lon="9.391240"><ele>706</ele></trkpt>
      <trkpt lat="44.527285" lon="9.390945"><ele>709</ele></trkpt>
      <trkpt lat="44.527208" lon="9.390482"><ele>714</ele></trkpt>
      <trkpt lat="44.527012" lon="9.389603"><ele>716</ele></trkpt>
      <trkpt lat="44.526608" lon="9.388485"><ele>718</ele></trkpt>
      <trkpt lat="44.526490" lon="9.388231"><ele>717</ele></trkpt>
      <trkpt lat="44.526373" lon="9.388114"><ele>717</ele></trkpt>
      <trkpt lat="44.526324" lon="9.388077"><ele>717</ele></trkpt>
      <trkpt lat="44.525966" lon="9.387806"><ele>717</ele></trkpt>
      <trkpt lat="44.525798" lon="9.387650"><ele>721</ele></trkpt>
      <trkpt lat="44.525759" lon="9.387579"><ele>751</ele></trkpt>
      <trkpt lat="44.525731" lon="9.387477"><ele>749</ele></trkpt>
      <trkpt lat="44.525727" lon="9.387023"><ele>750</ele></trkpt>
      <trkpt lat="44.525824" lon="9.386637"><ele>750</ele></trkpt>
      <trkpt lat="44.525836" lon="9.386396"><ele>745</ele></trkpt>
      <trkpt lat="44.525821" lon="9.386323"><ele>741</ele></trkpt>
      <trkpt lat="44.525917" lon="9.386147"><ele>720</ele></trkpt>
      <trkpt lat="44.525985" lon="9.385974"><ele>720</ele></trkpt>
      <trkpt lat="44.526047" lon="9.385651"><ele>711</ele></trkpt>
      <trkpt lat="44.526040" lon="9.385462"><ele>708</ele></trkpt>
      <trkpt lat="44.525998" lon="9.385318"><ele>709</ele></trkpt>
      <trkpt lat="44.525952" lon="9.385221"><ele>709</ele></trkpt>
      <trkpt lat="44.525830" lon="9.385084"><ele>709</ele></trkpt>
      <trkpt lat="44.525750" lon="9.385042"><ele>709</ele></trkpt>
      <trkpt lat="44.525622" lon="9.385044"><ele>709</ele></trkpt>
      <trkpt lat="44.525221" lon="9.385220"><ele>709</ele></trkpt>
      <trkpt lat="44.525059" lon="9.385242"><ele>709</ele></trkpt>
      <trkpt lat="44.524867" lon="9.385222"><ele>719</ele></trkpt>
      <trkpt lat="44.524701" lon="9.385163"><ele>718</ele></trkpt>
      <trkpt lat="44.524521" lon="9.385074"><ele>718</ele></trkpt>
      <trkpt lat="44.524212" lon="9.384869"><ele>717</ele></trkpt>
      <trkpt lat="44.524021" lon="9.384675"><ele>719</ele></trkpt>
      <trkpt lat="44.523786" lon="9.384306"><ele>725</ele></trkpt>
      <trkpt lat="44.523527" lon="9.383836"><ele>736</ele></trkpt>
      <trkpt lat="44.523249" lon="9.383215"><ele>737</ele></trkpt>
      <trkpt lat="44.523232" lon="9.383098"><ele>736</ele></trkpt>
      <trkpt lat="44.523255" lon="9.382937"><ele>734</ele></trkpt>
      <trkpt lat="44.523304" lon="9.382834"><ele>733</ele></trkpt>
      <trkpt lat="44.523386" lon="9.382718"><ele>705</ele></trkpt>
      <trkpt lat="44.523532" lon="9.382505"><ele>705</ele></trkpt>
      <trkpt lat="44.523626" lon="9.382350"><ele>713</ele></trkpt>
      <trkpt lat="44.523719" lon="9.382205"><ele>713</ele></trkpt>
      <trkpt lat="44.524259" lon="9.381381"><ele>708</ele></trkpt>
      <trkpt lat="44.525106" lon="9.380133"><ele>708</ele></trkpt>
      <trkpt lat="44.525256" lon="9.379860"><ele>708</ele></trkpt>
      <trkpt lat="44.525381" lon="9.379535"><ele>704</ele></trkpt>
      <trkpt lat="44.525538" lon="9.379003"><ele>707</ele></trkpt>
      <trkpt lat="44.525581" lon="9.378779"><ele>710</ele></trkpt>
      <trkpt lat="44.525569" lon="9.378677"><ele>710</ele></trkpt>
      <trkpt lat="44.525509" lon="9.378527"><ele>711</ele></trkpt>
      <trkpt lat="44.525452" lon="9.378454"><ele>711</ele></trkpt>
      <trkpt lat="44.524635" lon="9.377865"><ele>714</ele></trkpt>
      <trkpt lat="44.524396" lon="9.377671"><ele>716</ele></trkpt>
      <trkpt lat="44.523990" lon="9.377301"><ele>718</ele></trkpt>
      <trkpt lat="44.523582" lon="9.377036"><ele>719</ele></trkpt>
      <trkpt lat="44.522973" lon="9.376715"><ele>723</ele></trkpt>
      <trkpt lat="44.522332" lon="9.376489"><ele>726</ele></trkpt>
      <trkpt lat="44.521885" lon="9.376393"><ele>724</ele></trkpt>
      <trkpt lat="44.520444" lon="9.375930"><ele>717</ele></trkpt>
      <trkpt lat="44.520325" lon="9.375856"><ele>718</ele></trkpt>
      <trkpt lat="44.520257" lon="9.375777"><ele>720</ele></trkpt>
      <trkpt lat="44.520219" lon="9.375667"><ele>721</ele></trkpt>
      <trkpt lat="44.520209" lon="9.375466"><ele>721</ele></trkpt>
      <trkpt lat="44.520250" lon="9.375326"><ele>722</ele></trkpt>
      <trkpt lat="44.520379" lon="9.375055"><ele>722</ele></trkpt>
      <trkpt lat="44.520415" lon="9.374706"><ele>723</ele></trkpt>
      <trkpt lat="44.520399" lon="9.374560"><ele>724</ele></trkpt>
      <trkpt lat="44.520354" lon="9.374404"><ele>724</ele></trkpt>
      <trkpt lat="44.520272" lon="9.374223"><ele>724</ele></trkpt>
      <trkpt lat="44.520111" lon="9.373927"><ele>725</ele></trkpt>
      <trkpt lat="44.519430" lon="9.373280"><ele>724</ele></trkpt>
      <trkpt lat="44.518863" lon="9.372305"><ele>723</ele></trkpt>
      <trkpt lat="44.518706" lon="9.372187"><ele>723</ele></trkpt>
      <trkpt lat="44.518334" lon="9.372087"><ele>723</ele></trkpt>
      <trkpt lat="44.517252" lon="9.371872"><ele>721</ele></trkpt>
      <trkpt lat="44.516495" lon="9.371743"><ele>746</ele></trkpt>
      <trkpt lat="44.516395" lon="9.371692"><ele>739</ele></trkpt>
      <trkpt lat="44.516152" lon="9.371424"><ele>739</ele></trkpt>
      <trkpt lat="44.515993" lon="9.371196"><ele>740</ele></trkpt>
      <trkpt lat="44.515779" lon="9.370794"><ele>748</ele></trkpt>
      <trkpt lat="44.515219" lon="9.369661"><ele>739</ele></trkpt>
      <trkpt lat="44.515060" lon="9.369363"><ele>741</ele></trkpt>
      <trkpt lat="44.514858" lon="9.369069"><ele>741</ele></trkpt>
      <trkpt lat="44.514497" lon="9.368666"><ele>742</ele></trkpt>
      <trkpt lat="44.514074" lon="9.368233"><ele>752</ele></trkpt>
      <trkpt lat="44.513776" lon="9.367944"><ele>753</ele></trkpt>
      <trkpt lat="44.513384" lon="9.367615"><ele>756</ele></trkpt>
      <trkpt lat="44.513170" lon="9.367395"><ele>758</ele></trkpt>
      <trkpt lat="44.513130" lon="9.367311"><ele>757</ele></trkpt>
      <trkpt lat="44.513076" lon="9.367088"><ele>756</ele></trkpt>
      <trkpt lat="44.512852" lon="9.366578"><ele>745</ele></trkpt>
      <trkpt lat="44.512415" lon="9.365879"><ele>773</ele></trkpt>
      <trkpt lat="44.512371" lon="9.365789"><ele>773</ele></trkpt>
      <trkpt lat="44.512185" lon="9.365244"><ele>773</ele></trkpt>
      <trkpt lat="44.512170" lon="9.365134"><ele>772</ele></trkpt>
      <trkpt lat="44.512178" lon="9.365016"><ele>773</ele></trkpt>
      <trkpt lat="44.512236" lon="9.364694"><ele>774</ele></trkpt>
      <trkpt lat="44.512239" lon="9.364435"><ele>774</ele></trkpt>
      <trkpt lat="44.512220" lon="9.364187"><ele>774</ele></trkpt>
      <trkpt lat="44.512187" lon="9.364014"><ele>775</ele></trkpt>
      <trkpt lat="44.512114" lon="9.363820"><ele>775</ele></trkpt>
      <trkpt lat="44.511976" lon="9.363584"><ele>776</ele></trkpt>
      <trkpt lat="44.511932" lon="9.363439"><ele>777</ele></trkpt>
      <trkpt lat="44.511953" lon="9.363155"><ele>777</ele></trkpt>
      <trkpt lat="44.512096" lon="9.362541"><ele>777</ele></trkpt>
      <trkpt lat="44.512124" lon="9.362321"><ele>777</ele></trkpt>
      <trkpt lat="44.512102" lon="9.362153"><ele>778</ele></trkpt>
      <trkpt lat="44.512018" lon="9.361792"><ele>782</ele></trkpt>
      <trkpt lat="44.511973" lon="9.360911"><ele>784</ele></trkpt>
      <trkpt lat="44.511902" lon="9.360731"><ele>785</ele></trkpt>
      <trkpt lat="44.511807" lon="9.360627"><ele>786</ele></trkpt>
      <trkpt lat="44.511645" lon="9.360513"><ele>788</ele></trkpt>
      <trkpt lat="44.511555" lon="9.360423"><ele>788</ele></trkpt>
      <trkpt lat="44.511529" lon="9.360380"><ele>787</ele></trkpt>
      <trkpt lat="44.511507" lon="9.360234"><ele>786</ele></trkpt>
      <trkpt lat="44.511531" lon="9.360063"><ele>785</ele></trkpt>
      <trkpt lat="44.511681" lon="9.359700"><ele>784</ele></trkpt>
      <trkpt lat="44.511763" lon="9.359291"><ele>785</ele></trkpt>
      <trkpt lat="44.511774" lon="9.358742"><ele>786</ele></trkpt>
      <trkpt lat="44.511817" lon="9.358515"><ele>785</ele></trkpt>
      <trkpt lat="44.511920" lon="9.358214"><ele>784</ele></trkpt>
      <trkpt lat="44.511998" lon="9.357466"><ele>786</ele></trkpt>
      <trkpt lat="44.512018" lon="9.357014"><ele>786</ele></trkpt>
      <trkpt lat="44.511966" lon="9.356857"><ele>786</ele></trkpt>
      <trkpt lat="44.511858" lon="9.356630"><ele>786</ele></trkpt>
      <trkpt lat="44.511432" lon="9.355912"><ele>794</ele></trkpt>
      <trkpt lat="44.511295" lon="9.355766"><ele>794</ele></trkpt>
      <trkpt lat="44.511168" lon="9.355701"><ele>795</ele></trkpt>
      <trkpt lat="44.510471" lon="9.355497"><ele>798</ele></trkpt>
      <trkpt lat="44.510329" lon="9.355396"><ele>797</ele></trkpt>
      <trkpt lat="44.510261" lon="9.355270"><ele>796</ele></trkpt>
      <trkpt lat="44.510103" lon="9.354777"><ele>794</ele></trkpt>
      <trkpt lat="44.510012" lon="9.354522"><ele>802</ele></trkpt>
      <trkpt lat="44.509877" lon="9.354379"><ele>805</ele></trkpt>
      <trkpt lat="44.509781" lon="9.354341"><ele>805</ele></trkpt>
      <trkpt lat="44.508776" lon="9.354207"><ele>809</ele></trkpt>
      <trkpt lat="44.508674" lon="9.354220"><ele>810</ele></trkpt>
      <trkpt lat="44.508497" lon="9.354320"><ele>812</ele></trkpt>
      <trkpt lat="44.508270" lon="9.354564"><ele>813</ele></trkpt>
      <trkpt lat="44.507849" lon="9.354959"><ele>815</ele></trkpt>
      <trkpt lat="44.507467" lon="9.355142"><ele>816</ele></trkpt>
      <trkpt lat="44.507233" lon="9.355200"><ele>817</ele></trkpt>
      <trkpt lat="44.506906" lon="9.355214"><ele>816</ele></trkpt>
      <trkpt lat="44.506541" lon="9.355163"><ele>816</ele></trkpt>
      <trkpt lat="44.506431" lon="9.355106"><ele>815</ele></trkpt>
      <trkpt lat="44.506143" lon="9.354715"><ele>813</ele></trkpt>
      <trkpt lat="44.505937" lon="9.354234"><ele>812</ele></trkpt>
      <trkpt lat="44.505690" lon="9.354077"><ele>812</ele></trkpt>
      <trkpt lat="44.505202" lon="9.353934"><ele>812</ele></trkpt>
      <trkpt lat="44.505000" lon="9.353791"><ele>812</ele></trkpt>
      <trkpt lat="44.504740" lon="9.353564"><ele>810</ele></trkpt>
      <trkpt lat="44.504101" lon="9.353253"><ele>811</ele></trkpt>
      <trkpt lat="44.502362" lon="9.352505"><ele>821</ele></trkpt>
      <trkpt lat="44.501992" lon="9.352278"><ele>818</ele></trkpt>
      <trkpt lat="44.501588" lon="9.351782"><ele>812</ele></trkpt>
      <trkpt lat="44.501219" lon="9.351068"><ele>808</ele></trkpt>
      <trkpt lat="44.501084" lon="9.350757"><ele>807</ele></trkpt>
      <trkpt lat="44.500958" lon="9.350614"><ele>807</ele></trkpt>
      <trkpt lat="44.500872" lon="9.350589"><ele>807</ele></trkpt>
      <trkpt lat="44.500611" lon="9.350601"><ele>807</ele></trkpt>
      <trkpt lat="44.500297" lon="9.350567"><ele>806</ele></trkpt>
      <trkpt lat="44.500161" lon="9.350577"><ele>806</ele></trkpt>
      <trkpt lat="44.500024" lon="9.350644"><ele>806</ele></trkpt>
      <trkpt lat="44.499472" lon="9.351020"><ele>805</ele></trkpt>
      <trkpt lat="44.499291" lon="9.351202"><ele>808</ele></trkpt>
      <trkpt lat="44.499109" lon="9.351351"><ele>808</ele></trkpt>
      <trkpt lat="44.498708" lon="9.351620"><ele>808</ele></trkpt>
      <trkpt lat="44.498631" lon="9.351642"><ele>809</ele></trkpt>
      <trkpt lat="44.498535" lon="9.351657"><ele>815</ele></trkpt>
      <trkpt lat="44.498452" lon="9.351618"><ele>816</ele></trkpt>
      <trkpt lat="44.498375" lon="9.351549"><ele>817</ele></trkpt>
      <trkpt lat="44.498095" lon="9.351116"><ele>818</ele></trkpt>
      <trkpt lat="44.497476" lon="9.350383"><ele>823</ele></trkpt>
      <trkpt lat="44.497354" lon="9.350245"><ele>821</ele></trkpt>
      <trkpt lat="44.497017" lon="9.349982"><ele>823</ele></trkpt>
      <trkpt lat="44.496891" lon="9.349757"><ele>824</ele></trkpt>
      <trkpt lat="44.496722" lon="9.349114"><ele>825</ele></trkpt>
      <trkpt lat="44.496500" lon="9.348019"><ele>818</ele></trkpt>
      <trkpt lat="44.496483" lon="9.347728"><ele>817</ele></trkpt>
      <trkpt lat="44.496403" lon="9.347505"><ele>816</ele></trkpt>
      <trkpt lat="44.496277" lon="9.347278"><ele>814</ele></trkpt>
      <trkpt lat="44.496092" lon="9.347060"><ele>815</ele></trkpt>
      <trkpt lat="44.495983" lon="9.346997"><ele>815</ele></trkpt>
      <trkpt lat="44.495728" lon="9.346928"><ele>815</ele></trkpt>
      <trkpt lat="44.495444" lon="9.346899"><ele>815</ele></trkpt>
      <trkpt lat="44.495336" lon="9.346821"><ele>813</ele></trkpt>
      <trkpt lat="44.495111" lon="9.346084"><ele>810</ele></trkpt>
      <trkpt lat="44.495059" lon="9.345936"><ele>814</ele></trkpt>
      <trkpt lat="44.494862" lon="9.345548"><ele>817</ele></trkpt>
      <trkpt lat="44.494291" lon="9.344666"><ele>821</ele></trkpt>
      <trkpt lat="44.493953" lon="9.344378"><ele>820</ele></trkpt>
      <trkpt lat="44.493427" lon="9.343968"><ele>819</ele></trkpt>
      <trkpt lat="44.493263" lon="9.343744"><ele>814</ele></trkpt>
      <trkpt lat="44.493196" lon="9.343471"><ele>814</ele></trkpt>
      <trkpt lat="44.493057" lon="9.342434"><ele>814</ele></trkpt>
      <trkpt lat="44.492989" lon="9.341972"><ele>814</ele></trkpt>
      <trkpt lat="44.492924" lon="9.341545"><ele>817</ele></trkpt>
      <trkpt lat="44.492799" lon="9.341196"><ele>817</ele></trkpt>
      <trkpt lat="44.492364" lon="9.340409"><ele>817</ele></trkpt>
      <trkpt lat="44.492186" lon="9.340204"><ele>818</ele></trkpt>
      <trkpt lat="44.491609" lon="9.339633"><ele>818</ele></trkpt>
      <trkpt lat="44.491484" lon="9.339560"><ele>819</ele></trkpt>
      <trkpt lat="44.491050" lon="9.339445"><ele>818</ele></trkpt>
      <trkpt lat="44.490687" lon="9.339235"><ele>815</ele></trkpt>
      <trkpt lat="44.490546" lon="9.339118"><ele>821</ele></trkpt>
      <trkpt lat="44.490403" lon="9.338975"><ele>821</ele></trkpt>
      <trkpt lat="44.490151" lon="9.338664"><ele>821</ele></trkpt>
      <trkpt lat="44.489142" lon="9.337126"><ele>832</ele></trkpt>
      <trkpt lat="44.488450" lon="9.336202"><ele>834</ele></trkpt>
      <trkpt lat="44.488168" lon="9.335972"><ele>833</ele></trkpt>
      <trkpt lat="44.487286" lon="9.335384"><ele>828</ele></trkpt>
      <trkpt lat="44.486952" lon="9.335105"><ele>826</ele></trkpt>
      <trkpt lat="44.486570" lon="9.334708"><ele>820</ele></trkpt>
      <trkpt lat="44.486352" lon="9.334487"><ele>824</ele></trkpt>
      <trkpt lat="44.486228" lon="9.334295"><ele>825</ele></trkpt>
      <trkpt lat="44.486087" lon="9.333971"><ele>825</ele></trkpt>
      <trkpt lat="44.485925" lon="9.333533"><ele>828</ele></trkpt>
      <trkpt lat="44.485638" lon="9.332790"><ele>831</ele></trkpt>
      <trkpt lat="44.485487" lon="9.332453"><ele>833</ele></trkpt>
      <trkpt lat="44.485293" lon="9.332092"><ele>832</ele></trkpt>
      <trkpt lat="44.483142" lon="9.329394"><ele>833</ele></trkpt>
      <trkpt lat="44.482873" lon="9.329142"><ele>834</ele></trkpt>
      <trkpt lat="44.482680" lon="9.329008"><ele>833</ele></trkpt>
      <trkpt lat="44.482301" lon="9.328806"><ele>831</ele></trkpt>
      <trkpt lat="44.481965" lon="9.328554"><ele>832</ele></trkpt>
      <trkpt lat="44.481586" lon="9.328222"><ele>831</ele></trkpt>
      <trkpt lat="44.481435" lon="9.328049"><ele>830</ele></trkpt>
      <trkpt lat="44.480471" lon="9.326920"><ele>824</ele></trkpt>
      <trkpt lat="44.480236" lon="9.326680"><ele>823</ele></trkpt>
      <trkpt lat="44.479990" lon="9.326503"><ele>823</ele></trkpt>
      <trkpt lat="44.479588" lon="9.326351"><ele>822</ele></trkpt>
      <trkpt lat="44.479421" lon="9.326277"><ele>822</ele></trkpt>
      <trkpt lat="44.478579" lon="9.325939"><ele>824</ele></trkpt>
      <trkpt lat="44.478517" lon="9.325898"><ele>825</ele></trkpt>
      <trkpt lat="44.478438" lon="9.325783"><ele>825</ele></trkpt>
      <trkpt lat="44.478336" lon="9.325598"><ele>825</ele></trkpt>
      <trkpt lat="44.478199" lon="9.325288"><ele>827</ele></trkpt>
      <trkpt lat="44.478147" lon="9.325183"><ele>830</ele></trkpt>
      <trkpt lat="44.478038" lon="9.325048"><ele>835</ele></trkpt>
      <trkpt lat="44.477935" lon="9.324962"><ele>838</ele></trkpt>
      <trkpt lat="44.476713" lon="9.324293"><ele>831</ele></trkpt>
      <trkpt lat="44.476543" lon="9.324236"><ele>829</ele></trkpt>
      <trkpt lat="44.476365" lon="9.324246"><ele>825</ele></trkpt>
      <trkpt lat="44.476201" lon="9.324303"><ele>825</ele></trkpt>
      <trkpt lat="44.476039" lon="9.324421"><ele>825</ele></trkpt>
      <trkpt lat="44.475444" lon="9.324881"><ele>828</ele></trkpt>
      <trkpt lat="44.475298" lon="9.324927"><ele>829</ele></trkpt>
      <trkpt lat="44.475133" lon="9.324932"><ele>830</ele></trkpt>
      <trkpt lat="44.474866" lon="9.324778"><ele>829</ele></trkpt>
      <trkpt lat="44.473767" lon="9.324062"><ele>830</ele></trkpt>
      <trkpt lat="44.473648" lon="9.324016"><ele>830</ele></trkpt>
      <trkpt lat="44.473511" lon="9.323991"><ele>831</ele></trkpt>
      <trkpt lat="44.473345" lon="9.324012"><ele>832</ele></trkpt>
      <trkpt lat="44.473258" lon="9.324045"><ele>832</ele></trkpt>
      <trkpt lat="44.472155" lon="9.324573"><ele>839</ele></trkpt>
      <trkpt lat="44.471790" lon="9.324588"><ele>840</ele></trkpt>
      <trkpt lat="44.471615" lon="9.324651"><ele>841</ele></trkpt>
      <trkpt lat="44.471550" lon="9.324714"><ele>840</ele></trkpt>
      <trkpt lat="44.471502" lon="9.324826"><ele>839</ele></trkpt>
      <trkpt lat="44.471326" lon="9.325545"><ele>838</ele></trkpt>
      <trkpt lat="44.471267" lon="9.325915"><ele>838</ele></trkpt>
      <trkpt lat="44.471205" lon="9.326117"><ele>838</ele></trkpt>
      <trkpt lat="44.471114" lon="9.326278"><ele>838</ele></trkpt>
      <trkpt lat="44.470964" lon="9.326394"><ele>838</ele></trkpt>
      <trkpt lat="44.470643" lon="9.326543"><ele>838</ele></trkpt>
      <trkpt lat="44.470532" lon="9.326558"><ele>838</ele></trkpt>
      <trkpt lat="44.470448" lon="9.326546"><ele>838</ele></trkpt>
      <trkpt lat="44.470153" lon="9.326384"><ele>838</ele></trkpt>
      <trkpt lat="44.470032" lon="9.326344"><ele>838</ele></trkpt>
      <trkpt lat="44.469830" lon="9.326352"><ele>839</ele></trkpt>
      <trkpt lat="44.469685" lon="9.326425"><ele>839</ele></trkpt>
      <trkpt lat="44.469593" lon="9.326523"><ele>839</ele></trkpt>
      <trkpt lat="44.469329" lon="9.326914"><ele>840</ele></trkpt>
      <trkpt lat="44.468812" lon="9.327731"><ele>843</ele></trkpt>
      <trkpt lat="44.468707" lon="9.327802"><ele>845</ele></trkpt>
      <trkpt lat="44.468502" lon="9.327875"><ele>846</ele></trkpt>
      <trkpt lat="44.468304" lon="9.327933"><ele>846</ele></trkpt>
      <trkpt lat="44.468174" lon="9.327932"><ele>846</ele></trkpt>
      <trkpt lat="44.468088" lon="9.327886"><ele>847</ele></trkpt>
      <trkpt lat="44.467969" lon="9.327785"><ele>847</ele></trkpt>
      <trkpt lat="44.467672" lon="9.327483"><ele>847</ele></trkpt>
      <trkpt lat="44.467524" lon="9.327439"><ele>848</ele></trkpt>
      <trkpt lat="44.467451" lon="9.327476"><ele>848</ele></trkpt>
      <trkpt lat="44.467410" lon="9.327529"><ele>849</ele></trkpt>
      <trkpt lat="44.467376" lon="9.327663"><ele>849</ele></trkpt>
      <trkpt lat="44.467386" lon="9.327952"><ele>850</ele></trkpt>
      <trkpt lat="44.467355" lon="9.328189"><ele>851</ele></trkpt>
      <trkpt lat="44.467284" lon="9.328404"><ele>851</ele></trkpt>
      <trkpt lat="44.467148" lon="9.328565"><ele>852</ele></trkpt>
      <trkpt lat="44.466598" lon="9.328800"><ele>855</ele></trkpt>
      <trkpt lat="44.466489" lon="9.328868"><ele>855</ele></trkpt>
      <trkpt lat="44.466413" lon="9.328963"><ele>855</ele></trkpt>
      <trkpt lat="44.466372" lon="9.329108"><ele>855</ele></trkpt>
      <trkpt lat="44.466376" lon="9.329323"><ele>854</ele></trkpt>
      <trkpt lat="44.466419" lon="9.329468"><ele>860</ele></trkpt>
      <trkpt lat="44.466516" lon="9.329669"><ele>860</ele></trkpt>
      <trkpt lat="44.466529" lon="9.329781"><ele>860</ele></trkpt>
      <trkpt lat="44.466508" lon="9.329928"><ele>860</ele></trkpt>
      <trkpt lat="44.466230" lon="9.330662"><ele>860</ele></trkpt>
      <trkpt lat="44.466162" lon="9.330787"><ele>860</ele></trkpt>
      <trkpt lat="44.466095" lon="9.330851"><ele>860</ele></trkpt>
      <trkpt lat="44.465905" lon="9.330899"><ele>861</ele></trkpt>
      <trkpt lat="44.465708" lon="9.330994"><ele>862</ele></trkpt>
      <trkpt lat="44.465552" lon="9.331142"><ele>863</ele></trkpt>
      <trkpt lat="44.465504" lon="9.331240"><ele>863</ele></trkpt>
      <trkpt lat="44.465485" lon="9.331526"><ele>864</ele></trkpt>
      <trkpt lat="44.465434" lon="9.331660"><ele>864</ele></trkpt>
      <trkpt lat="44.465374" lon="9.331733"><ele>864</ele></trkpt>
      <trkpt lat="44.465099" lon="9.331921"><ele>865</ele></trkpt>
      <trkpt lat="44.464762" lon="9.332084"><ele>867</ele></trkpt>
      <trkpt lat="44.464679" lon="9.332159"><ele>867</ele></trkpt>
      <trkpt lat="44.464607" lon="9.332254"><ele>867</ele></trkpt>
      <trkpt lat="44.464500" lon="9.332450"><ele>867</ele></trkpt>
      <trkpt lat="44.464376" lon="9.332537"><ele>868</ele></trkpt>
      <trkpt lat="44.464233" lon="9.332554"><ele>869</ele></trkpt>
      <trkpt lat="44.463867" lon="9.332463"><ele>869</ele></trkpt>
      <trkpt lat="44.463745" lon="9.332516"><ele>869</ele></trkpt>
      <trkpt lat="44.463551" lon="9.332676"><ele>870</ele></trkpt>
      <trkpt lat="44.463344" lon="9.332743"><ele>870</ele></trkpt>
      <trkpt lat="44.463222" lon="9.332821"><ele>871</ele></trkpt>
      <trkpt lat="44.463183" lon="9.332870"><ele>871</ele></trkpt>
      <trkpt lat="44.463143" lon="9.333006"><ele>871</ele></trkpt>
      <trkpt lat="44.463145" lon="9.333178"><ele>871</ele></trkpt>
      <trkpt lat="44.463198" lon="9.333601"><ele>881</ele></trkpt>
      <trkpt lat="44.463203" lon="9.333819"><ele>881</ele></trkpt>
      <trkpt lat="44.463188" lon="9.333948"><ele>881</ele></trkpt>
      <trkpt lat="44.462961" lon="9.334723"><ele>885</ele></trkpt>
      <trkpt lat="44.462829" lon="9.335021"><ele>885</ele></trkpt>
      <trkpt lat="44.462700" lon="9.335275"><ele>885</ele></trkpt>
      <trkpt lat="44.462574" lon="9.335534"><ele>885</ele></trkpt>
      <trkpt lat="44.462557" lon="9.335657"><ele>885</ele></trkpt>
      <trkpt lat="44.462569" lon="9.335752"><ele>885</ele></trkpt>
      <trkpt lat="44.462729" lon="9.336173"><ele>874</ele></trkpt>
      <trkpt lat="44.462782" lon="9.336255"><ele>871</ele></trkpt>
      <trkpt lat="44.463279" lon="9.336656"><ele>867</ele></trkpt>
      <trkpt lat="44.463515" lon="9.336955"><ele>866</ele></trkpt>
      <trkpt lat="44.463572" lon="9.337092"><ele>864</ele></trkpt>
      <trkpt lat="44.463637" lon="9.337313"><ele>863</ele></trkpt>
      <trkpt lat="44.463655" lon="9.337399"><ele>862</ele></trkpt>
      <trkpt lat="44.463654" lon="9.337494"><ele>861</ele></trkpt>
      <trkpt lat="44.463487" lon="9.338076"><ele>852</ele></trkpt>
      <trkpt lat="44.463485" lon="9.338213"><ele>850</ele></trkpt>
      <trkpt lat="44.463505" lon="9.338415"><ele>847</ele></trkpt>
      <trkpt lat="44.463493" lon="9.338502"><ele>847</ele></trkpt>
      <trkpt lat="44.463285" lon="9.339343"><ele>837</ele></trkpt>
      <trkpt lat="44.463242" lon="9.339764"><ele>835</ele></trkpt>
      <trkpt lat="44.463204" lon="9.339898"><ele>833</ele></trkpt>
      <trkpt lat="44.463148" lon="9.340007"><ele>837</ele></trkpt>
      <trkpt lat="44.462988" lon="9.340147"><ele>836</ele></trkpt>
      <trkpt lat="44.462567" lon="9.340705"><ele>833</ele></trkpt>
      <trkpt lat="44.462291" lon="9.341144"><ele>833</ele></trkpt>
      <trkpt lat="44.462276" lon="9.341213"><ele>834</ele></trkpt>
      <trkpt lat="44.462292" lon="9.341335"><ele>835</ele></trkpt>
      <trkpt lat="44.462349" lon="9.341455"><ele>838</ele></trkpt>
      <trkpt lat="44.462396" lon="9.341492"><ele>839</ele></trkpt>
      <trkpt lat="44.463024" lon="9.341603"><ele>841</ele></trkpt>
      <trkpt lat="44.463086" lon="9.341594"><ele>841</ele></trkpt>
      <trkpt lat="44.463146" lon="9.341549"><ele>840</ele></trkpt>
      <trkpt lat="44.463518" lon="9.341007"><ele>842</ele></trkpt>
      <trkpt lat="44.463902" lon="9.340536"><ele>864</ele></trkpt>
      <trkpt lat="44.464255" lon="9.340340"><ele>870</ele></trkpt>
      <trkpt lat="44.464371" lon="9.340219"><ele>873</ele></trkpt>
      <trkpt lat="44.464588" lon="9.339775"><ele>875</ele></trkpt>
      <trkpt lat="44.464719" lon="9.339629"><ele>872</ele></trkpt>
      <trkpt lat="44.464785" lon="9.339615"><ele>872</ele></trkpt>
      <trkpt lat="44.464851" lon="9.339650"><ele>870</ele></trkpt>
      <trkpt lat="44.464937" lon="9.339745"><ele>868</ele></trkpt>
      <trkpt lat="44.465039" lon="9.339893"><ele>865</ele></trkpt>
      <trkpt lat="44.465166" lon="9.339985"><ele>864</ele></trkpt>
      <trkpt lat="44.465250" lon="9.339988"><ele>864</ele></trkpt>
      <trkpt lat="44.465520" lon="9.339910"><ele>861</ele></trkpt>
      <trkpt lat="44.465615" lon="9.339920"><ele>860</ele></trkpt>
      <trkpt lat="44.466051" lon="9.340289"><ele>851</ele></trkpt>
      <trkpt lat="44.466136" lon="9.340319"><ele>850</ele></trkpt>
      <trkpt lat="44.466248" lon="9.340329"><ele>849</ele></trkpt>
      <trkpt lat="44.466332" lon="9.340309"><ele>849</ele></trkpt>
      <trkpt lat="44.466643" lon="9.340107"><ele>845</ele></trkpt>
      <trkpt lat="44.466794" lon="9.340069"><ele>843</ele></trkpt>
      <trkpt lat="44.466973" lon="9.340093"><ele>841</ele></trkpt>
      <trkpt lat="44.467271" lon="9.340323"><ele>839</ele></trkpt>
      <trkpt lat="44.467401" lon="9.340399"><ele>837</ele></trkpt>
      <trkpt lat="44.467515" lon="9.340418"><ele>837</ele></trkpt>
      <trkpt lat="44.467609" lon="9.340372"><ele>836</ele></trkpt>
      <trkpt lat="44.467771" lon="9.340226"><ele>835</ele></trkpt>
      <trkpt lat="44.467864" lon="9.340166"><ele>835</ele></trkpt>
      <trkpt lat="44.467962" lon="9.340165"><ele>835</ele></trkpt>
      <trkpt lat="44.468130" lon="9.340357"><ele>835</ele></trkpt>
      <trkpt lat="44.468239" lon="9.340444"><ele>837</ele></trkpt>
      <trkpt lat="44.468321" lon="9.340451"><ele>833</ele></trkpt>
      <trkpt lat="44.468460" lon="9.340357"><ele>832</ele></trkpt>
      <trkpt lat="44.468569" lon="9.340317"><ele>832</ele></trkpt>
      <trkpt lat="44.468669" lon="9.340301"><ele>832</ele></trkpt>
      <trkpt lat="44.468785" lon="9.340352"><ele>832</ele></trkpt>
      <trkpt lat="44.469059" lon="9.340608"><ele>829</ele></trkpt>
      <trkpt lat="44.469154" lon="9.340645"><ele>828</ele></trkpt>
      <trkpt lat="44.469350" lon="9.340657"><ele>828</ele></trkpt>
      <trkpt lat="44.469471" lon="9.340706"><ele>827</ele></trkpt>
      <trkpt lat="44.469520" lon="9.340771"><ele>825</ele></trkpt>
      <trkpt lat="44.469557" lon="9.340874"><ele>823</ele></trkpt>
      <trkpt lat="44.469557" lon="9.341074"><ele>822</ele></trkpt>
      <trkpt lat="44.469413" lon="9.341386"><ele>822</ele></trkpt>
      <trkpt lat="44.469409" lon="9.341446"><ele>822</ele></trkpt>
      <trkpt lat="44.469426" lon="9.341514"><ele>822</ele></trkpt>
      <trkpt lat="44.469496" lon="9.341639"><ele>821</ele></trkpt>
      <trkpt lat="44.469675" lon="9.341867"><ele>819</ele></trkpt>
      <trkpt lat="44.469974" lon="9.342122"><ele>818</ele></trkpt>
      <trkpt lat="44.470037" lon="9.342267"><ele>814</ele></trkpt>
      <trkpt lat="44.469998" lon="9.342734"><ele>808</ele></trkpt>
      <trkpt lat="44.470079" lon="9.343045"><ele>805</ele></trkpt>
      <trkpt lat="44.470149" lon="9.343211"><ele>801</ele></trkpt>
      <trkpt lat="44.470152" lon="9.343337"><ele>800</ele></trkpt>
      <trkpt lat="44.469955" lon="9.343839"><ele>794</ele></trkpt>
      <trkpt lat="44.469857" lon="9.344031"><ele>793</ele></trkpt>
      <trkpt lat="44.469646" lon="9.344261"><ele>792</ele></trkpt>
      <trkpt lat="44.469575" lon="9.344392"><ele>792</ele></trkpt>
      <trkpt lat="44.469455" lon="9.345074"><ele>791</ele></trkpt>
      <trkpt lat="44.469459" lon="9.345247"><ele>791</ele></trkpt>
      <trkpt lat="44.469476" lon="9.345337"><ele>792</ele></trkpt>
      <trkpt lat="44.469571" lon="9.345435"><ele>792</ele></trkpt>
      <trkpt lat="44.469652" lon="9.345440"><ele>793</ele></trkpt>
      <trkpt lat="44.469888" lon="9.345290"><ele>794</ele></trkpt>
      <trkpt lat="44.470074" lon="9.345243"><ele>795</ele></trkpt>
      <trkpt lat="44.470152" lon="9.345269"><ele>795</ele></trkpt>
      <trkpt lat="44.470207" lon="9.345312"><ele>794</ele></trkpt>
      <trkpt lat="44.470488" lon="9.345803"><ele>794</ele></trkpt>
      <trkpt lat="44.470691" lon="9.346257"><ele>792</ele></trkpt>
      <trkpt lat="44.470867" lon="9.346814"><ele>789</ele></trkpt>
      <trkpt lat="44.470927" lon="9.347257"><ele>787</ele></trkpt>
      <trkpt lat="44.470921" lon="9.347868"><ele>779</ele></trkpt>
      <trkpt lat="44.471010" lon="9.348295"><ele>777</ele></trkpt>
      <trkpt lat="44.471021" lon="9.348501"><ele>776</ele></trkpt>
      <trkpt lat="44.471001" lon="9.348873"><ele>771</ele></trkpt>
      <trkpt lat="44.470948" lon="9.349334"><ele>765</ele></trkpt>
      <trkpt lat="44.470788" lon="9.349710"><ele>762</ele></trkpt>
      <trkpt lat="44.470484" lon="9.350784"><ele>756</ele></trkpt>
      <trkpt lat="44.470358" lon="9.351118"><ele>756</ele></trkpt>
      <trkpt lat="44.470333" lon="9.351309"><ele>757</ele></trkpt>
      <trkpt lat="44.470444" lon="9.352209"><ele>751</ele></trkpt>
      <trkpt lat="44.470408" lon="9.352363"><ele>751</ele></trkpt>
      <trkpt lat="44.470306" lon="9.352626"><ele>751</ele></trkpt>
      <trkpt lat="44.470156" lon="9.352939"><ele>748</ele></trkpt>
      <trkpt lat="44.470003" lon="9.353145"><ele>745</ele></trkpt>
      <trkpt lat="44.469898" lon="9.353200"><ele>743</ele></trkpt>
      <trkpt lat="44.469470" lon="9.353333"><ele>744</ele></trkpt>
      <trkpt lat="44.469332" lon="9.353414"><ele>742</ele></trkpt>
      <trkpt lat="44.468956" lon="9.353847"><ele>733</ele></trkpt>
      <trkpt lat="44.468761" lon="9.354016"><ele>739</ele></trkpt>
      <trkpt lat="44.468467" lon="9.354217"><ele>737</ele></trkpt>
      <trkpt lat="44.468310" lon="9.354348"><ele>735</ele></trkpt>
      <trkpt lat="44.467953" lon="9.354706"><ele>733</ele></trkpt>
      <trkpt lat="44.467886" lon="9.354791"><ele>734</ele></trkpt>
      <trkpt lat="44.467832" lon="9.354912"><ele>736</ele></trkpt>
      <trkpt lat="44.467825" lon="9.354985"><ele>737</ele></trkpt>
      <trkpt lat="44.467852" lon="9.355129"><ele>739</ele></trkpt>
      <trkpt lat="44.468037" lon="9.355227"><ele>740</ele></trkpt>
      <trkpt lat="44.468496" lon="9.355261"><ele>745</ele></trkpt>
      <trkpt lat="44.468964" lon="9.355237"><ele>746</ele></trkpt>
      <trkpt lat="44.469139" lon="9.355181"><ele>747</ele></trkpt>
      <trkpt lat="44.469409" lon="9.355054"><ele>760</ele></trkpt>
      <trkpt lat="44.469553" lon="9.355026"><ele>760</ele></trkpt>
      <trkpt lat="44.469750" lon="9.355190"><ele>763</ele></trkpt>
      <trkpt lat="44.470173" lon="9.355334"><ele>759</ele></trkpt>
      <trkpt lat="44.470434" lon="9.355516"><ele>756</ele></trkpt>
      <trkpt lat="44.470782" lon="9.355671"><ele>755</ele></trkpt>
      <trkpt lat="44.471055" lon="9.355636"><ele>755</ele></trkpt>
      <trkpt lat="44.471210" lon="9.355691"><ele>750</ele></trkpt>
      <trkpt lat="44.471267" lon="9.355765"><ele>747</ele></trkpt>
      <trkpt lat="44.471319" lon="9.355942"><ele>742</ele></trkpt>
      <trkpt lat="44.471318" lon="9.356122"><ele>742</ele></trkpt>
      <trkpt lat="44.471268" lon="9.356274"><ele>739</ele></trkpt>
      <trkpt lat="44.471125" lon="9.356529"><ele>732</ele></trkpt>
      <trkpt lat="44.470916" lon="9.356821"><ele>732</ele></trkpt>
      <trkpt lat="44.470674" lon="9.357064"><ele>732</ele></trkpt>
      <trkpt lat="44.470442" lon="9.357353"><ele>724</ele></trkpt>
      <trkpt lat="44.470386" lon="9.357598"><ele>724</ele></trkpt>
      <trkpt lat="44.470382" lon="9.357749"><ele>724</ele></trkpt>
      <trkpt lat="44.470403" lon="9.357872"><ele>725</ele></trkpt>
      <trkpt lat="44.470479" lon="9.357974"><ele>726</ele></trkpt>
      <trkpt lat="44.470546" lon="9.358025"><ele>727</ele></trkpt>
      <trkpt lat="44.470726" lon="9.358092"><ele>728</ele></trkpt>
      <trkpt lat="44.470895" lon="9.358127"><ele>729</ele></trkpt>
      <trkpt lat="44.470923" lon="9.358190"><ele>728</ele></trkpt>
      <trkpt lat="44.470942" lon="9.358281"><ele>728</ele></trkpt>
      <trkpt lat="44.470953" lon="9.358553"><ele>727</ele></trkpt>
      <trkpt lat="44.470999" lon="9.359037"><ele>726</ele></trkpt>
      <trkpt lat="44.470987" lon="9.359279"><ele>726</ele></trkpt>
      <trkpt lat="44.470921" lon="9.359669"><ele>727</ele></trkpt>
      <trkpt lat="44.470941" lon="9.359773"><ele>723</ele></trkpt>
      <trkpt lat="44.470997" lon="9.359855"><ele>723</ele></trkpt>
      <trkpt lat="44.471036" lon="9.359910"><ele>724</ele></trkpt>
      <trkpt lat="44.471164" lon="9.360025"><ele>724</ele></trkpt>
      <trkpt lat="44.471329" lon="9.360120"><ele>723</ele></trkpt>
      <trkpt lat="44.471582" lon="9.360329"><ele>724</ele></trkpt>
      <trkpt lat="44.471704" lon="9.360516"><ele>724</ele></trkpt>
      <trkpt lat="44.471817" lon="9.360747"><ele>723</ele></trkpt>
      <trkpt lat="44.471943" lon="9.360935"><ele>721</ele></trkpt>
      <trkpt lat="44.472088" lon="9.361072"><ele>722</ele></trkpt>
      <trkpt lat="44.472284" lon="9.361167"><ele>720</ele></trkpt>
      <trkpt lat="44.472449" lon="9.361361"><ele>720</ele></trkpt>
      <trkpt lat="44.472582" lon="9.361584"><ele>721</ele></trkpt>
      <trkpt lat="44.472842" lon="9.362087"><ele>717</ele></trkpt>
      <trkpt lat="44.472943" lon="9.362326"><ele>715</ele></trkpt>
      <trkpt lat="44.473008" lon="9.362590"><ele>710</ele></trkpt>
      <trkpt lat="44.473219" lon="9.364051"><ele>701</ele></trkpt>
      <trkpt lat="44.473215" lon="9.364309"><ele>699</ele></trkpt>
      <trkpt lat="44.473149" lon="9.364428"><ele>697</ele></trkpt>
      <trkpt lat="44.473073" lon="9.364478"><ele>696</ele></trkpt>
      <trkpt lat="44.472622" lon="9.364546"><ele>696</ele></trkpt>
      <trkpt lat="44.472434" lon="9.364608"><ele>695</ele></trkpt>
      <trkpt lat="44.472322" lon="9.364714"><ele>696</ele></trkpt>
      <trkpt lat="44.472201" lon="9.364899"><ele>697</ele></trkpt>
      <trkpt lat="44.472128" lon="9.365169"><ele>697</ele></trkpt>
      <trkpt lat="44.472075" lon="9.365836"><ele>707</ele></trkpt>
      <trkpt lat="44.472025" lon="9.366655"><ele>701</ele></trkpt>
      <trkpt lat="44.471980" lon="9.367132"><ele>700</ele></trkpt>
      <trkpt lat="44.471933" lon="9.367403"><ele>700</ele></trkpt>
      <trkpt lat="44.471839" lon="9.367580"><ele>697</ele></trkpt>
      <trkpt lat="44.471734" lon="9.367701"><ele>696</ele></trkpt>
      <trkpt lat="44.471672" lon="9.367746"><ele>694</ele></trkpt>
      <trkpt lat="44.471585" lon="9.367782"><ele>694</ele></trkpt>
      <trkpt lat="44.471137" lon="9.367796"><ele>693</ele></trkpt>
      <trkpt lat="44.471004" lon="9.367848"><ele>693</ele></trkpt>
      <trkpt lat="44.470870" lon="9.367957"><ele>692</ele></trkpt>
      <trkpt lat="44.470650" lon="9.368265"><ele>691</ele></trkpt>
      <trkpt lat="44.470531" lon="9.368402"><ele>692</ele></trkpt>
      <trkpt lat="44.470435" lon="9.368490"><ele>691</ele></trkpt>
      <trkpt lat="44.470294" lon="9.368552"><ele>691</ele></trkpt>
      <trkpt lat="44.469510" lon="9.368472"><ele>685</ele></trkpt>
      <trkpt lat="44.469304" lon="9.368476"><ele>682</ele></trkpt>
      <trkpt lat="44.468739" lon="9.368610"><ele>677</ele></trkpt>
      <trkpt lat="44.468476" lon="9.368720"><ele>676</ele></trkpt>
      <trkpt lat="44.467965" lon="9.369083"><ele>675</ele></trkpt>
      <trkpt lat="44.467453" lon="9.369255"><ele>674</ele></trkpt>
      <trkpt lat="44.467309" lon="9.369371"><ele>674</ele></trkpt>
      <trkpt lat="44.467112" lon="9.369666"><ele>673</ele></trkpt>
      <trkpt lat="44.466981" lon="9.369749"><ele>673</ele></trkpt>
      <trkpt lat="44.466732" lon="9.369763"><ele>673</ele></trkpt>
      <trkpt lat="44.466570" lon="9.369719"><ele>661</ele></trkpt>
      <trkpt lat="44.466132" lon="9.369621"><ele>661</ele></trkpt>
      <trkpt lat="44.465732" lon="9.369664"><ele>664</ele></trkpt>
      <trkpt lat="44.465650" lon="9.369784"><ele>666</ele></trkpt>
      <trkpt lat="44.465562" lon="9.370051"><ele>667</ele></trkpt>
      <trkpt lat="44.465463" lon="9.370522"><ele>667</ele></trkpt>
      <trkpt lat="44.465436" lon="9.370718"><ele>667</ele></trkpt>
      <trkpt lat="44.465416" lon="9.371085"><ele>668</ele></trkpt>
      <trkpt lat="44.465367" lon="9.371308"><ele>668</ele></trkpt>
      <trkpt lat="44.465317" lon="9.371385"><ele>668</ele></trkpt>
      <trkpt lat="44.465211" lon="9.371432"><ele>668</ele></trkpt>
      <trkpt lat="44.465134" lon="9.371401"><ele>668</ele></trkpt>
      <trkpt lat="44.464821" lon="9.371086"><ele>667</ele></trkpt>
      <trkpt lat="44.464746" lon="9.370895"><ele>667</ele></trkpt>
      <trkpt lat="44.464705" lon="9.370281"><ele>667</ele></trkpt>
      <trkpt lat="44.464616" lon="9.370146"><ele>667</ele></trkpt>
      <trkpt lat="44.464533" lon="9.370093"><ele>667</ele></trkpt>
      <trkpt lat="44.464405" lon="9.370086"><ele>668</ele></trkpt>
      <trkpt lat="44.464118" lon="9.370246"><ele>668</ele></trkpt>
      <trkpt lat="44.463857" lon="9.370482"><ele>668</ele></trkpt>
      <trkpt lat="44.463811" lon="9.370551"><ele>668</ele></trkpt>
      <trkpt lat="44.463710" lon="9.370611"><ele>668</ele></trkpt>
      <trkpt lat="44.463648" lon="9.370589"><ele>668</ele></trkpt>
      <trkpt lat="44.463594" lon="9.370527"><ele>668</ele></trkpt>
      <trkpt lat="44.463562" lon="9.370428"><ele>670</ele></trkpt>
      <trkpt lat="44.463574" lon="9.370343"><ele>657</ele></trkpt>
      <trkpt lat="44.463629" lon="9.370256"><ele>656</ele></trkpt>
      <trkpt lat="44.463732" lon="9.370211"><ele>656</ele></trkpt>
      <trkpt lat="44.463897" lon="9.370189"><ele>656</ele></trkpt>
      <trkpt lat="44.464007" lon="9.370145"><ele>656</ele></trkpt>
      <trkpt lat="44.464244" lon="9.369965"><ele>651</ele></trkpt>
      <trkpt lat="44.464372" lon="9.369905"><ele>651</ele></trkpt>
      <trkpt lat="44.464480" lon="9.369888"><ele>651</ele></trkpt>
      <trkpt lat="44.464614" lon="9.369892"><ele>650</ele></trkpt>
      <trkpt lat="44.464736" lon="9.369938"><ele>651</ele></trkpt>
      <trkpt lat="44.464858" lon="9.370095"><ele>651</ele></trkpt>
      <trkpt lat="44.464949" lon="9.370254"><ele>650</ele></trkpt>
      <trkpt lat="44.465135" lon="9.370326"><ele>648</ele></trkpt>
      <trkpt lat="44.465228" lon="9.370282"><ele>647</ele></trkpt>
      <trkpt lat="44.465314" lon="9.370103"><ele>646</ele></trkpt>
      <trkpt lat="44.465363" lon="9.369958"><ele>645</ele></trkpt>
      <trkpt lat="44.465368" lon="9.369758"><ele>645</ele></trkpt>
      <trkpt lat="44.465340" lon="9.369266"><ele>644</ele></trkpt>
      <trkpt lat="44.465373" lon="9.369158"><ele>644</ele></trkpt>
      <trkpt lat="44.465433" lon="9.369104"><ele>644</ele></trkpt>
      <trkpt lat="44.465597" lon="9.369037"><ele>645</ele></trkpt>
      <trkpt lat="44.465734" lon="9.368929"><ele>645</ele></trkpt>
      <trkpt lat="44.466016" lon="9.368592"><ele>642</ele></trkpt>
      <trkpt lat="44.466103" lon="9.368453"><ele>640</ele></trkpt>
      <trkpt lat="44.466169" lon="9.367717"><ele>635</ele></trkpt>
      <trkpt lat="44.466229" lon="9.367282"><ele>632</ele></trkpt>
      <trkpt lat="44.466298" lon="9.367005"><ele>631</ele></trkpt>
      <trkpt lat="44.466388" lon="9.366766"><ele>629</ele></trkpt>
      <trkpt lat="44.466465" lon="9.366637"><ele>629</ele></trkpt>
      <trkpt lat="44.466567" lon="9.366542"><ele>629</ele></trkpt>
      <trkpt lat="44.466707" lon="9.366473"><ele>630</ele></trkpt>
      <trkpt lat="44.466843" lon="9.366377"><ele>630</ele></trkpt>
      <trkpt lat="44.466889" lon="9.366303"><ele>629</ele></trkpt>
      <trkpt lat="44.466906" lon="9.366220"><ele>625</ele></trkpt>
      <trkpt lat="44.466879" lon="9.366097"><ele>624</ele></trkpt>
      <trkpt lat="44.466818" lon="9.365975"><ele>624</ele></trkpt>
      <trkpt lat="44.466732" lon="9.365935"><ele>623</ele></trkpt>
      <trkpt lat="44.466637" lon="9.365949"><ele>623</ele></trkpt>
      <trkpt lat="44.466360" lon="9.366220"><ele>625</ele></trkpt>
      <trkpt lat="44.466222" lon="9.366454"><ele>626</ele></trkpt>
      <trkpt lat="44.466091" lon="9.366764"><ele>626</ele></trkpt>
      <trkpt lat="44.465942" lon="9.367381"><ele>626</ele></trkpt>
      <trkpt lat="44.465781" lon="9.367719"><ele>625</ele></trkpt>
      <trkpt lat="44.465674" lon="9.367799"><ele>625</ele></trkpt>
      <trkpt lat="44.465450" lon="9.367867"><ele>625</ele></trkpt>
      <trkpt lat="44.465347" lon="9.367859"><ele>625</ele></trkpt>
      <trkpt lat="44.465156" lon="9.367763"><ele>625</ele></trkpt>
      <trkpt lat="44.464916" lon="9.367554"><ele>619</ele></trkpt>
      <trkpt lat="44.464710" lon="9.367154"><ele>612</ele></trkpt>
      <trkpt lat="44.464651" lon="9.366990"><ele>612</ele></trkpt>
      <trkpt lat="44.464657" lon="9.366863"><ele>612</ele></trkpt>
      <trkpt lat="44.464693" lon="9.366757"><ele>612</ele></trkpt>
      <trkpt lat="44.464785" lon="9.366689"><ele>611</ele></trkpt>
      <trkpt lat="44.464829" lon="9.366680"><ele>611</ele></trkpt>
      <trkpt lat="44.464955" lon="9.366759"><ele>612</ele></trkpt>
      <trkpt lat="44.465089" lon="9.366992"><ele>612</ele></trkpt>
      <trkpt lat="44.465182" lon="9.367068"><ele>612</ele></trkpt>
      <trkpt lat="44.465262" lon="9.367066"><ele>611</ele></trkpt>
      <trkpt lat="44.465333" lon="9.367024"><ele>611</ele></trkpt>
      <trkpt lat="44.465353" lon="9.366989"><ele>610</ele></trkpt>
      <trkpt lat="44.465386" lon="9.366812"><ele>609</ele></trkpt>
      <trkpt lat="44.465327" lon="9.366336"><ele>606</ele></trkpt>
      <trkpt lat="44.465339" lon="9.366242"><ele>606</ele></trkpt>
      <trkpt lat="44.465359" lon="9.366140"><ele>605</ele></trkpt>
      <trkpt lat="44.465504" lon="9.365871"><ele>605</ele></trkpt>
      <trkpt lat="44.465540" lon="9.365688"><ele>605</ele></trkpt>
      <trkpt lat="44.465515" lon="9.365181"><ele>601</ele></trkpt>
      <trkpt lat="44.465576" lon="9.364980"><ele>600</ele></trkpt>
      <trkpt lat="44.465667" lon="9.364856"><ele>600</ele></trkpt>
      <trkpt lat="44.465802" lon="9.364862"><ele>602</ele></trkpt>
      <trkpt lat="44.466315" lon="9.365028"><ele>603</ele></trkpt>
      <trkpt lat="44.466900" lon="9.365167"><ele>595</ele></trkpt>
      <trkpt lat="44.467129" lon="9.365141"><ele>595</ele></trkpt>
      <trkpt lat="44.467495" lon="9.365009"><ele>594</ele></trkpt>
      <trkpt lat="44.467617" lon="9.364911"><ele>593</ele></trkpt>
      <trkpt lat="44.467717" lon="9.364781"><ele>592</ele></trkpt>
      <trkpt lat="44.467738" lon="9.364678"><ele>592</ele></trkpt>
      <trkpt lat="44.467733" lon="9.364588"><ele>592</ele></trkpt>
      <trkpt lat="44.467687" lon="9.364477"><ele>592</ele></trkpt>
      <trkpt lat="44.467623" lon="9.364401"><ele>591</ele></trkpt>
      <trkpt lat="44.467486" lon="9.364396"><ele>592</ele></trkpt>
      <trkpt lat="44.467383" lon="9.364479"><ele>592</ele></trkpt>
      <trkpt lat="44.467154" lon="9.364823"><ele>592</ele></trkpt>
      <trkpt lat="44.467016" lon="9.364921"><ele>592</ele></trkpt>
      <trkpt lat="44.466847" lon="9.364925"><ele>594</ele></trkpt>
      <trkpt lat="44.466647" lon="9.364849"><ele>594</ele></trkpt>
      <trkpt lat="44.466025" lon="9.364506"><ele>588</ele></trkpt>
      <trkpt lat="44.465726" lon="9.364385"><ele>581</ele></trkpt>
      <trkpt lat="44.465506" lon="9.364369"><ele>577</ele></trkpt>
      <trkpt lat="44.464533" lon="9.364446"><ele>569</ele></trkpt>
      <trkpt lat="44.464417" lon="9.364504"><ele>570</ele></trkpt>
      <trkpt lat="44.464069" lon="9.365061"><ele>557</ele></trkpt>
      <trkpt lat="44.463823" lon="9.365461"><ele>557</ele></trkpt>
      <trkpt lat="44.463746" lon="9.365531"><ele>557</ele></trkpt>
      <trkpt lat="44.463644" lon="9.365547"><ele>557</ele></trkpt>
      <trkpt lat="44.463434" lon="9.365518"><ele>557</ele></trkpt>
      <trkpt lat="44.463179" lon="9.365478"><ele>553</ele></trkpt>
      <trkpt lat="44.463066" lon="9.365481"><ele>554</ele></trkpt>
      <trkpt lat="44.462966" lon="9.365544"><ele>554</ele></trkpt>
      <trkpt lat="44.462839" lon="9.365740"><ele>555</ele></trkpt>
      <trkpt lat="44.462711" lon="9.365898"><ele>555</ele></trkpt>
      <trkpt lat="44.462606" lon="9.365982"><ele>554</ele></trkpt>
      <trkpt lat="44.462038" lon="9.366289"><ele>552</ele></trkpt>
      <trkpt lat="44.461688" lon="9.366423"><ele>552</ele></trkpt>
      <trkpt lat="44.461460" lon="9.366479"><ele>551</ele></trkpt>
      <trkpt lat="44.461082" lon="9.366485"><ele>551</ele></trkpt>
      <trkpt lat="44.460904" lon="9.366453"><ele>551</ele></trkpt>
      <trkpt lat="44.460483" lon="9.366177"><ele>548</ele></trkpt>
      <trkpt lat="44.459770" lon="9.365934"><ele>526</ele></trkpt>
      <trkpt lat="44.459600" lon="9.365853"><ele>524</ele></trkpt>
      <trkpt lat="44.459398" lon="9.365708"><ele>522</ele></trkpt>
      <trkpt lat="44.459147" lon="9.365449"><ele>519</ele></trkpt>
      <trkpt lat="44.459034" lon="9.365360"><ele>519</ele></trkpt>
      <trkpt lat="44.458920" lon="9.365360"><ele>519</ele></trkpt>
      <trkpt lat="44.458839" lon="9.365416"><ele>519</ele></trkpt>
      <trkpt lat="44.458791" lon="9.365570"><ele>518</ele></trkpt>
      <trkpt lat="44.458823" lon="9.365748"><ele>518</ele></trkpt>
      <trkpt lat="44.459053" lon="9.366548"><ele>523</ele></trkpt>
      <trkpt lat="44.459020" lon="9.367020"><ele>527</ele></trkpt>
      <trkpt lat="44.459070" lon="9.367409"><ele>530</ele></trkpt>
      <trkpt lat="44.459219" lon="9.368038"><ele>533</ele></trkpt>
      <trkpt lat="44.459285" lon="9.368236"><ele>533</ele></trkpt>
      <trkpt lat="44.459299" lon="9.368383"><ele>533</ele></trkpt>
      <trkpt lat="44.459277" lon="9.368549"><ele>532</ele></trkpt>
      <trkpt lat="44.459256" lon="9.368668"><ele>532</ele></trkpt>
      <trkpt lat="44.459202" lon="9.368740"><ele>531</ele></trkpt>
      <trkpt lat="44.459144" lon="9.368756"><ele>530</ele></trkpt>
      <trkpt lat="44.459079" lon="9.368730"><ele>529</ele></trkpt>
      <trkpt lat="44.458775" lon="9.368501"><ele>527</ele></trkpt>
      <trkpt lat="44.458622" lon="9.368332"><ele>525</ele></trkpt>
      <trkpt lat="44.458493" lon="9.368249"><ele>525</ele></trkpt>
      <trkpt lat="44.458087" lon="9.368183"><ele>525</ele></trkpt>
      <trkpt lat="44.457724" lon="9.367911"><ele>521</ele></trkpt>
      <trkpt lat="44.457324" lon="9.367872"><ele>520</ele></trkpt>
      <trkpt lat="44.457233" lon="9.367831"><ele>520</ele></trkpt>
      <trkpt lat="44.457117" lon="9.367715"><ele>514</ele></trkpt>
      <trkpt lat="44.457026" lon="9.367632"><ele>521</ele></trkpt>
      <trkpt lat="44.456885" lon="9.367599"><ele>521</ele></trkpt>
      <trkpt lat="44.456620" lon="9.367665"><ele>522</ele></trkpt>
      <trkpt lat="44.456471" lon="9.367723"><ele>521</ele></trkpt>
      <trkpt lat="44.456298" lon="9.367682"><ele>520</ele></trkpt>
      <trkpt lat="44.456111" lon="9.367540"><ele>519</ele></trkpt>
      <trkpt lat="44.456010" lon="9.367292"><ele>518</ele></trkpt>
      <trkpt lat="44.455896" lon="9.366775"><ele>517</ele></trkpt>
      <trkpt lat="44.455823" lon="9.366543"><ele>516</ele></trkpt>
      <trkpt lat="44.455486" lon="9.366038"><ele>505</ele></trkpt>
      <trkpt lat="44.455139" lon="9.365361"><ele>498</ele></trkpt>
      <trkpt lat="44.454924" lon="9.365024"><ele>492</ele></trkpt>
      <trkpt lat="44.454780" lon="9.364925"><ele>492</ele></trkpt>
      <trkpt lat="44.454614" lon="9.364950"><ele>492</ele></trkpt>
      <trkpt lat="44.454390" lon="9.365241"><ele>493</ele></trkpt>
      <trkpt lat="44.453923" lon="9.365993"><ele>492</ele></trkpt>
      <trkpt lat="44.453878" lon="9.366024"><ele>492</ele></trkpt>
      <trkpt lat="44.453819" lon="9.366024"><ele>491</ele></trkpt>
      <trkpt lat="44.453709" lon="9.365961"><ele>489</ele></trkpt>
      <trkpt lat="44.453580" lon="9.365747"><ele>484</ele></trkpt>
      <trkpt lat="44.453524" lon="9.365612"><ele>484</ele></trkpt>
      <trkpt lat="44.453524" lon="9.365459"><ele>484</ele></trkpt>
      <trkpt lat="44.453559" lon="9.365349"><ele>484</ele></trkpt>
      <trkpt lat="44.453645" lon="9.365272"><ele>484</ele></trkpt>
      <trkpt lat="44.454006" lon="9.365241"><ele>484</ele></trkpt>
      <trkpt lat="44.454124" lon="9.365189"><ele>483</ele></trkpt>
      <trkpt lat="44.454189" lon="9.365051"><ele>483</ele></trkpt>
      <trkpt lat="44.454210" lon="9.364926"><ele>483</ele></trkpt>
      <trkpt lat="44.454192" lon="9.364360"><ele>477</ele></trkpt>
      <trkpt lat="44.454209" lon="9.364211"><ele>477</ele></trkpt>
      <trkpt lat="44.454243" lon="9.364109"><ele>476</ele></trkpt>
      <trkpt lat="44.454895" lon="9.362975"><ele>474</ele></trkpt>
      <trkpt lat="44.454973" lon="9.362939"><ele>476</ele></trkpt>
      <trkpt lat="44.455020" lon="9.362957"><ele>468</ele></trkpt>
      <trkpt lat="44.455092" lon="9.363030"><ele>468</ele></trkpt>
      <trkpt lat="44.455211" lon="9.363217"><ele>468</ele></trkpt>
      <trkpt lat="44.455377" lon="9.363578"><ele>470</ele></trkpt>
      <trkpt lat="44.455572" lon="9.364156"><ele>471</ele></trkpt>
      <trkpt lat="44.455640" lon="9.364334"><ele>473</ele></trkpt>
      <trkpt lat="44.455679" lon="9.364398"><ele>472</ele></trkpt>
      <trkpt lat="44.455742" lon="9.364425"><ele>472</ele></trkpt>
      <trkpt lat="44.455877" lon="9.364358"><ele>469</ele></trkpt>
      <trkpt lat="44.455926" lon="9.364284"><ele>469</ele></trkpt>
      <trkpt lat="44.455935" lon="9.364073"><ele>469</ele></trkpt>
      <trkpt lat="44.455898" lon="9.363941"><ele>467</ele></trkpt>
      <trkpt lat="44.455734" lon="9.363519"><ele>467</ele></trkpt>
      <trkpt lat="44.455507" lon="9.362993"><ele>465</ele></trkpt>
      <trkpt lat="44.455369" lon="9.362703"><ele>465</ele></trkpt>
      <trkpt lat="44.455239" lon="9.362541"><ele>457</ele></trkpt>
      <trkpt lat="44.455091" lon="9.362452"><ele>457</ele></trkpt>
      <trkpt lat="44.454963" lon="9.362412"><ele>457</ele></trkpt>
      <trkpt lat="44.454537" lon="9.362340"><ele>453</ele></trkpt>
      <trkpt lat="44.454298" lon="9.362263"><ele>451</ele></trkpt>
      <trkpt lat="44.454134" lon="9.362175"><ele>450</ele></trkpt>
      <trkpt lat="44.453708" lon="9.361784"><ele>446</ele></trkpt>
      <trkpt lat="44.453650" lon="9.361699"><ele>445</ele></trkpt>
      <trkpt lat="44.453445" lon="9.361288"><ele>444</ele></trkpt>
      <trkpt lat="44.453382" lon="9.361237"><ele>444</ele></trkpt>
      <trkpt lat="44.453268" lon="9.361225"><ele>432</ele></trkpt>
      <trkpt lat="44.453233" lon="9.361227"><ele>430</ele></trkpt>
      <trkpt lat="44.453161" lon="9.361277"><ele>430</ele></trkpt>
      <trkpt lat="44.452892" lon="9.361587"><ele>431</ele></trkpt>
      <trkpt lat="44.452849" lon="9.361606"><ele>431</ele></trkpt>
      <trkpt lat="44.452687" lon="9.361586"><ele>429</ele></trkpt>
      <trkpt lat="44.452469" lon="9.361431"><ele>426</ele></trkpt>
      <trkpt lat="44.452363" lon="9.361405"><ele>423</ele></trkpt>
      <trkpt lat="44.452214" lon="9.361421"><ele>423</ele></trkpt>
      <trkpt lat="44.451798" lon="9.361717"><ele>423</ele></trkpt>
      <trkpt lat="44.451719" lon="9.361811"><ele>422</ele></trkpt>
      <trkpt lat="44.451667" lon="9.361941"><ele>423</ele></trkpt>
      <trkpt lat="44.451555" lon="9.362342"><ele>421</ele></trkpt>
      <trkpt lat="44.451513" lon="9.362404"><ele>420</ele></trkpt>
      <trkpt lat="44.451459" lon="9.362443"><ele>420</ele></trkpt>
      <trkpt lat="44.451398" lon="9.362456"><ele>419</ele></trkpt>
      <trkpt lat="44.451338" lon="9.362440"><ele>420</ele></trkpt>
      <trkpt lat="44.451286" lon="9.362398"><ele>420</ele></trkpt>
      <trkpt lat="44.451245" lon="9.362334"><ele>420</ele></trkpt>
      <trkpt lat="44.451222" lon="9.362255"><ele>420</ele></trkpt>
      <trkpt lat="44.451219" lon="9.362169"><ele>421</ele></trkpt>
      <trkpt lat="44.451236" lon="9.362087"><ele>421</ele></trkpt>
      <trkpt lat="44.451423" lon="9.361792"><ele>423</ele></trkpt>
      <trkpt lat="44.451568" lon="9.361499"><ele>425</ele></trkpt>
      <trkpt lat="44.451684" lon="9.361213"><ele>424</ele></trkpt>
      <trkpt lat="44.451791" lon="9.361064"><ele>424</ele></trkpt>
      <trkpt lat="44.452066" lon="9.360879"><ele>424</ele></trkpt>
      <trkpt lat="44.452158" lon="9.360858"><ele>423</ele></trkpt>
      <trkpt lat="44.452284" lon="9.360904"><ele>423</ele></trkpt>
      <trkpt lat="44.452425" lon="9.361042"><ele>423</ele></trkpt>
      <trkpt lat="44.452545" lon="9.361120"><ele>423</ele></trkpt>
      <trkpt lat="44.452670" lon="9.361144"><ele>423</ele></trkpt>
      <trkpt lat="44.452726" lon="9.361130"><ele>423</ele></trkpt>
      <trkpt lat="44.452776" lon="9.361092"><ele>422</ele></trkpt>
      <trkpt lat="44.452816" lon="9.361034"><ele>422</ele></trkpt>
      <trkpt lat="44.452840" lon="9.360961"><ele>421</ele></trkpt>
      <trkpt lat="44.452847" lon="9.360881"><ele>421</ele></trkpt>
      <trkpt lat="44.452836" lon="9.360803"><ele>420</ele></trkpt>
      <trkpt lat="44.452808" lon="9.360733"><ele>420</ele></trkpt>
      <trkpt lat="44.452765" lon="9.360679"><ele>421</ele></trkpt>
      <trkpt lat="44.452713" lon="9.360646"><ele>421</ele></trkpt>
      <trkpt lat="44.452439" lon="9.360693"><ele>421</ele></trkpt>
      <trkpt lat="44.452345" lon="9.360665"><ele>421</ele></trkpt>
      <trkpt lat="44.452257" lon="9.360585"><ele>422</ele></trkpt>
      <trkpt lat="44.452081" lon="9.360265"><ele>416</ele></trkpt>
      <trkpt lat="44.451998" lon="9.360129"><ele>410</ele></trkpt>
      <trkpt lat="44.451880" lon="9.360066"><ele>409</ele></trkpt>
      <trkpt lat="44.451803" lon="9.360062"><ele>408</ele></trkpt>
      <trkpt lat="44.451712" lon="9.360110"><ele>405</ele></trkpt>
      <trkpt lat="44.451378" lon="9.360388"><ele>403</ele></trkpt>
      <trkpt lat="44.451302" lon="9.360474"><ele>403</ele></trkpt>
      <trkpt lat="44.451208" lon="9.360612"><ele>402</ele></trkpt>
      <trkpt lat="44.450853" lon="9.361320"><ele>397</ele></trkpt>
      <trkpt lat="44.450825" lon="9.361439"><ele>395</ele></trkpt>
      <trkpt lat="44.450833" lon="9.361850"><ele>394</ele></trkpt>
      <trkpt lat="44.450812" lon="9.361982"><ele>393</ele></trkpt>
      <trkpt lat="44.450779" lon="9.362083"><ele>393</ele></trkpt>
      <trkpt lat="44.450724" lon="9.362143"><ele>392</ele></trkpt>
      <trkpt lat="44.450588" lon="9.362196"><ele>391</ele></trkpt>
      <trkpt lat="44.450038" lon="9.362285"><ele>390</ele></trkpt>
      <trkpt lat="44.449949" lon="9.362316"><ele>390</ele></trkpt>
      <trkpt lat="44.449872" lon="9.362388"><ele>390</ele></trkpt>
      <trkpt lat="44.449818" lon="9.362491"><ele>390</ele></trkpt>
      <trkpt lat="44.449791" lon="9.362614"><ele>389</ele></trkpt>
      <trkpt lat="44.449796" lon="9.362742"><ele>387</ele></trkpt>
      <trkpt lat="44.449876" lon="9.363139"><ele>386</ele></trkpt>
      <trkpt lat="44.449880" lon="9.363287"><ele>384</ele></trkpt>
      <trkpt lat="44.449852" lon="9.363429"><ele>383</ele></trkpt>
      <trkpt lat="44.449796" lon="9.363555"><ele>383</ele></trkpt>
      <trkpt lat="44.449716" lon="9.363652"><ele>382</ele></trkpt>
      <trkpt lat="44.449620" lon="9.363712"><ele>383</ele></trkpt>
      <trkpt lat="44.449388" lon="9.363761"><ele>383</ele></trkpt>
      <trkpt lat="44.449218" lon="9.363826"><ele>382</ele></trkpt>
      <trkpt lat="44.448988" lon="9.363992"><ele>380</ele></trkpt>
      <trkpt lat="44.448925" lon="9.364071"><ele>380</ele></trkpt>
      <trkpt lat="44.448882" lon="9.364174"><ele>380</ele></trkpt>
      <trkpt lat="44.448861" lon="9.364411"><ele>381</ele></trkpt>
      <trkpt lat="44.448890" lon="9.364520"><ele>381</ele></trkpt>
      <trkpt lat="44.448963" lon="9.364647"><ele>381</ele></trkpt>
      <trkpt lat="44.449079" lon="9.364757"><ele>382</ele></trkpt>
      <trkpt lat="44.449135" lon="9.364908"><ele>383</ele></trkpt>
      <trkpt lat="44.449132" lon="9.365010"><ele>383</ele></trkpt>
      <trkpt lat="44.449069" lon="9.365125"><ele>382</ele></trkpt>
      <trkpt lat="44.448998" lon="9.365180"><ele>382</ele></trkpt>
      <trkpt lat="44.448924" lon="9.365210"><ele>381</ele></trkpt>
      <trkpt lat="44.448816" lon="9.365199"><ele>380</ele></trkpt>
      <trkpt lat="44.448594" lon="9.365078"><ele>379</ele></trkpt>
      <trkpt lat="44.448432" lon="9.365040"><ele>378</ele></trkpt>
      <trkpt lat="44.447954" lon="9.364817"><ele>377</ele></trkpt>
      <trkpt lat="44.447533" lon="9.364795"><ele>374</ele></trkpt>
      <trkpt lat="44.446893" lon="9.364573"><ele>373</ele></trkpt>
      <trkpt lat="44.445988" lon="9.364320"><ele>357</ele></trkpt>
      <trkpt lat="44.445786" lon="9.364295"><ele>356</ele></trkpt>
      <trkpt lat="44.445256" lon="9.364130"><ele>353</ele></trkpt>
      <trkpt lat="44.445109" lon="9.364114"><ele>355</ele></trkpt>
      <trkpt lat="44.444976" lon="9.364149"><ele>356</ele></trkpt>
      <trkpt lat="44.444811" lon="9.364273"><ele>357</ele></trkpt>
      <trkpt lat="44.444713" lon="9.364397"><ele>357</ele></trkpt>
      <trkpt lat="44.444646" lon="9.364452"><ele>356</ele></trkpt>
      <trkpt lat="44.444536" lon="9.364498"><ele>355</ele></trkpt>
      <trkpt lat="44.444418" lon="9.364474"><ele>354</ele></trkpt>
      <trkpt lat="44.444279" lon="9.364424"><ele>354</ele></trkpt>
      <trkpt lat="44.443965" lon="9.364366"><ele>352</ele></trkpt>
      <trkpt lat="44.443814" lon="9.364320"><ele>350</ele></trkpt>
      <trkpt lat="44.443528" lon="9.363998"><ele>344</ele></trkpt>
      <trkpt lat="44.443384" lon="9.363872"><ele>340</ele></trkpt>
      <trkpt lat="44.443276" lon="9.363861"><ele>338</ele></trkpt>
      <trkpt lat="44.442625" lon="9.363924"><ele>329</ele></trkpt>
      <trkpt lat="44.442478" lon="9.363904"><ele>328</ele></trkpt>
      <trkpt lat="44.442277" lon="9.363822"><ele>327</ele></trkpt>
      <trkpt lat="44.442126" lon="9.363701"><ele>326</ele></trkpt>
      <trkpt lat="44.442001" lon="9.363692"><ele>326</ele></trkpt>
      <trkpt lat="44.441927" lon="9.363732"><ele>326</ele></trkpt>
      <trkpt lat="44.441863" lon="9.363811"><ele>326</ele></trkpt>
      <trkpt lat="44.441812" lon="9.363941"><ele>329</ele></trkpt>
      <trkpt lat="44.441756" lon="9.364172"><ele>330</ele></trkpt>
      <trkpt lat="44.441693" lon="9.364274"><ele>328</ele></trkpt>
      <trkpt lat="44.441513" lon="9.364424"><ele>326</ele></trkpt>
      <trkpt lat="44.441282" lon="9.364657"><ele>327</ele></trkpt>
      <trkpt lat="44.440938" lon="9.365362"><ele>324</ele></trkpt>
      <trkpt lat="44.440873" lon="9.365398"><ele>322</ele></trkpt>
      <trkpt lat="44.440796" lon="9.365384"><ele>321</ele></trkpt>
      <trkpt lat="44.440627" lon="9.365307"><ele>321</ele></trkpt>
      <trkpt lat="44.440445" lon="9.365310"><ele>320</ele></trkpt>
      <trkpt lat="44.440057" lon="9.365558"><ele>318</ele></trkpt>
      <trkpt lat="44.439866" lon="9.365739"><ele>317</ele></trkpt>
      <trkpt lat="44.439359" lon="9.366278"><ele>317</ele></trkpt>
      <trkpt lat="44.439028" lon="9.366420"><ele>315</ele></trkpt>
      <trkpt lat="44.438900" lon="9.366452"><ele>316</ele></trkpt>
      <trkpt lat="44.438813" lon="9.366437"><ele>312</ele></trkpt>
      <trkpt lat="44.438494" lon="9.366373"><ele>311</ele></trkpt>
      <trkpt lat="44.438398" lon="9.366389"><ele>310</ele></trkpt>
      <trkpt lat="44.437519" lon="9.367100"><ele>308</ele></trkpt>
      <trkpt lat="44.437170" lon="9.367269"><ele>305</ele></trkpt>
      <trkpt lat="44.436950" lon="9.367348"><ele>300</ele></trkpt>
      <trkpt lat="44.436323" lon="9.367605"><ele>284</ele></trkpt>
      <trkpt lat="44.436181" lon="9.367773"><ele>284</ele></trkpt>
      <trkpt lat="44.436082" lon="9.367983"><ele>282</ele></trkpt>
      <trkpt lat="44.436017" lon="9.368081"><ele>282</ele></trkpt>
      <trkpt lat="44.435439" lon="9.368296"><ele>280</ele></trkpt>
      <trkpt lat="44.435331" lon="9.368371"><ele>281</ele></trkpt>
      <trkpt lat="44.435182" lon="9.368541"><ele>280</ele></trkpt>
      <trkpt lat="44.434950" lon="9.369006"><ele>278</ele></trkpt>
      <trkpt lat="44.434844" lon="9.369329"><ele>279</ele></trkpt>
      <trkpt lat="44.434796" lon="9.369618"><ele>279</ele></trkpt>
      <trkpt lat="44.434764" lon="9.369971"><ele>280</ele></trkpt>
      <trkpt lat="44.434735" lon="9.370727"><ele>280</ele></trkpt>
      <trkpt lat="44.434707" lon="9.370795"><ele>280</ele></trkpt>
      <trkpt lat="44.434646" lon="9.370825"><ele>280</ele></trkpt>
      <trkpt lat="44.434575" lon="9.370803"><ele>281</ele></trkpt>
      <trkpt lat="44.434474" lon="9.370758"><ele>270</ele></trkpt>
      <trkpt lat="44.434146" lon="9.370510"><ele>268</ele></trkpt>
      <trkpt lat="44.433957" lon="9.370423"><ele>268</ele></trkpt>
      <trkpt lat="44.433890" lon="9.370429"><ele>268</ele></trkpt>
      <trkpt lat="44.433822" lon="9.370484"><ele>268</ele></trkpt>
      <trkpt lat="44.433329" lon="9.371041"><ele>265</ele></trkpt>
      <trkpt lat="44.433115" lon="9.371229"><ele>261</ele></trkpt>
      <trkpt lat="44.433008" lon="9.371294"><ele>260</ele></trkpt>
      <trkpt lat="44.432880" lon="9.371341"><ele>257</ele></trkpt>
      <trkpt lat="44.432712" lon="9.371365"><ele>255</ele></trkpt>
      <trkpt lat="44.432133" lon="9.371329"><ele>249</ele></trkpt>
      <trkpt lat="44.432034" lon="9.371342"><ele>249</ele></trkpt>
      <trkpt lat="44.431927" lon="9.371369"><ele>248</ele></trkpt>
      <trkpt lat="44.431844" lon="9.371432"><ele>248</ele></trkpt>
      <trkpt lat="44.431769" lon="9.371523"><ele>247</ele></trkpt>
      <trkpt lat="44.431631" lon="9.371780"><ele>245</ele></trkpt>
      <trkpt lat="44.431278" lon="9.372685"><ele>243</ele></trkpt>
      <trkpt lat="44.431042" lon="9.373119"><ele>234</ele></trkpt>
      <trkpt lat="44.430688" lon="9.374173"><ele>225</ele></trkpt>
      <trkpt lat="44.430605" lon="9.374556"><ele>222</ele></trkpt>
      <trkpt lat="44.430558" lon="9.374703"><ele>221</ele></trkpt>
      <trkpt lat="44.430493" lon="9.374839"><ele>220</ele></trkpt>
      <trkpt lat="44.430138" lon="9.375282"><ele>216</ele></trkpt>
      <trkpt lat="44.430034" lon="9.375389"><ele>214</ele></trkpt>
      <trkpt lat="44.429907" lon="9.375477"><ele>213</ele></trkpt>
      <trkpt lat="44.429808" lon="9.375522"><ele>212</ele></trkpt>
      <trkpt lat="44.429482" lon="9.375477"><ele>212</ele></trkpt>
      <trkpt lat="44.429357" lon="9.375514"><ele>211</ele></trkpt>
      <trkpt lat="44.429233" lon="9.375595"><ele>210</ele></trkpt>
      <trkpt lat="44.429180" lon="9.375725"><ele>210</ele></trkpt>
      <trkpt lat="44.429066" lon="9.376289"><ele>209</ele></trkpt>
      <trkpt lat="44.428950" lon="9.377179"><ele>207</ele></trkpt>
      <trkpt lat="44.428789" lon="9.377612"><ele>204</ele></trkpt>
      <trkpt lat="44.428661" lon="9.377872"><ele>204</ele></trkpt>
      <trkpt lat="44.428347" lon="9.378225"><ele>204</ele></trkpt>
      <trkpt lat="44.428294" lon="9.378314"><ele>204</ele></trkpt>
      <trkpt lat="44.428224" lon="9.378490"><ele>204</ele></trkpt>
      <trkpt lat="44.428136" lon="9.378793"><ele>204</ele></trkpt>
      <trkpt lat="44.427857" lon="9.379173"><ele>204</ele></trkpt>
      <trkpt lat="44.427297" lon="9.380547"><ele>193</ele></trkpt>
      <trkpt lat="44.427140" lon="9.380829"><ele>190</ele></trkpt>
      <trkpt lat="44.426629" lon="9.381431"><ele>187</ele></trkpt>
      <trkpt lat="44.426426" lon="9.381752"><ele>186</ele></trkpt>
      <trkpt lat="44.426296" lon="9.381953"><ele>186</ele></trkpt>
      <trkpt lat="44.426113" lon="9.382141"><ele>186</ele></trkpt>
      <trkpt lat="44.426026" lon="9.382232"><ele>184</ele></trkpt>
      <trkpt lat="44.425972" lon="9.382329"><ele>182</ele></trkpt>
      <trkpt lat="44.425424" lon="9.383682"><ele>180</ele></trkpt>
      <trkpt lat="44.425313" lon="9.383843"><ele>178</ele></trkpt>
      <trkpt lat="44.424930" lon="9.384192"><ele>172</ele></trkpt>
      <trkpt lat="44.424808" lon="9.384288"><ele>173</ele></trkpt>
      <trkpt lat="44.424512" lon="9.384438"><ele>174</ele></trkpt>
      <trkpt lat="44.424396" lon="9.384524"><ele>174</ele></trkpt>
      <trkpt lat="44.423995" lon="9.384985"><ele>181</ele></trkpt>
      <trkpt lat="44.423759" lon="9.385267"><ele>174</ele></trkpt>
      <trkpt lat="44.422644" lon="9.386907"><ele>169</ele></trkpt>
      <trkpt lat="44.422495" lon="9.387005"><ele>169</ele></trkpt>
      <trkpt lat="44.422244" lon="9.387081"><ele>167</ele></trkpt>
      <trkpt lat="44.422146" lon="9.387108"><ele>167</ele></trkpt>
      <trkpt lat="44.421972" lon="9.387216"><ele>167</ele></trkpt>
      <trkpt lat="44.421628" lon="9.387377"><ele>173</ele></trkpt>
      <trkpt lat="44.421401" lon="9.387438"><ele>175</ele></trkpt>
      <trkpt lat="44.420915" lon="9.387502"><ele>167</ele></trkpt>
      <trkpt lat="44.420825" lon="9.387565"><ele>168</ele></trkpt>
      <trkpt lat="44.420402" lon="9.388315"><ele>167</ele></trkpt>
      <trkpt lat="44.420323" lon="9.388455"><ele>166</ele></trkpt>
      <trkpt lat="44.420230" lon="9.388712"><ele>165</ele></trkpt>
      <trkpt lat="44.420194" lon="9.388928"><ele>160</ele></trkpt>
      <trkpt lat="44.420183" lon="9.389104"><ele>160</ele></trkpt>
      <trkpt lat="44.420176" lon="9.389427"><ele>154</ele></trkpt>
      <trkpt lat="44.420154" lon="9.389553"><ele>154</ele></trkpt>
      <trkpt lat="44.420128" lon="9.389620"><ele>154</ele></trkpt>
      <trkpt lat="44.420082" lon="9.389691"><ele>153</ele></trkpt>
      <trkpt lat="44.420000" lon="9.389750"><ele>153</ele></trkpt>
      <trkpt lat="44.419887" lon="9.389779"><ele>153</ele></trkpt>
      <trkpt lat="44.419475" lon="9.389808"><ele>152</ele></trkpt>
      <trkpt lat="44.419255" lon="9.389862"><ele>152</ele></trkpt>
      <trkpt lat="44.419019" lon="9.389934"><ele>160</ele></trkpt>
      <trkpt lat="44.418574" lon="9.390055"><ele>154</ele></trkpt>
      <trkpt lat="44.418423" lon="9.390096"><ele>154</ele></trkpt>
      <trkpt lat="44.417398" lon="9.390279"><ele>156</ele></trkpt>
      <trkpt lat="44.417267" lon="9.390297"><ele>156</ele></trkpt>
      <trkpt lat="44.417043" lon="9.390247"><ele>156</ele></trkpt>
      <trkpt lat="44.416914" lon="9.390168"><ele>149</ele></trkpt>
      <trkpt lat="44.416250" lon="9.389581"><ele>147</ele></trkpt>
      <trkpt lat="44.416084" lon="9.389480"><ele>147</ele></trkpt>
      <trkpt lat="44.415933" lon="9.389432"><ele>147</ele></trkpt>
      <trkpt lat="44.414918" lon="9.389213"><ele>144</ele></trkpt>
      <trkpt lat="44.414626" lon="9.389159"><ele>154</ele></trkpt>
      <trkpt lat="44.414392" lon="9.389115"><ele>154</ele></trkpt>
      <trkpt lat="44.414260" lon="9.389018"><ele>154</ele></trkpt>
      <trkpt lat="44.413660" lon="9.388309"><ele>181</ele></trkpt>
      <trkpt lat="44.413097" lon="9.387663"><ele>191</ele></trkpt>
      <trkpt lat="44.412950" lon="9.387562"><ele>192</ele></trkpt>
      <trkpt lat="44.412803" lon="9.387494"><ele>190</ele></trkpt>
      <trkpt lat="44.412640" lon="9.387516"><ele>182</ele></trkpt>
      <trkpt lat="44.412568" lon="9.387569"><ele>180</ele></trkpt>
      <trkpt lat="44.411908" lon="9.388207"><ele>173</ele></trkpt>
      <trkpt lat="44.411659" lon="9.388401"><ele>167</ele></trkpt>
      <trkpt lat="44.411560" lon="9.388446"><ele>165</ele></trkpt>
      <trkpt lat="44.411257" lon="9.388465"><ele>166</ele></trkpt>
      <trkpt lat="44.410956" lon="9.388432"><ele>168</ele></trkpt>
      <trkpt lat="44.410650" lon="9.388381"><ele>169</ele></trkpt>
      <trkpt lat="44.410131" lon="9.388228"><ele>184</ele></trkpt>
      <trkpt lat="44.409751" lon="9.388154"><ele>151</ele></trkpt>
      <trkpt lat="44.408826" lon="9.388079"><ele>151</ele></trkpt>
      <trkpt lat="44.408632" lon="9.387988"><ele>143</ele></trkpt>
      <trkpt lat="44.408465" lon="9.387859"><ele>144</ele></trkpt>
      <trkpt lat="44.407557" lon="9.387033"><ele>130</ele></trkpt>
      <trkpt lat="44.407245" lon="9.386825"><ele>124</ele></trkpt>
      <trkpt lat="44.406880" lon="9.386729"><ele>125</ele></trkpt>
      <trkpt lat="44.406452" lon="9.386661"><ele>128</ele></trkpt>
      <trkpt lat="44.406333" lon="9.386594"><ele>129</ele></trkpt>
      <trkpt lat="44.406199" lon="9.386454"><ele>129</ele></trkpt>
      <trkpt lat="44.406068" lon="9.386235"><ele>130</ele></trkpt>
      <trkpt lat="44.405907" lon="9.385847"><ele>132</ele></trkpt>
      <trkpt lat="44.405782" lon="9.385625"><ele>133</ele></trkpt>
      <trkpt lat="44.405692" lon="9.385538"><ele>133</ele></trkpt>
      <trkpt lat="44.405446" lon="9.385417"><ele>140</ele></trkpt>
      <trkpt lat="44.404704" lon="9.385042"><ele>131</ele></trkpt>
      <trkpt lat="44.404362" lon="9.384819"><ele>132</ele></trkpt>
      <trkpt lat="44.403976" lon="9.384418"><ele>130</ele></trkpt>
      <trkpt lat="44.403750" lon="9.384025"><ele>132</ele></trkpt>
      <trkpt lat="44.403443" lon="9.383168"><ele>143</ele></trkpt>
      <trkpt lat="44.403295" lon="9.382873"><ele>141</ele></trkpt>
      <trkpt lat="44.402638" lon="9.382121"><ele>143</ele></trkpt>
      <trkpt lat="44.402509" lon="9.382003"><ele>141</ele></trkpt>
      <trkpt lat="44.402243" lon="9.381881"><ele>139</ele></trkpt>
      <trkpt lat="44.401801" lon="9.381785"><ele>141</ele></trkpt>
      <trkpt lat="44.401452" lon="9.381651"><ele>148</ele></trkpt>
      <trkpt lat="44.401179" lon="9.381707"><ele>129</ele></trkpt>
      <trkpt lat="44.400962" lon="9.381715"><ele>130</ele></trkpt>
      <trkpt lat="44.400832" lon="9.381685"><ele>131</ele></trkpt>
      <trkpt lat="44.400672" lon="9.381631"><ele>134</ele></trkpt>
      <trkpt lat="44.398919" lon="9.380868"><ele>113</ele></trkpt>
      <trkpt lat="44.398747" lon="9.380785"><ele>114</ele></trkpt>
      <trkpt lat="44.398350" lon="9.380541"><ele>112</ele></trkpt>
      <trkpt lat="44.398180" lon="9.380375"><ele>112</ele></trkpt>
      <trkpt lat="44.397667" lon="9.379802"><ele>112</ele></trkpt>
      <trkpt lat="44.397537" lon="9.379729"><ele>111</ele></trkpt>
      <trkpt lat="44.397360" lon="9.379683"><ele>102</ele></trkpt>
      <trkpt lat="44.397191" lon="9.379708"><ele>102</ele></trkpt>
      <trkpt lat="44.397093" lon="9.379752"><ele>102</ele></trkpt>
      <trkpt lat="44.396963" lon="9.379859"><ele>102</ele></trkpt>
      <trkpt lat="44.396484" lon="9.380272"><ele>118</ele></trkpt>
      <trkpt lat="44.396412" lon="9.380290"><ele>111</ele></trkpt>
      <trkpt lat="44.396332" lon="9.380282"><ele>111</ele></trkpt>
      <trkpt lat="44.396252" lon="9.380231"><ele>110</ele></trkpt>
      <trkpt lat="44.396179" lon="9.380113"><ele>109</ele></trkpt>
      <trkpt lat="44.396022" lon="9.379771"><ele>109</ele></trkpt>
      <trkpt lat="44.395865" lon="9.379604"><ele>109</ele></trkpt>
      <trkpt lat="44.395589" lon="9.379468"><ele>110</ele></trkpt>
      <trkpt lat="44.395038" lon="9.379393"><ele>107</ele></trkpt>
      <trkpt lat="44.394740" lon="9.379307"><ele>114</ele></trkpt>
      <trkpt lat="44.394715" lon="9.379298"><ele>114</ele></trkpt>
      <trkpt lat="44.394070" lon="9.379029"><ele>97</ele></trkpt>
      <trkpt lat="44.393376" lon="9.378852"><ele>95</ele></trkpt>
      <trkpt lat="44.393193" lon="9.378842"><ele>96</ele></trkpt>
      <trkpt lat="44.392613" lon="9.378912"><ele>96</ele></trkpt>
      <trkpt lat="44.392500" lon="9.378908"><ele>99</ele></trkpt>
      <trkpt lat="44.392386" lon="9.378904"><ele>99</ele></trkpt>
      <trkpt lat="44.392138" lon="9.378903"><ele>99</ele></trkpt>
      <trkpt lat="44.392045" lon="9.378882"><ele>99</ele></trkpt>
      <trkpt lat="44.391901" lon="9.378784"><ele>99</ele></trkpt>
      <trkpt lat="44.391883" lon="9.378719"><ele>99</ele></trkpt>
      <trkpt lat="44.391827" lon="9.378563"><ele>99</ele></trkpt>
      <trkpt lat="44.391760" lon="9.378428"><ele>94</ele></trkpt>
      <trkpt lat="44.391289" lon="9.377969"><ele>94</ele></trkpt>
      <trkpt lat="44.391178" lon="9.377965"><ele>94</ele></trkpt>
      <trkpt lat="44.391056" lon="9.378009"><ele>94</ele></trkpt>
      <trkpt lat="44.389406" lon="9.379814"><ele>81</ele></trkpt>
      <trkpt lat="44.388912" lon="9.380244"><ele>79</ele></trkpt>
      <trkpt lat="44.388553" lon="9.380530"><ele>80</ele></trkpt>
      <trkpt lat="44.388320" lon="9.380636"><ele>80</ele></trkpt>
      <trkpt lat="44.388008" lon="9.380667"><ele>80</ele></trkpt>
      <trkpt lat="44.387764" lon="9.380667"><ele>80</ele></trkpt>
      <trkpt lat="44.387656" lon="9.380647"><ele>81</ele></trkpt>
      <trkpt lat="44.387448" lon="9.380531"><ele>89</ele></trkpt>
      <trkpt lat="44.387119" lon="9.380319"><ele>86</ele></trkpt>
      <trkpt lat="44.386994" lon="9.380135"><ele>86</ele></trkpt>
      <trkpt lat="44.386696" lon="9.379486"><ele>85</ele></trkpt>
      <trkpt lat="44.386555" lon="9.379318"><ele>86</ele></trkpt>
      <trkpt lat="44.386196" lon="9.379060"><ele>79</ele></trkpt>
      <trkpt lat="44.385693" lon="9.378709"><ele>81</ele></trkpt>
      <trkpt lat="44.385421" lon="9.378620"><ele>82</ele></trkpt>
      <trkpt lat="44.385386" lon="9.378606"><ele>82</ele></trkpt>
      <trkpt lat="44.384904" lon="9.378422"><ele>89</ele></trkpt>
      <trkpt lat="44.384357" lon="9.378207"><ele>84</ele></trkpt>
      <trkpt lat="44.384249" lon="9.378130"><ele>82</ele></trkpt>
      <trkpt lat="44.384010" lon="9.377878"><ele>84</ele></trkpt>
      <trkpt lat="44.383535" lon="9.377308"><ele>80</ele></trkpt>
      <trkpt lat="44.383443" lon="9.377198"><ele>80</ele></trkpt>
      <trkpt lat="44.382558" lon="9.376183"><ele>74</ele></trkpt>
      <trkpt lat="44.382257" lon="9.375804"><ele>94</ele></trkpt>
      <trkpt lat="44.382127" lon="9.375665"><ele>94</ele></trkpt>
      <trkpt lat="44.382098" lon="9.375634"><ele>94</ele></trkpt>
      <trkpt lat="44.381983" lon="9.375437"><ele>99</ele></trkpt>
      <trkpt lat="44.381812" lon="9.374748"><ele>100</ele></trkpt>
      <trkpt lat="44.381664" lon="9.374349"><ele>104</ele></trkpt>
      <trkpt lat="44.381466" lon="9.373919"><ele>97</ele></trkpt>
      <trkpt lat="44.381272" lon="9.373180"><ele>83</ele></trkpt>
      <trkpt lat="44.381111" lon="9.372898"><ele>90</ele></trkpt>
      <trkpt lat="44.378919" lon="9.369848"><ele>91</ele></trkpt>
      <trkpt lat="44.378123" lon="9.368643"><ele>89</ele></trkpt>
      <trkpt lat="44.377886" lon="9.368325"><ele>85</ele></trkpt>
      <trkpt lat="44.377609" lon="9.367785"><ele>89</ele></trkpt>
      <trkpt lat="44.377498" lon="9.367625"><ele>91</ele></trkpt>
      <trkpt lat="44.376547" lon="9.366618"><ele>101</ele></trkpt>
      <trkpt lat="44.376203" lon="9.366207"><ele>104</ele></trkpt>
      <trkpt lat="44.375789" lon="9.365901"><ele>105</ele></trkpt>
      <trkpt lat="44.375707" lon="9.365736"><ele>103</ele></trkpt>
      <trkpt lat="44.375563" lon="9.365171"><ele>103</ele></trkpt>
      <trkpt lat="44.375498" lon="9.365058"><ele>102</ele></trkpt>
      <trkpt lat="44.375254" lon="9.364728"><ele>100</ele></trkpt>
      <trkpt lat="44.374927" lon="9.364402"><ele>98</ele></trkpt>
      <trkpt lat="44.374707" lon="9.364231"><ele>96</ele></trkpt>
      <trkpt lat="44.374627" lon="9.364097"><ele>94</ele></trkpt>
      <trkpt lat="44.374561" lon="9.363596"><ele>94</ele></trkpt>
      <trkpt lat="44.374501" lon="9.363496"><ele>94</ele></trkpt>
      <trkpt lat="44.373967" lon="9.362949"><ele>93</ele></trkpt>
      <trkpt lat="44.373862" lon="9.362858"><ele>91</ele></trkpt>
      <trkpt lat="44.373588" lon="9.362725"><ele>88</ele></trkpt>
      <trkpt lat="44.373487" lon="9.362605"><ele>84</ele></trkpt>
      <trkpt lat="44.373436" lon="9.362467"><ele>82</ele></trkpt>
      <trkpt lat="44.373427" lon="9.362308"><ele>80</ele></trkpt>
      <trkpt lat="44.373466" lon="9.362107"><ele>80</ele></trkpt>
      <trkpt lat="44.373736" lon="9.361281"><ele>77</ele></trkpt>
      <trkpt lat="44.373750" lon="9.361183"><ele>77</ele></trkpt>
      <trkpt lat="44.373742" lon="9.361083"><ele>76</ele></trkpt>
      <trkpt lat="44.373713" lon="9.360992"><ele>76</ele></trkpt>
      <trkpt lat="44.373666" lon="9.360916"><ele>76</ele></trkpt>
      <trkpt lat="44.373605" lon="9.360864"><ele>76</ele></trkpt>
      <trkpt lat="44.373536" lon="9.360840"><ele>76</ele></trkpt>
      <trkpt lat="44.372930" lon="9.360789"><ele>75</ele></trkpt>
      <trkpt lat="44.372491" lon="9.360781"><ele>63</ele></trkpt>
      <trkpt lat="44.372067" lon="9.360763"><ele>99</ele></trkpt>
      <trkpt lat="44.371383" lon="9.360665"><ele>105</ele></trkpt>
      <trkpt lat="44.371299" lon="9.360599"><ele>104</ele></trkpt>
      <trkpt lat="44.371216" lon="9.360478"><ele>103</ele></trkpt>
      <trkpt lat="44.371162" lon="9.360350"><ele>106</ele></trkpt>
      <trkpt lat="44.371131" lon="9.360219"><ele>105</ele></trkpt>
      <trkpt lat="44.371074" lon="9.359747"><ele>104</ele></trkpt>
      <trkpt lat="44.371039" lon="9.359594"><ele>103</ele></trkpt>
      <trkpt lat="44.370848" lon="9.358883"><ele>98</ele></trkpt>
      <trkpt lat="44.370933" lon="9.358356"><ele>95</ele></trkpt>
      <trkpt lat="44.370980" lon="9.357825"><ele>89</ele></trkpt>
      <trkpt lat="44.370982" lon="9.357696"><ele>85</ele></trkpt>
      <trkpt lat="44.370966" lon="9.357606"><ele>85</ele></trkpt>
      <trkpt lat="44.370923" lon="9.357437"><ele>84</ele></trkpt>
      <trkpt lat="44.370684" lon="9.356890"><ele>82</ele></trkpt>
      <trkpt lat="44.370598" lon="9.356795"><ele>81</ele></trkpt>
      <trkpt lat="44.370452" lon="9.356700"><ele>80</ele></trkpt>
      <trkpt lat="44.369932" lon="9.356560"><ele>76</ele></trkpt>
      <trkpt lat="44.369552" lon="9.356433"><ele>73</ele></trkpt>
      <trkpt lat="44.368919" lon="9.356084"><ele>69</ele></trkpt>
      <trkpt lat="44.368826" lon="9.356057"><ele>69</ele></trkpt>
      <trkpt lat="44.368709" lon="9.356073"><ele>69</ele></trkpt>
      <trkpt lat="44.368623" lon="9.356152"><ele>68</ele></trkpt>
      <trkpt lat="44.368374" lon="9.356472"><ele>66</ele></trkpt>
      <trkpt lat="44.368266" lon="9.356562"><ele>65</ele></trkpt>
      <trkpt lat="44.367933" lon="9.356714"><ele>65</ele></trkpt>
      <trkpt lat="44.367406" lon="9.356766"><ele>62</ele></trkpt>
      <trkpt lat="44.367120" lon="9.356840"><ele>60</ele></trkpt>
      <trkpt lat="44.366812" lon="9.356987"><ele>58</ele></trkpt>
      <trkpt lat="44.366493" lon="9.357188"><ele>57</ele></trkpt>
      <trkpt lat="44.366137" lon="9.357519"><ele>57</ele></trkpt>
      <trkpt lat="44.366030" lon="9.357596"><ele>55</ele></trkpt>
      <trkpt lat="44.365938" lon="9.357631"><ele>55</ele></trkpt>
      <trkpt lat="44.365773" lon="9.357659"><ele>55</ele></trkpt>
      <trkpt lat="44.364771" lon="9.357567"><ele>46</ele></trkpt>
      <trkpt lat="44.364713" lon="9.357563"><ele>46</ele></trkpt>
      <trkpt lat="44.363438" lon="9.357424"><ele>40</ele></trkpt>
      <trkpt lat="44.362459" lon="9.357298"><ele>62</ele></trkpt>
      <trkpt lat="44.362221" lon="9.357287"><ele>62</ele></trkpt>
      <trkpt lat="44.362052" lon="9.357225"><ele>67</ele></trkpt>
      <trkpt lat="44.361865" lon="9.357106"><ele>70</ele></trkpt>
      <trkpt lat="44.361741" lon="9.356927"><ele>72</ele></trkpt>
      <trkpt lat="44.361653" lon="9.356716"><ele>74</ele></trkpt>
      <trkpt lat="44.361397" lon="9.355666"><ele>65</ele></trkpt>
      <trkpt lat="44.361029" lon="9.354970"><ele>54</ele></trkpt>
      <trkpt lat="44.360572" lon="9.353697"><ele>50</ele></trkpt>
      <trkpt lat="44.360405" lon="9.353321"><ele>46</ele></trkpt>
      <trkpt lat="44.359400" lon="9.352067"><ele>43</ele></trkpt>
      <trkpt lat="44.359189" lon="9.351694"><ele>40</ele></trkpt>
      <trkpt lat="44.358737" lon="9.350715"><ele>38</ele></trkpt>
      <trkpt lat="44.358598" lon="9.350533"><ele>36</ele></trkpt>
      <trkpt lat="44.358409" lon="9.350376"><ele>35</ele></trkpt>
      <trkpt lat="44.358234" lon="9.350308"><ele>35</ele></trkpt>
      <trkpt lat="44.358005" lon="9.350282"><ele>35</ele></trkpt>
      <trkpt lat="44.357080" lon="9.350518"><ele>35</ele></trkpt>
      <trkpt lat="44.356876" lon="9.350520"><ele>36</ele></trkpt>
      <trkpt lat="44.356671" lon="9.350438"><ele>41</ele></trkpt>
      <trkpt lat="44.356310" lon="9.350230"><ele>50</ele></trkpt>
      <trkpt lat="44.355572" lon="9.349805"><ele>46</ele></trkpt>
      <trkpt lat="44.354686" lon="9.349114"><ele>46</ele></trkpt>
      <trkpt lat="44.354381" lon="9.348812"><ele>46</ele></trkpt>
      <trkpt lat="44.353133" lon="9.346834"><ele>55</ele></trkpt>
      <trkpt lat="44.352925" lon="9.346304"><ele>48</ele></trkpt>
      <trkpt lat="44.352705" lon="9.345639"><ele>47</ele></trkpt>
      <trkpt lat="44.352460" lon="9.345206"><ele>50</ele></trkpt>
      <trkpt lat="44.352376" lon="9.344964"><ele>32</ele></trkpt>
      <trkpt lat="44.352315" lon="9.344595"><ele>32</ele></trkpt>
      <trkpt lat="44.352253" lon="9.344157"><ele>27</ele></trkpt>
      <trkpt lat="44.352231" lon="9.343754"><ele>27</ele></trkpt>
      <trkpt lat="44.352247" lon="9.343706"><ele>27</ele></trkpt>
      <trkpt lat="44.352247" lon="9.343627"><ele>27</ele></trkpt>
      <trkpt lat="44.352215" lon="9.343547"><ele>27</ele></trkpt>
      <trkpt lat="44.352189" lon="9.343519"><ele>27</ele></trkpt>
      <trkpt lat="44.352111" lon="9.343494"><ele>27</ele></trkpt>
      <trkpt lat="44.352081" lon="9.343489"><ele>27</ele></trkpt>
      <trkpt lat="44.352055" lon="9.343498"><ele>27</ele></trkpt>
      <trkpt lat="44.351858" lon="9.343356"><ele>27</ele></trkpt>
      <trkpt lat="44.351799" lon="9.343338"><ele>27</ele></trkpt>
      <trkpt lat="44.351389" lon="9.343080"><ele>26</ele></trkpt>
      <trkpt lat="44.350992" lon="9.342836"><ele>26</ele></trkpt>
      <trkpt lat="44.350929" lon="9.342827"><ele>26</ele></trkpt>
      <trkpt lat="44.350747" lon="9.342830"><ele>25</ele></trkpt>
      <trkpt lat="44.350618" lon="9.342874"><ele>25</ele></trkpt>
      <trkpt lat="44.350526" lon="9.342920"><ele>25</ele></trkpt>
      <trkpt lat="44.350424" lon="9.342991"><ele>25</ele></trkpt>
      <trkpt lat="44.350323" lon="9.343064"><ele>25</ele></trkpt>
      <trkpt lat="44.350255" lon="9.343145"><ele>25</ele></trkpt>
      <trkpt lat="44.350163" lon="9.343329"><ele>25</ele></trkpt>
      <trkpt lat="44.350115" lon="9.343400"><ele>27</ele></trkpt>
      <trkpt lat="44.350121" lon="9.343495"><ele>27</ele></trkpt>
      <trkpt lat="44.350098" lon="9.343688"><ele>27</ele></trkpt>
      <trkpt lat="44.349231" lon="9.344095"><ele>26</ele></trkpt>
      <trkpt lat="44.349179" lon="9.344133"><ele>26</ele></trkpt>
      <trkpt lat="44.348641" lon="9.344530"><ele>24</ele></trkpt>
      <trkpt lat="44.348583" lon="9.344573"><ele>24</ele></trkpt>
      <trkpt lat="44.348471" lon="9.344655"><ele>24</ele></trkpt>
      <trkpt lat="44.348408" lon="9.344748"><ele>24</ele></trkpt>
      <trkpt lat="44.348344" lon="9.345159"><ele>23</ele></trkpt>
      <trkpt lat="44.348328" lon="9.345415"><ele>20</ele></trkpt>
      <trkpt lat="44.348335" lon="9.345968"><ele>22</ele></trkpt>
      <trkpt lat="44.348339" lon="9.346301"><ele>21</ele></trkpt>
      <trkpt lat="44.348297" lon="9.346772"><ele>22</ele></trkpt>
      <trkpt lat="44.348242" lon="9.347215"><ele>22</ele></trkpt>
      <trkpt lat="44.348263" lon="9.347401"><ele>22</ele></trkpt>
      <trkpt lat="44.348262" lon="9.347642"><ele>22</ele></trkpt>
      <trkpt lat="44.348234" lon="9.347727"><ele>22</ele></trkpt>
      <trkpt lat="44.347971" lon="9.347795"><ele>22</ele></trkpt>
      <trkpt lat="44.347915" lon="9.347824"><ele>22</ele></trkpt>
      <trkpt lat="44.347864" lon="9.347916"><ele>22</ele></trkpt>
      <trkpt lat="44.347691" lon="9.347959"><ele>22</ele></trkpt>
      <trkpt lat="44.347484" lon="9.348012"><ele>20</ele></trkpt>
      <trkpt lat="44.347381" lon="9.348037"><ele>20</ele></trkpt>
      <trkpt lat="44.346761" lon="9.348168"><ele>20</ele></trkpt>
      <trkpt lat="44.345558" lon="9.348498"><ele>37</ele></trkpt>
      <trkpt lat="44.345511" lon="9.348513"><ele>37</ele></trkpt>
      <trkpt lat="44.345477" lon="9.348461"><ele>37</ele></trkpt>
      <trkpt lat="44.345403" lon="9.348453"><ele>37</ele></trkpt>
      <trkpt lat="44.345353" lon="9.348534"><ele>37</ele></trkpt>
      <trkpt lat="44.345371" lon="9.348638"><ele>37</ele></trkpt>
      <trkpt lat="44.345208" lon="9.348867"><ele>36</ele></trkpt>
      <trkpt lat="44.344795" lon="9.349327"><ele>36</ele></trkpt>
      <trkpt lat="44.344644" lon="9.349440"><ele>36</ele></trkpt>
      <trkpt lat="44.344471" lon="9.349518"><ele>34</ele></trkpt>
      <trkpt lat="44.344195" lon="9.349616"><ele>34</ele></trkpt>
      <trkpt lat="44.343455" lon="9.349895"><ele>45</ele></trkpt>
      <trkpt lat="44.342849" lon="9.350109"><ele>37</ele></trkpt>
      <trkpt lat="44.342718" lon="9.350129"><ele>36</ele></trkpt>
      <trkpt lat="44.342608" lon="9.350096"><ele>35</ele></trkpt>
      <trkpt lat="44.342529" lon="9.350049"><ele>35</ele></trkpt>
      <trkpt lat="44.341835" lon="9.349266"><ele>34</ele></trkpt>
      <trkpt lat="44.341785" lon="9.349171"><ele>33</ele></trkpt>
      <trkpt lat="44.341663" lon="9.348817"><ele>34</ele></trkpt>
      <trkpt lat="44.341596" lon="9.348713"><ele>36</ele></trkpt>
      <trkpt lat="44.341533" lon="9.348671"><ele>37</ele></trkpt>
      <trkpt lat="44.341453" lon="9.348661"><ele>38</ele></trkpt>
      <trkpt lat="44.341337" lon="9.348712"><ele>44</ele></trkpt>
      <trkpt lat="44.341284" lon="9.348787"><ele>44</ele></trkpt>
      <trkpt lat="44.341273" lon="9.348931"><ele>30</ele></trkpt>
      <trkpt lat="44.341424" lon="9.349762"><ele>30</ele></trkpt>
      <trkpt lat="44.341426" lon="9.349882"><ele>31</ele></trkpt>
      <trkpt lat="44.341389" lon="9.350073"><ele>29</ele></trkpt>
      <trkpt lat="44.341340" lon="9.350157"><ele>29</ele></trkpt>
      <trkpt lat="44.341280" lon="9.350202"><ele>28</ele></trkpt>
      <trkpt lat="44.341223" lon="9.350224"><ele>27</ele></trkpt>
      <trkpt lat="44.341158" lon="9.350218"><ele>27</ele></trkpt>
      <trkpt lat="44.341054" lon="9.350185"><ele>26</ele></trkpt>
      <trkpt lat="44.340703" lon="9.350002"><ele>12</ele></trkpt>
      <trkpt lat="44.340565" lon="9.349888"><ele>23</ele></trkpt>
      <trkpt lat="44.340085" lon="9.349318"><ele>24</ele></trkpt>
      <trkpt lat="44.339908" lon="9.349141"><ele>26</ele></trkpt>
      <trkpt lat="44.339722" lon="9.349039"><ele>28</ele></trkpt>
      <trkpt lat="44.339342" lon="9.348938"><ele>38</ele></trkpt>
      <trkpt lat="44.338968" lon="9.348847"><ele>24</ele></trkpt>
      <trkpt lat="44.338281" lon="9.348636"><ele>23</ele></trkpt>
      <trkpt lat="44.337830" lon="9.348634"><ele>20</ele></trkpt>
      <trkpt lat="44.337645" lon="9.348600"><ele>19</ele></trkpt>
      <trkpt lat="44.337351" lon="9.348510"><ele>14</ele></trkpt>
      <trkpt lat="44.337098" lon="9.348358"><ele>12</ele></trkpt>
      <trkpt lat="44.336568" lon="9.348010"><ele>12</ele></trkpt>
      <trkpt lat="44.335765" lon="9.347513"><ele>11</ele></trkpt>
      <trkpt lat="44.335696" lon="9.347452"><ele>11</ele></trkpt>
      <trkpt lat="44.335534" lon="9.347252"><ele>11</ele></trkpt>
      <trkpt lat="44.335385" lon="9.346999"><ele>11</ele></trkpt>
      <trkpt lat="44.335316" lon="9.346886"><ele>11</ele></trkpt>
      <trkpt lat="44.335224" lon="9.346715"><ele>11</ele></trkpt>
      <trkpt lat="44.335141" lon="9.346562"><ele>14</ele></trkpt>
      <trkpt lat="44.335030" lon="9.346439"><ele>16</ele></trkpt>
      <trkpt lat="44.334088" lon="9.345876"><ele>14</ele></trkpt>
      <trkpt lat="44.333998" lon="9.345813"><ele>20</ele></trkpt>
      <trkpt lat="44.333661" lon="9.345639"><ele>20</ele></trkpt>
      <trkpt lat="44.333643" lon="9.345596"><ele>20</ele></trkpt>
      <trkpt lat="44.333592" lon="9.345573"><ele>20</ele></trkpt>
      <trkpt lat="44.333547" lon="9.345616"><ele>20</ele></trkpt>
      <trkpt lat="44.333334" lon="9.345504"><ele>22</ele></trkpt>
      <trkpt lat="44.332459" lon="9.345602"><ele>25</ele></trkpt>
      <trkpt lat="44.331873" lon="9.345467"><ele>27</ele></trkpt>
      <trkpt lat="44.331696" lon="9.345456"><ele>26</ele></trkpt>
      <trkpt lat="44.331471" lon="9.345490"><ele>27</ele></trkpt>
      <trkpt lat="44.331207" lon="9.345471"><ele>27</ele></trkpt>
      <trkpt lat="44.330878" lon="9.345408"><ele>27</ele></trkpt>
      <trkpt lat="44.330685" lon="9.345421"><ele>26</ele></trkpt>
      <trkpt lat="44.330512" lon="9.345481"><ele>23</ele></trkpt>
      <trkpt lat="44.330367" lon="9.345490"><ele>23</ele></trkpt>
      <trkpt lat="44.330090" lon="9.345447"><ele>23</ele></trkpt>
      <trkpt lat="44.329775" lon="9.345416"><ele>28</ele></trkpt>
      <trkpt lat="44.329655" lon="9.345424"><ele>26</ele></trkpt>
      <trkpt lat="44.329321" lon="9.345505"><ele>26</ele></trkpt>
      <trkpt lat="44.328989" lon="9.345686"><ele>27</ele></trkpt>
      <trkpt lat="44.328700" lon="9.345870"><ele>25</ele></trkpt>
      <trkpt lat="44.328472" lon="9.345882"><ele>23</ele></trkpt>
      <trkpt lat="44.327442" lon="9.345853"><ele>11</ele></trkpt>
      <trkpt lat="44.327213" lon="9.345828"><ele>15</ele></trkpt>
      <trkpt lat="44.327086" lon="9.345770"><ele>18</ele></trkpt>
      <trkpt lat="44.325537" lon="9.344939"><ele>24</ele></trkpt>
      <trkpt lat="44.324953" lon="9.344793"><ele>28</ele></trkpt>
      <trkpt lat="44.324590" lon="9.344614"><ele>21</ele></trkpt>
      <trkpt lat="44.324463" lon="9.344543"><ele>19</ele></trkpt>
      <trkpt lat="44.323607" lon="9.344249"><ele>19</ele></trkpt>
      <trkpt lat="44.323266" lon="9.344055"><ele>16</ele></trkpt>
      <trkpt lat="44.322992" lon="9.343837"><ele>16</ele></trkpt>
      <trkpt lat="44.322825" lon="9.343713"><ele>14</ele></trkpt>
      <trkpt lat="44.322674" lon="9.343553"><ele>14</ele></trkpt>
      <trkpt lat="44.322457" lon="9.343404"><ele>13</ele></trkpt>
      <trkpt lat="44.322326" lon="9.343341"><ele>7</ele></trkpt>
      <trkpt lat="44.322101" lon="9.343227"><ele>8</ele></trkpt>
      <trkpt lat="44.322037" lon="9.343175"><ele>8</ele></trkpt>
      <trkpt lat="44.321947" lon="9.343080"><ele>8</ele></trkpt>
      <trkpt lat="44.321692" lon="9.342803"><ele>8</ele></trkpt>
      <trkpt lat="44.321594" lon="9.342697"><ele>5</ele></trkpt>
      <trkpt lat="44.321335" lon="9.342425"><ele>10</ele></trkpt>
      <trkpt lat="44.321264" lon="9.342347"><ele>10</ele></trkpt>
      <trkpt lat="44.320997" lon="9.342163"><ele>10</ele></trkpt>
      <trkpt lat="44.320738" lon="9.341993"><ele>10</ele></trkpt>
      <trkpt lat="44.320274" lon="9.341526"><ele>12</ele></trkpt>
      <trkpt lat="44.320040" lon="9.341292"><ele>12</ele></trkpt>
      <trkpt lat="44.319762" lon="9.341061"><ele>8</ele></trkpt>
      <trkpt lat="44.319530" lon="9.340871"><ele>8</ele></trkpt>
      <trkpt lat="44.319404" lon="9.340761"><ele>8</ele></trkpt>
      <trkpt lat="44.318999" lon="9.340459"><ele>7</ele></trkpt>
      <trkpt lat="44.318838" lon="9.340378"><ele>7</ele></trkpt>
      <trkpt lat="44.318783" lon="9.340375"><ele>7</ele></trkpt>
      <trkpt lat="44.318721" lon="9.340415"><ele>7</ele></trkpt>
      <trkpt lat="44.318702" lon="9.340474"><ele>7</ele></trkpt>
      <trkpt lat="44.318722" lon="9.340613"><ele>7</ele></trkpt>
      <trkpt lat="44.318745" lon="9.340804"><ele>8</ele></trkpt>
      <trkpt lat="44.318750" lon="9.341107"><ele>8</ele></trkpt>
      <trkpt lat="44.318638" lon="9.341440"><ele>8</ele></trkpt>
      <trkpt lat="44.318600" lon="9.341553"><ele>8</ele></trkpt>
      <trkpt lat="44.318462" lon="9.341824"><ele>7</ele></trkpt>
      <trkpt lat="44.318443" lon="9.341790"><ele>7</ele></trkpt>
      <trkpt lat="44.318387" lon="9.341757"><ele>7</ele></trkpt>
      <trkpt lat="44.318328" lon="9.341780"><ele>5</ele></trkpt>
      <trkpt lat="44.318230" lon="9.341737"><ele>5</ele></trkpt>
      <trkpt lat="44.317734" lon="9.341259"><ele>5</ele></trkpt>
      <trkpt lat="44.316945" lon="9.340500"><ele>5</ele></trkpt>
      <trkpt lat="44.316244" lon="9.339815"><ele>4</ele></trkpt>
      <trkpt lat="44.315738" lon="9.339303"><ele>4</ele></trkpt>
      <trkpt lat="44.315555" lon="9.339071"><ele>1</ele></trkpt>
      <trkpt lat="44.315303" lon="9.338694"><ele>1</ele></trkpt>
      <trkpt lat="44.315130" lon="9.338401"><ele>1</ele></trkpt>
      <trkpt lat="44.314739" lon="9.337659"><ele>1</ele></trkpt>
      <trkpt lat="44.314165" lon="9.336531"><ele>5</ele></trkpt>
      <trkpt lat="44.313843" lon="9.335853"><ele>5</ele></trkpt>
      <trkpt lat="44.313526" lon="9.335214"><ele>8</ele></trkpt>
      <trkpt lat="44.313469" lon="9.335086"><ele>8</ele></trkpt>
      <trkpt lat="44.313433" lon="9.334957"><ele>12</ele></trkpt>
      <trkpt lat="44.313436" lon="9.334837"><ele>12</ele></trkpt>
      <trkpt lat="44.313414" lon="9.334784"><ele>12</ele></trkpt>
      <trkpt lat="44.313435" lon="9.334599"><ele>12</ele></trkpt>
      <trkpt lat="44.314001" lon="9.333198"><ele>9</ele></trkpt>
      <trkpt lat="44.314238" lon="9.332622"><ele>9</ele></trkpt>
      <trkpt lat="44.313515" lon="9.332066"><ele>10</ele></trkpt>
      <trkpt lat="44.313094" lon="9.331737"><ele>8</ele></trkpt>
      <trkpt lat="44.312324" lon="9.331121"><ele>2</ele></trkpt>
      <trkpt lat="44.312629" lon="9.329696"><ele>3</ele></trkpt>
      <trkpt lat="44.312873" lon="9.328604"><ele>4</ele></trkpt>
      <trkpt lat="44.313189" lon="9.327840"><ele>8</ele></trkpt>
      <trkpt lat="44.313261" lon="9.327670"><ele>8</ele></trkpt>
      <trkpt lat="44.313317" lon="9.327535"><ele>8</ele></trkpt>
      <trkpt lat="44.313635" lon="9.326829"><ele>5</ele></trkpt>
      <trkpt lat="44.314174" lon="9.325566"><ele>5</ele></trkpt>
      <trkpt lat="44.314512" lon="9.324783"><ele>4</ele></trkpt>
      <trkpt lat="44.314739" lon="9.324267"><ele>4</ele></trkpt>
      <trkpt lat="44.314996" lon="9.323699"><ele>5</ele></trkpt>
      <trkpt lat="44.315023" lon="9.323641"><ele>5</ele></trkpt>
      <trkpt lat="44.315185" lon="9.323274"><ele>6</ele></trkpt>
      <trkpt lat="44.315304" lon="9.323004"><ele>6</ele></trkpt>
      <trkpt lat="44.315425" lon="9.322732"><ele>6</ele></trkpt>
      <trkpt lat="44.315633" lon="9.322273"><ele>11</ele></trkpt>
      <trkpt lat="44.315792" lon="9.321913"><ele>11</ele></trkpt>
      <trkpt lat="44.316148" lon="9.321107"><ele>6</ele></trkpt>
      <trkpt lat="44.316343" lon="9.320648"><ele>6</ele></trkpt>
      <trkpt lat="44.316657" lon="9.319986"><ele>5</ele></trkpt>
      <trkpt lat="44.317551" lon="9.320709"><ele>6</ele></trkpt>
      <trkpt lat="44.317808" lon="9.320908"><ele>7</ele></trkpt>
      <trkpt lat="44.318276" lon="9.321280"><ele>7</ele></trkpt>
      <trkpt lat="44.318512" lon="9.321471"><ele>7</ele></trkpt>
      <trkpt lat="44.318792" lon="9.321672"><ele>8</ele></trkpt>
      <trkpt lat="44.319233" lon="9.322042"><ele>9</ele></trkpt>
      <trkpt lat="44.319378" lon="9.322155"><ele>9</ele></trkpt>
      <trkpt lat="44.319775" lon="9.322453"><ele>9</ele></trkpt>
      <trkpt lat="44.319852" lon="9.322508"><ele>8</ele></trkpt>
      <trkpt lat="44.320070" lon="9.322690"><ele>6</ele></trkpt>
      <trkpt lat="44.320124" lon="9.322735"><ele>6</ele></trkpt>
      <trkpt lat="44.320577" lon="9.323114"><ele>6</ele></trkpt>
      <trkpt lat="44.320668" lon="9.323188"><ele>6</ele></trkpt>
      <trkpt lat="44.320879" lon="9.323241"><ele>6</ele></trkpt>
      <trkpt lat="44.321106" lon="9.323251"><ele>6</ele></trkpt>
      <trkpt lat="44.321227" lon="9.323208"><ele>6</ele></trkpt>
      <trkpt lat="44.321283" lon="9.322064"><ele>8</ele></trkpt>
      <trkpt lat="44.321290" lon="9.321888"><ele>8</ele></trkpt>
      <trkpt lat="44.321302" lon="9.321587"><ele>12</ele></trkpt>
      <trkpt lat="44.321303" lon="9.321560"><ele>12</ele></trkpt>
      <trkpt lat="44.321308" lon="9.321404"><ele>12</ele></trkpt>
      <trkpt lat="44.321144" lon="9.321385"><ele>12</ele></trkpt>
      <trkpt lat="44.321308" lon="9.321404"><ele>12</ele></trkpt>
      <trkpt lat="44.321312" lon="9.321345"><ele>12</ele></trkpt>
      <trkpt lat="44.321326" lon="9.321077"><ele>12</ele></trkpt>
      <trkpt lat="44.321407" lon="9.321045"><ele>12</ele></trkpt>
      <trkpt lat="44.321459" lon="9.320953"><ele>12</ele></trkpt>
      <trkpt lat="44.321467" lon="9.320894"><ele>12</ele></trkpt>
      <trkpt lat="44.321457" lon="9.320815"><ele>15</ele></trkpt>
      <trkpt lat="44.321425" lon="9.320749"><ele>16</ele></trkpt>
      <trkpt lat="44.321381" lon="9.320711"><ele>16</ele></trkpt>
      <trkpt lat="44.321330" lon="9.320698"><ele>16</ele></trkpt>
      <trkpt lat="44.321273" lon="9.320717"><ele>16</ele></trkpt>
      <trkpt lat="44.321227" lon="9.320767"><ele>16</ele></trkpt>
      <trkpt lat="44.320799" lon="9.320450"><ele>11</ele></trkpt>
      <trkpt lat="44.320505" lon="9.320177"><ele>11</ele></trkpt>
      <trkpt lat="44.320287" lon="9.319985"><ele>11</ele></trkpt>
      <trkpt lat="44.319726" lon="9.319515"><ele>9</ele></trkpt>
      <trkpt lat="44.319448" lon="9.319275"><ele>9</ele></trkpt>
      <trkpt lat="44.319209" lon="9.319069"><ele>12</ele></trkpt>
      <trkpt lat="44.319115" lon="9.318991"><ele>6</ele></trkpt>
      <trkpt lat="44.318962" lon="9.318872"><ele>6</ele></trkpt>
      <trkpt lat="44.318499" lon="9.318506"><ele>6</ele></trkpt>
      <trkpt lat="44.318347" lon="9.318853"><ele>6</ele></trkpt>
      <trkpt lat="44.318232" lon="9.319119"><ele>6</ele></trkpt>
      <trkpt lat="44.318216" lon="9.319158"><ele>6</ele></trkpt>
      <trkpt lat="44.318093" lon="9.319453"><ele>6</ele></trkpt>
      <trkpt lat="44.317994" lon="9.319674"><ele>6</ele></trkpt>
      <trkpt lat="44.317896" lon="9.319906"><ele>6</ele></trkpt>
      <trkpt lat="44.317551" lon="9.320709"><ele>6</ele></trkpt>
      <trkpt lat="44.317238" lon="9.321416"><ele>11</ele></trkpt>
      <trkpt lat="44.317067" lon="9.321815"><ele>10</ele></trkpt>
      <trkpt lat="44.316842" lon="9.322359"><ele>10</ele></trkpt>
      <trkpt lat="44.316552" lon="9.323059"><ele>11</ele></trkpt>
      <trkpt lat="44.316483" lon="9.323701"><ele>8</ele></trkpt>
      <trkpt lat="44.316503" lon="9.324121"><ele>9</ele></trkpt>
      <trkpt lat="44.316612" lon="9.324248"><ele>9</ele></trkpt>
      <trkpt lat="44.316644" lon="9.324316"><ele>9</ele></trkpt>
      <trkpt lat="44.316646" lon="9.324396"><ele>10</ele></trkpt>
      <trkpt lat="44.316206" lon="9.325473"><ele>7</ele></trkpt>
      <trkpt lat="44.316012" lon="9.325953"><ele>11</ele></trkpt>
      <trkpt lat="44.315865" lon="9.326365"><ele>11</ele></trkpt>
      <trkpt lat="44.315709" lon="9.326758"><ele>12</ele></trkpt>
      <trkpt lat="44.315238" lon="9.326369"><ele>12</ele></trkpt>
      <trkpt lat="44.314914" lon="9.327189"><ele>6</ele></trkpt>
      <trkpt lat="44.314742" lon="9.327650"><ele>8</ele></trkpt>
      <trkpt lat="44.314514" lon="9.328290"><ele>8</ele></trkpt>
      <trkpt lat="44.314502" lon="9.328322"><ele>8</ele></trkpt>
      <trkpt lat="44.314359" lon="9.328669"><ele>8</ele></trkpt>
      <trkpt lat="44.314332" lon="9.328747"><ele>8</ele></trkpt>
      <trkpt lat="44.314297" lon="9.328862"><ele>8</ele></trkpt>
      <trkpt lat="44.314167" lon="9.329138"><ele>8</ele></trkpt>
      <trkpt lat="44.313616" lon="9.330480"><ele>8</ele></trkpt>
      <trkpt lat="44.313094" lon="9.331737"><ele>8</ele></trkpt>
      <trkpt lat="44.312881" lon="9.332278"><ele>8</ele></trkpt>
      <trkpt lat="44.314001" lon="9.333198"><ele>9</ele></trkpt>
      <trkpt lat="44.313435" lon="9.334599"><ele>12</ele></trkpt>
      <trkpt lat="44.313345" lon="9.334730"><ele>12</ele></trkpt>
      <trkpt lat="44.313312" lon="9.334729"><ele>3</ele></trkpt>
      <trkpt lat="44.313235" lon="9.334790"><ele>3</ele></trkpt>
      <trkpt lat="44.313214" lon="9.334845"><ele>3</ele></trkpt>
      <trkpt lat="44.313218" lon="9.334952"><ele>4</ele></trkpt>
      <trkpt lat="44.313268" lon="9.335033"><ele>5</ele></trkpt>
      <trkpt lat="44.313346" lon="9.335052"><ele>8</ele></trkpt>
      <trkpt lat="44.314191" lon="9.336727"><ele>4</ele></trkpt>
      <trkpt lat="44.314897" lon="9.338156"><ele>2</ele></trkpt>
      <trkpt lat="44.315078" lon="9.338493"><ele>2</ele></trkpt>
      <trkpt lat="44.315253" lon="9.338801"><ele>3</ele></trkpt>
      <trkpt lat="44.315627" lon="9.339333"><ele>3</ele></trkpt>
      <trkpt lat="44.316413" lon="9.340124"><ele>3</ele></trkpt>
      <trkpt lat="44.318204" lon="9.341874"><ele>5</ele></trkpt>
      <trkpt lat="44.318293" lon="9.341919"><ele>5</ele></trkpt>
      <trkpt lat="44.318349" lon="9.342005"><ele>7</ele></trkpt>
      <trkpt lat="44.318432" lon="9.341992"><ele>7</ele></trkpt>
      <trkpt lat="44.318385" lon="9.342250"><ele>7</ele></trkpt>
      <trkpt lat="44.318306" lon="9.342467"><ele>7</ele></trkpt>
      <trkpt lat="44.317788" lon="9.343476"><ele>5</ele></trkpt>
      <trkpt lat="44.317557" lon="9.344251"><ele>3</ele></trkpt>
      <trkpt lat="44.317513" lon="9.344394"><ele>3</ele></trkpt>
      <trkpt lat="44.317223" lon="9.345361"><ele>6</ele></trkpt>
      <trkpt lat="44.317080" lon="9.345744"><ele>7</ele></trkpt>
      <trkpt lat="44.317007" lon="9.345844"><ele>10</ele></trkpt>
      <trkpt lat="44.316986" lon="9.345855"><ele>10</ele></trkpt>
      <trkpt lat="44.316963" lon="9.345983"><ele>10</ele></trkpt>
      <trkpt lat="44.317003" lon="9.346023"><ele>10</ele></trkpt>
      <trkpt lat="44.317054" lon="9.346034"><ele>10</ele></trkpt>
      <trkpt lat="44.317122" lon="9.346135"><ele>10</ele></trkpt>
      <trkpt lat="44.317231" lon="9.346193"><ele>10</ele></trkpt>
      <trkpt lat="44.317471" lon="9.346319"><ele>10</ele></trkpt>
      <trkpt lat="44.317669" lon="9.346439"><ele>7</ele></trkpt>
      <trkpt lat="44.317882" lon="9.346576"><ele>7</ele></trkpt>
      <trkpt lat="44.318002" lon="9.346653"><ele>9</ele></trkpt>
      <trkpt lat="44.318190" lon="9.346737"><ele>10</ele></trkpt>
      <trkpt lat="44.318710" lon="9.346827"><ele>10</ele></trkpt>
      <trkpt lat="44.318968" lon="9.346914"><ele>10</ele></trkpt>
      <trkpt lat="44.319150" lon="9.347027"><ele>10</ele></trkpt>
      <trkpt lat="44.320278" lon="9.347971"><ele>8</ele></trkpt>
      <trkpt lat="44.320481" lon="9.348210"><ele>11</ele></trkpt>
      <trkpt lat="44.320514" lon="9.348339"><ele>20</ele></trkpt>
      <trkpt lat="44.320530" lon="9.348448"><ele>20</ele></trkpt>
      <trkpt lat="44.320588" lon="9.348512"><ele>20</ele></trkpt>
      <trkpt lat="44.320761" lon="9.348819"><ele>20</ele></trkpt>
      <trkpt lat="44.320840" lon="9.349024"><ele>22</ele></trkpt>
      <trkpt lat="44.320848" lon="9.349135"><ele>24</ele></trkpt>
      <trkpt lat="44.320836" lon="9.349205"><ele>24</ele></trkpt>
      <trkpt lat="44.320748" lon="9.349343"><ele>24</ele></trkpt>
      <trkpt lat="44.320679" lon="9.349366"><ele>23</ele></trkpt>
      <trkpt lat="44.320596" lon="9.349356"><ele>22</ele></trkpt>
      <trkpt lat="44.320527" lon="9.349296"><ele>21</ele></trkpt>
      <trkpt lat="44.320477" lon="9.349183"><ele>20</ele></trkpt>
      <trkpt lat="44.320350" lon="9.348615"><ele>20</ele></trkpt>
      <trkpt lat="44.320302" lon="9.348479"><ele>20</ele></trkpt>
      <trkpt lat="44.320243" lon="9.348382"><ele>20</ele></trkpt>
      <trkpt lat="44.320112" lon="9.348276"><ele>21</ele></trkpt>
      <trkpt lat="44.319660" lon="9.348194"><ele>22</ele></trkpt>
      <trkpt lat="44.319312" lon="9.347956"><ele>22</ele></trkpt>
      <trkpt lat="44.319086" lon="9.347850"><ele>23</ele></trkpt>
      <trkpt lat="44.318858" lon="9.347873"><ele>23</ele></trkpt>
      <trkpt lat="44.318704" lon="9.348057"><ele>24</ele></trkpt>
      <trkpt lat="44.318619" lon="9.348301"><ele>27</ele></trkpt>
      <trkpt lat="44.318623" lon="9.348544"><ele>33</ele></trkpt>
      <trkpt lat="44.318717" lon="9.349035"><ele>35</ele></trkpt>
      <trkpt lat="44.318788" lon="9.349457"><ele>35</ele></trkpt>
      <trkpt lat="44.318836" lon="9.349654"><ele>40</ele></trkpt>
      <trkpt lat="44.318808" lon="9.349860"><ele>40</ele></trkpt>
      <trkpt lat="44.318757" lon="9.349970"><ele>40</ele></trkpt>
      <trkpt lat="44.318661" lon="9.350075"><ele>41</ele></trkpt>
      <trkpt lat="44.318531" lon="9.350154"><ele>41</ele></trkpt>
      <trkpt lat="44.318428" lon="9.350178"><ele>41</ele></trkpt>
      <trkpt lat="44.318329" lon="9.350154"><ele>41</ele></trkpt>
      <trkpt lat="44.318167" lon="9.350048"><ele>41</ele></trkpt>
      <trkpt lat="44.317890" lon="9.349811"><ele>44</ele></trkpt>
      <trkpt lat="44.317630" lon="9.349582"><ele>44</ele></trkpt>
      <trkpt lat="44.317312" lon="9.349298"><ele>37</ele></trkpt>
      <trkpt lat="44.317200" lon="9.349250"><ele>37</ele></trkpt>
      <trkpt lat="44.317063" lon="9.349230"><ele>37</ele></trkpt>
      <trkpt lat="44.316918" lon="9.349313"><ele>37</ele></trkpt>
      <trkpt lat="44.316815" lon="9.349426"><ele>35</ele></trkpt>
      <trkpt lat="44.316746" lon="9.349548"><ele>34</ele></trkpt>
      <trkpt lat="44.316708" lon="9.349732"><ele>33</ele></trkpt>
      <trkpt lat="44.316716" lon="9.349902"><ele>33</ele></trkpt>
      <trkpt lat="44.316898" lon="9.350570"><ele>31</ele></trkpt>
      <trkpt lat="44.316950" lon="9.350815"><ele>31</ele></trkpt>
      <trkpt lat="44.316964" lon="9.350987"><ele>31</ele></trkpt>
      <trkpt lat="44.316948" lon="9.351178"><ele>31</ele></trkpt>
      <trkpt lat="44.316915" lon="9.351323"><ele>30</ele></trkpt>
      <trkpt lat="44.316621" lon="9.352127"><ele>18</ele></trkpt>
      <trkpt lat="44.316442" lon="9.352518"><ele>20</ele></trkpt>
      <trkpt lat="44.316343" lon="9.352720"><ele>20</ele></trkpt>
      <trkpt lat="44.316191" lon="9.353041"><ele>20</ele></trkpt>
      <trkpt lat="44.315949" lon="9.353473"><ele>27</ele></trkpt>
      <trkpt lat="44.315573" lon="9.354035"><ele>37</ele></trkpt>
      <trkpt lat="44.314801" lon="9.355085"><ele>55</ele></trkpt>
      <trkpt lat="44.314502" lon="9.355519"><ele>55</ele></trkpt>
      <trkpt lat="44.313035" lon="9.357619"><ele>35</ele></trkpt>
      <trkpt lat="44.312634" lon="9.358160"><ele>35</ele></trkpt>
      <trkpt lat="44.311025" lon="9.360518"><ele>69</ele></trkpt>
      <trkpt lat="44.310025" lon="9.361943"><ele>54</ele></trkpt>
      <trkpt lat="44.308677" lon="9.363848"><ele>74</ele></trkpt>
      <trkpt lat="44.307680" lon="9.365536"><ele>99</ele></trkpt>
      <trkpt lat="44.306481" lon="9.367615"><ele>121</ele></trkpt>
      <trkpt lat="44.305844" lon="9.368961"><ele>122</ele></trkpt>
      <trkpt lat="44.305450" lon="9.369921"><ele>123</ele></trkpt>
      <trkpt lat="44.305134" lon="9.370948"><ele>124</ele></trkpt>
      <trkpt lat="44.304473" lon="9.373716"><ele>127</ele></trkpt>
      <trkpt lat="44.303877" lon="9.376380"><ele>129</ele></trkpt>
      <trkpt lat="44.303231" lon="9.379621"><ele>132</ele></trkpt>
      <trkpt lat="44.302769" lon="9.381304"><ele>134</ele></trkpt>
      <trkpt lat="44.302635" lon="9.381716"><ele>113</ele></trkpt>
      <trkpt lat="44.302349" lon="9.382270"><ele>107</ele></trkpt>
      <trkpt lat="44.301935" lon="9.382906"><ele>97</ele></trkpt>
      <trkpt lat="44.301532" lon="9.383332"><ele>89</ele></trkpt>
      <trkpt lat="44.300952" lon="9.383711"><ele>86</ele></trkpt>
      <trkpt lat="44.300433" lon="9.383953"><ele>83</ele></trkpt>
      <trkpt lat="44.299915" lon="9.384064"><ele>84</ele></trkpt>
      <trkpt lat="44.299336" lon="9.384078"><ele>83</ele></trkpt>
      <trkpt lat="44.296850" lon="9.383697"><ele>67</ele></trkpt>
      <trkpt lat="44.296340" lon="9.383697"><ele>74</ele></trkpt>
      <trkpt lat="44.295801" lon="9.383734"><ele>81</ele></trkpt>
      <trkpt lat="44.295284" lon="9.383877"><ele>89</ele></trkpt>
      <trkpt lat="44.294817" lon="9.384057"><ele>95</ele></trkpt>
      <trkpt lat="44.294515" lon="9.384223"><ele>100</ele></trkpt>
      <trkpt lat="44.294185" lon="9.384398"><ele>93</ele></trkpt>
      <trkpt lat="44.293686" lon="9.384756"><ele>92</ele></trkpt>
      <trkpt lat="44.293127" lon="9.385268"><ele>90</ele></trkpt>
      <trkpt lat="44.292569" lon="9.385880"><ele>92</ele></trkpt>
      <trkpt lat="44.291983" lon="9.386602"><ele>107</ele></trkpt>
      <trkpt lat="44.291491" lon="9.387274"><ele>137</ele></trkpt>
      <trkpt lat="44.286085" lon="9.395004"><ele>102</ele></trkpt>
      <trkpt lat="44.285686" lon="9.395683"><ele>94</ele></trkpt>
      <trkpt lat="44.285422" lon="9.396248"><ele>96</ele></trkpt>
      <trkpt lat="44.285185" lon="9.396955"><ele>98</ele></trkpt>
      <trkpt lat="44.284885" lon="9.398385"><ele>103</ele></trkpt>
      <trkpt lat="44.284558" lon="9.401517"><ele>76</ele></trkpt>
      <trkpt lat="44.284431" lon="9.402732"><ele>73</ele></trkpt>
      <trkpt lat="44.284264" lon="9.404184"><ele>64</ele></trkpt>
      <trkpt lat="44.284106" lon="9.405713"><ele>78</ele></trkpt>
      <trkpt lat="44.284029" lon="9.406329"><ele>79</ele></trkpt>
      <trkpt lat="44.283957" lon="9.406780"><ele>77</ele></trkpt>
      <trkpt lat="44.283865" lon="9.407180"><ele>75</ele></trkpt>
      <trkpt lat="44.283767" lon="9.407528"><ele>68</ele></trkpt>
      <trkpt lat="44.283543" lon="9.408082"><ele>56</ele></trkpt>
      <trkpt lat="44.283460" lon="9.408266"><ele>48</ele></trkpt>
      <trkpt lat="44.283252" lon="9.408640"><ele>43</ele></trkpt>
      <trkpt lat="44.282965" lon="9.409054"><ele>43</ele></trkpt>
      <trkpt lat="44.281653" lon="9.410528"><ele>25</ele></trkpt>
      <trkpt lat="44.281338" lon="9.410909"><ele>28</ele></trkpt>
      <trkpt lat="44.281144" lon="9.411177"><ele>27</ele></trkpt>
      <trkpt lat="44.280973" lon="9.411463"><ele>26</ele></trkpt>
      <trkpt lat="44.280787" lon="9.411847"><ele>25</ele></trkpt>
      <trkpt lat="44.280630" lon="9.412229"><ele>22</ele></trkpt>
      <trkpt lat="44.279967" lon="9.413753"><ele>39</ele></trkpt>
      <trkpt lat="44.279794" lon="9.414140"><ele>39</ele></trkpt>
      <trkpt lat="44.279387" lon="9.415064"><ele>55</ele></trkpt>
      <trkpt lat="44.279109" lon="9.415683"><ele>55</ele></trkpt>
      <trkpt lat="44.278911" lon="9.416028"><ele>49</ele></trkpt>
      <trkpt lat="44.278713" lon="9.416304"><ele>49</ele></trkpt>
      <trkpt lat="44.278064" lon="9.417107"><ele>28</ele></trkpt>
      <trkpt lat="44.277160" lon="9.418182"><ele>20</ele></trkpt>
      <trkpt lat="44.276612" lon="9.418724"><ele>15</ele></trkpt>
      <trkpt lat="44.276410" lon="9.418899"><ele>13</ele></trkpt>
      <trkpt lat="44.276321" lon="9.418964"><ele>13</ele></trkpt>
      <trkpt lat="44.276036" lon="9.419083"><ele>13</ele></trkpt>
      <trkpt lat="44.275904" lon="9.419066"><ele>13</ele></trkpt>
      <trkpt lat="44.275770" lon="9.419016"><ele>13</ele></trkpt>
      <trkpt lat="44.275579" lon="9.418907"><ele>13</ele></trkpt>
      <trkpt lat="44.275457" lon="9.418844"><ele>13</ele></trkpt>
      <trkpt lat="44.275058" lon="9.418681"><ele>12</ele></trkpt>
      <trkpt lat="44.274695" lon="9.418644"><ele>12</ele></trkpt>
      <trkpt lat="44.274510" lon="9.418674"><ele>12</ele></trkpt>
      <trkpt lat="44.274086" lon="9.418829"><ele>11</ele></trkpt>
      <trkpt lat="44.273410" lon="9.419290"><ele>12</ele></trkpt>
      <trkpt lat="44.273358" lon="9.419431"><ele>13</ele></trkpt>
      <trkpt lat="44.273231" lon="9.419487"><ele>11</ele></trkpt>
      <trkpt lat="44.272641" lon="9.419619"><ele>11</ele></trkpt>
      <trkpt lat="44.272556" lon="9.419553"><ele>13</ele></trkpt>
      <trkpt lat="44.272402" lon="9.419536"><ele>13</ele></trkpt>
      <trkpt lat="44.272344" lon="9.419508"><ele>13</ele></trkpt>
      <trkpt lat="44.272256" lon="9.419389"><ele>13</ele></trkpt>
      <trkpt lat="44.272207" lon="9.419231"><ele>13</ele></trkpt>
      <trkpt lat="44.272273" lon="9.419057"><ele>13</ele></trkpt>
      <trkpt lat="44.272488" lon="9.418683"><ele>13</ele></trkpt>
      <trkpt lat="44.272507" lon="9.418603"><ele>12</ele></trkpt>
      <trkpt lat="44.273171" lon="9.417494"><ele>13</ele></trkpt>
      <trkpt lat="44.273220" lon="9.417524"><ele>12</ele></trkpt>
      <trkpt lat="44.273293" lon="9.417487"><ele>13</ele></trkpt>
      <trkpt lat="44.273318" lon="9.417393"><ele>13</ele></trkpt>
      <trkpt lat="44.273285" lon="9.417304"><ele>13</ele></trkpt>
      <trkpt lat="44.273233" lon="9.417277"><ele>13</ele></trkpt>
      <trkpt lat="44.273181" lon="9.417297"><ele>13</ele></trkpt>
      <trkpt lat="44.273142" lon="9.417210"><ele>11</ele></trkpt>
      <trkpt lat="44.273042" lon="9.417074"><ele>11</ele></trkpt>
      <trkpt lat="44.272502" lon="9.416464"><ele>11</ele></trkpt>
      <trkpt lat="44.272410" lon="9.416339"><ele>11</ele></trkpt>
      <trkpt lat="44.272258" lon="9.416019"><ele>9</ele></trkpt>
      <trkpt lat="44.272040" lon="9.416473"><ele>10</ele></trkpt>
      <trkpt lat="44.271787" lon="9.417069"><ele>11</ele></trkpt>
      <trkpt lat="44.271461" lon="9.416803"><ele>9</ele></trkpt>
      <trkpt lat="44.271305" lon="9.416634"><ele>9</ele></trkpt>
      <trkpt lat="44.271021" lon="9.416195"><ele>9</ele></trkpt>
      <trkpt lat="44.270588" lon="9.415601"><ele>9</ele></trkpt>
      <trkpt lat="44.270197" lon="9.416822"><ele>9</ele></trkpt>
      <trkpt lat="44.270142" lon="9.416899"><ele>9</ele></trkpt>
      <trkpt lat="44.270086" lon="9.417066"><ele>9</ele></trkpt>
      <trkpt lat="44.270043" lon="9.417224"><ele>9</ele></trkpt>
      <trkpt lat="44.270016" lon="9.417432"><ele>9</ele></trkpt>
      <trkpt lat="44.270008" lon="9.417502"><ele>9</ele></trkpt>
      <trkpt lat="44.269948" lon="9.417543"><ele>10</ele></trkpt>
      <trkpt lat="44.269917" lon="9.417597"><ele>10</ele></trkpt>
      <trkpt lat="44.269901" lon="9.417734"><ele>10</ele></trkpt>
      <trkpt lat="44.269741" lon="9.418198"><ele>10</ele></trkpt>
      <trkpt lat="44.268857" lon="9.420778"><ele>10</ele></trkpt>
      <trkpt lat="44.268336" lon="9.422305"><ele>12</ele></trkpt>
      <trkpt lat="44.267684" lon="9.423710"><ele>12</ele></trkpt>
      <trkpt lat="44.267152" lon="9.424812"><ele>11</ele></trkpt>
      <trkpt lat="44.266965" lon="9.425185"><ele>12</ele></trkpt>
      <trkpt lat="44.266708" lon="9.425747"><ele>12</ele></trkpt>
      <trkpt lat="44.266378" lon="9.426417"><ele>10</ele></trkpt>
      <trkpt lat="44.266368" lon="9.426444"><ele>10</ele></trkpt>
      <trkpt lat="44.265909" lon="9.427411"><ele>15</ele></trkpt>
      <trkpt lat="44.265182" lon="9.428960"><ele>21</ele></trkpt>
      <trkpt lat="44.265069" lon="9.429167"><ele>22</ele></trkpt>
      <trkpt lat="44.264812" lon="9.429431"><ele>21</ele></trkpt>
      <trkpt lat="44.264697" lon="9.429639"><ele>21</ele></trkpt>
      <trkpt lat="44.264606" lon="9.429946"><ele>20</ele></trkpt>
      <trkpt lat="44.264584" lon="9.430051"><ele>26</ele></trkpt>
      <trkpt lat="44.264572" lon="9.430255"><ele>26</ele></trkpt>
      <trkpt lat="44.264607" lon="9.430398"><ele>26</ele></trkpt>
      <trkpt lat="44.264693" lon="9.430515"><ele>25</ele></trkpt>
      <trkpt lat="44.264816" lon="9.430621"><ele>27</ele></trkpt>
      <trkpt lat="44.264926" lon="9.430706"><ele>26</ele></trkpt>
      <trkpt lat="44.264969" lon="9.430789"><ele>26</ele></trkpt>
      <trkpt lat="44.264996" lon="9.430905"><ele>26</ele></trkpt>
      <trkpt lat="44.264962" lon="9.431056"><ele>26</ele></trkpt>
      <trkpt lat="44.264872" lon="9.431291"><ele>26</ele></trkpt>
      <trkpt lat="44.264866" lon="9.431375"><ele>26</ele></trkpt>
      <trkpt lat="44.264888" lon="9.431481"><ele>26</ele></trkpt>
      <trkpt lat="44.264976" lon="9.431777"><ele>26</ele></trkpt>
      <trkpt lat="44.265088" lon="9.432141"><ele>40</ele></trkpt>
      <trkpt lat="44.265150" lon="9.432280"><ele>39</ele></trkpt>
      <trkpt lat="44.265233" lon="9.432359"><ele>39</ele></trkpt>
      <trkpt lat="44.265470" lon="9.432494"><ele>39</ele></trkpt>
      <trkpt lat="44.265548" lon="9.432598"><ele>39</ele></trkpt>
      <trkpt lat="44.265576" lon="9.432677"><ele>39</ele></trkpt>
      <trkpt lat="44.265584" lon="9.432759"><ele>38</ele></trkpt>
      <trkpt lat="44.265566" lon="9.432992"><ele>38</ele></trkpt>
      <trkpt lat="44.265576" lon="9.433101"><ele>38</ele></trkpt>
      <trkpt lat="44.265655" lon="9.433317"><ele>38</ele></trkpt>
      <trkpt lat="44.265673" lon="9.433395"><ele>39</ele></trkpt>
      <trkpt lat="44.265675" lon="9.433505"><ele>39</ele></trkpt>
      <trkpt lat="44.265664" lon="9.433584"><ele>41</ele></trkpt>
      <trkpt lat="44.265562" lon="9.433802"><ele>41</ele></trkpt>
      <trkpt lat="44.265549" lon="9.433911"><ele>41</ele></trkpt>
      <trkpt lat="44.265571" lon="9.434141"><ele>41</ele></trkpt>
      <trkpt lat="44.265557" lon="9.434251"><ele>42</ele></trkpt>
      <trkpt lat="44.265516" lon="9.434381"><ele>45</ele></trkpt>
      <trkpt lat="44.265460" lon="9.434554"><ele>51</ele></trkpt>
      <trkpt lat="44.265451" lon="9.434629"><ele>52</ele></trkpt>
      <trkpt lat="44.265515" lon="9.435107"><ele>56</ele></trkpt>
      <trkpt lat="44.265384" lon="9.435854"><ele>59</ele></trkpt>
      <trkpt lat="44.265298" lon="9.436137"><ele>61</ele></trkpt>
      <trkpt lat="44.265075" lon="9.436593"><ele>63</ele></trkpt>
      <trkpt lat="44.264996" lon="9.436843"><ele>64</ele></trkpt>
      <trkpt lat="44.265006" lon="9.437071"><ele>66</ele></trkpt>
      <trkpt lat="44.265198" lon="9.437575"><ele>66</ele></trkpt>
      <trkpt lat="44.265204" lon="9.437697"><ele>65</ele></trkpt>
      <trkpt lat="44.265184" lon="9.437793"><ele>65</ele></trkpt>
      <trkpt lat="44.265139" lon="9.437860"><ele>64</ele></trkpt>
      <trkpt lat="44.264993" lon="9.438002"><ele>63</ele></trkpt>
      <trkpt lat="44.264937" lon="9.438112"><ele>63</ele></trkpt>
      <trkpt lat="44.264892" lon="9.438391"><ele>62</ele></trkpt>
      <trkpt lat="44.264877" lon="9.438689"><ele>80</ele></trkpt>
      <trkpt lat="44.264909" lon="9.438823"><ele>82</ele></trkpt>
      <trkpt lat="44.264977" lon="9.438947"><ele>84</ele></trkpt>
      <trkpt lat="44.265270" lon="9.439263"><ele>86</ele></trkpt>
      <trkpt lat="44.265311" lon="9.439385"><ele>85</ele></trkpt>
      <trkpt lat="44.265306" lon="9.439535"><ele>85</ele></trkpt>
      <trkpt lat="44.265267" lon="9.439693"><ele>84</ele></trkpt>
      <trkpt lat="44.265141" lon="9.439986"><ele>92</ele></trkpt>
      <trkpt lat="44.264930" lon="9.440391"><ele>92</ele></trkpt>
      <trkpt lat="44.264811" lon="9.440563"><ele>93</ele></trkpt>
      <trkpt lat="44.264329" lon="9.440955"><ele>97</ele></trkpt>
      <trkpt lat="44.264023" lon="9.441102"><ele>98</ele></trkpt>
      <trkpt lat="44.263956" lon="9.441152"><ele>99</ele></trkpt>
      <trkpt lat="44.263895" lon="9.441237"><ele>99</ele></trkpt>
      <trkpt lat="44.263752" lon="9.441514"><ele>102</ele></trkpt>
      <trkpt lat="44.263444" lon="9.441674"><ele>106</ele></trkpt>
      <trkpt lat="44.263346" lon="9.441753"><ele>107</ele></trkpt>
      <trkpt lat="44.263268" lon="9.441914"><ele>107</ele></trkpt>
      <trkpt lat="44.263210" lon="9.442290"><ele>107</ele></trkpt>
      <trkpt lat="44.263153" lon="9.442421"><ele>108</ele></trkpt>
      <trkpt lat="44.262929" lon="9.442777"><ele>112</ele></trkpt>
      <trkpt lat="44.262851" lon="9.442866"><ele>113</ele></trkpt>
      <trkpt lat="44.262553" lon="9.442892"><ele>113</ele></trkpt>
      <trkpt lat="44.262430" lon="9.442922"><ele>113</ele></trkpt>
      <trkpt lat="44.262354" lon="9.442993"><ele>113</ele></trkpt>
      <trkpt lat="44.262298" lon="9.443107"><ele>115</ele></trkpt>
      <trkpt lat="44.262139" lon="9.443707"><ele>119</ele></trkpt>
      <trkpt lat="44.262068" lon="9.443909"><ele>118</ele></trkpt>
      <trkpt lat="44.261973" lon="9.444075"><ele>118</ele></trkpt>
      <trkpt lat="44.261924" lon="9.444112"><ele>118</ele></trkpt>
      <trkpt lat="44.261845" lon="9.444130"><ele>118</ele></trkpt>
      <trkpt lat="44.261635" lon="9.444063"><ele>118</ele></trkpt>
      <trkpt lat="44.261508" lon="9.444067"><ele>119</ele></trkpt>
      <trkpt lat="44.261406" lon="9.444123"><ele>120</ele></trkpt>
      <trkpt lat="44.261291" lon="9.444233"><ele>122</ele></trkpt>
      <trkpt lat="44.261196" lon="9.444402"><ele>135</ele></trkpt>
      <trkpt lat="44.261092" lon="9.444797"><ele>140</ele></trkpt>
      <trkpt lat="44.261044" lon="9.444852"><ele>140</ele></trkpt>
      <trkpt lat="44.260970" lon="9.444878"><ele>140</ele></trkpt>
      <trkpt lat="44.260864" lon="9.444869"><ele>140</ele></trkpt>
      <trkpt lat="44.260444" lon="9.444797"><ele>141</ele></trkpt>
      <trkpt lat="44.260298" lon="9.444827"><ele>142</ele></trkpt>
      <trkpt lat="44.260205" lon="9.444916"><ele>143</ele></trkpt>
      <trkpt lat="44.260113" lon="9.445101"><ele>143</ele></trkpt>
      <trkpt lat="44.260067" lon="9.445368"><ele>143</ele></trkpt>
      <trkpt lat="44.260119" lon="9.445670"><ele>144</ele></trkpt>
      <trkpt lat="44.260183" lon="9.445840"><ele>144</ele></trkpt>
      <trkpt lat="44.260281" lon="9.445980"><ele>143</ele></trkpt>
      <trkpt lat="44.260462" lon="9.446096"><ele>143</ele></trkpt>
      <trkpt lat="44.260637" lon="9.446150"><ele>149</ele></trkpt>
      <trkpt lat="44.260718" lon="9.446150"><ele>161</ele></trkpt>
      <trkpt lat="44.260868" lon="9.446062"><ele>163</ele></trkpt>
      <trkpt lat="44.261485" lon="9.445604"><ele>161</ele></trkpt>
      <trkpt lat="44.261707" lon="9.445472"><ele>161</ele></trkpt>
      <trkpt lat="44.261903" lon="9.445504"><ele>160</ele></trkpt>
      <trkpt lat="44.261975" lon="9.445564"><ele>163</ele></trkpt>
      <trkpt lat="44.262075" lon="9.445665"><ele>170</ele></trkpt>
      <trkpt lat="44.262560" lon="9.446303"><ele>169</ele></trkpt>
      <trkpt lat="44.262714" lon="9.446370"><ele>169</ele></trkpt>
      <trkpt lat="44.263401" lon="9.446498"><ele>168</ele></trkpt>
      <trkpt lat="44.263487" lon="9.446559"><ele>167</ele></trkpt>
      <trkpt lat="44.263512" lon="9.446642"><ele>177</ele></trkpt>
      <trkpt lat="44.263497" lon="9.446748"><ele>179</ele></trkpt>
      <trkpt lat="44.263444" lon="9.446828"><ele>178</ele></trkpt>
      <trkpt lat="44.263373" lon="9.446874"><ele>183</ele></trkpt>
      <trkpt lat="44.263135" lon="9.446969"><ele>191</ele></trkpt>
      <trkpt lat="44.262757" lon="9.446995"><ele>194</ele></trkpt>
      <trkpt lat="44.262607" lon="9.447066"><ele>195</ele></trkpt>
      <trkpt lat="44.262352" lon="9.447274"><ele>195</ele></trkpt>
      <trkpt lat="44.262025" lon="9.447418"><ele>195</ele></trkpt>
      <trkpt lat="44.261948" lon="9.447487"><ele>196</ele></trkpt>
      <trkpt lat="44.261849" lon="9.447628"><ele>196</ele></trkpt>
      <trkpt lat="44.261770" lon="9.447861"><ele>196</ele></trkpt>
      <trkpt lat="44.261718" lon="9.448098"><ele>196</ele></trkpt>
      <trkpt lat="44.261648" lon="9.449032"><ele>202</ele></trkpt>
      <trkpt lat="44.261530" lon="9.449527"><ele>209</ele></trkpt>
      <trkpt lat="44.261393" lon="9.449983"><ele>213</ele></trkpt>
      <trkpt lat="44.261353" lon="9.450206"><ele>217</ele></trkpt>
      <trkpt lat="44.261353" lon="9.450599"><ele>218</ele></trkpt>
      <trkpt lat="44.261324" lon="9.450796"><ele>220</ele></trkpt>
      <trkpt lat="44.261271" lon="9.450896"><ele>221</ele></trkpt>
      <trkpt lat="44.261171" lon="9.451000"><ele>222</ele></trkpt>
      <trkpt lat="44.260678" lon="9.451399"><ele>238</ele></trkpt>
      <trkpt lat="44.260585" lon="9.451522"><ele>240</ele></trkpt>
      <trkpt lat="44.260529" lon="9.451643"><ele>240</ele></trkpt>
      <trkpt lat="44.260388" lon="9.451845"><ele>244</ele></trkpt>
      <trkpt lat="44.260300" lon="9.451936"><ele>246</ele></trkpt>
      <trkpt lat="44.260161" lon="9.452010"><ele>250</ele></trkpt>
      <trkpt lat="44.259986" lon="9.452072"><ele>253</ele></trkpt>
      <trkpt lat="44.259926" lon="9.452123"><ele>252</ele></trkpt>
      <trkpt lat="44.259866" lon="9.452261"><ele>250</ele></trkpt>
      <trkpt lat="44.259854" lon="9.452395"><ele>251</ele></trkpt>
      <trkpt lat="44.259898" lon="9.452696"><ele>250</ele></trkpt>
      <trkpt lat="44.260010" lon="9.453049"><ele>230</ele></trkpt>
      <trkpt lat="44.260105" lon="9.453358"><ele>244</ele></trkpt>
      <trkpt lat="44.260227" lon="9.453846"><ele>253</ele></trkpt>
      <trkpt lat="44.260252" lon="9.454025"><ele>258</ele></trkpt>
      <trkpt lat="44.260251" lon="9.454158"><ele>264</ele></trkpt>
      <trkpt lat="44.260187" lon="9.454441"><ele>268</ele></trkpt>
      <trkpt lat="44.259745" lon="9.455497"><ele>283</ele></trkpt>
      <trkpt lat="44.259718" lon="9.455589"><ele>280</ele></trkpt>
      <trkpt lat="44.259711" lon="9.455765"><ele>279</ele></trkpt>
      <trkpt lat="44.259833" lon="9.456328"><ele>275</ele></trkpt>
      <trkpt lat="44.259757" lon="9.456835"><ele>273</ele></trkpt>
      <trkpt lat="44.259761" lon="9.456946"><ele>271</ele></trkpt>
      <trkpt lat="44.259789" lon="9.457056"><ele>270</ele></trkpt>
      <trkpt lat="44.259906" lon="9.457202"><ele>269</ele></trkpt>
      <trkpt lat="44.260044" lon="9.457340"><ele>266</ele></trkpt>
      <trkpt lat="44.260158" lon="9.457521"><ele>267</ele></trkpt>
      <trkpt lat="44.260178" lon="9.457616"><ele>268</ele></trkpt>
      <trkpt lat="44.260175" lon="9.457720"><ele>268</ele></trkpt>
      <trkpt lat="44.260149" lon="9.457825"><ele>253</ele></trkpt>
      <trkpt lat="44.260075" lon="9.457928"><ele>275</ele></trkpt>
      <trkpt lat="44.259730" lon="9.458104"><ele>274</ele></trkpt>
      <trkpt lat="44.259637" lon="9.458230"><ele>274</ele></trkpt>
      <trkpt lat="44.259579" lon="9.458372"><ele>275</ele></trkpt>
      <trkpt lat="44.259548" lon="9.458531"><ele>274</ele></trkpt>
      <trkpt lat="44.259594" lon="9.459262"><ele>274</ele></trkpt>
      <trkpt lat="44.259530" lon="9.459404"><ele>275</ele></trkpt>
      <trkpt lat="44.259426" lon="9.459469"><ele>278</ele></trkpt>
      <trkpt lat="44.259282" lon="9.459483"><ele>278</ele></trkpt>
      <trkpt lat="44.258728" lon="9.459449"><ele>279</ele></trkpt>
      <trkpt lat="44.258662" lon="9.459507"><ele>278</ele></trkpt>
      <trkpt lat="44.258638" lon="9.459575"><ele>277</ele></trkpt>
      <trkpt lat="44.258514" lon="9.460361"><ele>277</ele></trkpt>
      <trkpt lat="44.258463" lon="9.460753"><ele>277</ele></trkpt>
      <trkpt lat="44.258463" lon="9.460873"><ele>277</ele></trkpt>
      <trkpt lat="44.258580" lon="9.461282"><ele>277</ele></trkpt>
      <trkpt lat="44.258643" lon="9.461978"><ele>280</ele></trkpt>
      <trkpt lat="44.258668" lon="9.462060"><ele>280</ele></trkpt>
      <trkpt lat="44.258714" lon="9.462139"><ele>279</ele></trkpt>
      <trkpt lat="44.258947" lon="9.462309"><ele>276</ele></trkpt>
      <trkpt lat="44.259011" lon="9.462372"><ele>276</ele></trkpt>
      <trkpt lat="44.259050" lon="9.462451"><ele>276</ele></trkpt>
      <trkpt lat="44.259085" lon="9.462585"><ele>276</ele></trkpt>
      <trkpt lat="44.259073" lon="9.462697"><ele>276</ele></trkpt>
      <trkpt lat="44.259028" lon="9.462795"><ele>276</ele></trkpt>
      <trkpt lat="44.258958" lon="9.462878"><ele>276</ele></trkpt>
      <trkpt lat="44.258797" lon="9.463011"><ele>277</ele></trkpt>
      <trkpt lat="44.258518" lon="9.463151"><ele>279</ele></trkpt>
      <trkpt lat="44.258320" lon="9.463205"><ele>282</ele></trkpt>
      <trkpt lat="44.258239" lon="9.463188"><ele>284</ele></trkpt>
      <trkpt lat="44.258157" lon="9.463154"><ele>285</ele></trkpt>
      <trkpt lat="44.257846" lon="9.462784"><ele>285</ele></trkpt>
      <trkpt lat="44.257534" lon="9.462249"><ele>294</ele></trkpt>
      <trkpt lat="44.257479" lon="9.462195"><ele>294</ele></trkpt>
      <trkpt lat="44.257350" lon="9.462127"><ele>294</ele></trkpt>
      <trkpt lat="44.257228" lon="9.462158"><ele>294</ele></trkpt>
      <trkpt lat="44.257150" lon="9.462233"><ele>293</ele></trkpt>
      <trkpt lat="44.257019" lon="9.462538"><ele>291</ele></trkpt>
      <trkpt lat="44.256946" lon="9.462623"><ele>297</ele></trkpt>
      <trkpt lat="44.256841" lon="9.462669"><ele>300</ele></trkpt>
      <trkpt lat="44.256322" lon="9.462513"><ele>304</ele></trkpt>
      <trkpt lat="44.256239" lon="9.462519"><ele>304</ele></trkpt>
      <trkpt lat="44.256172" lon="9.462578"><ele>305</ele></trkpt>
      <trkpt lat="44.255997" lon="9.462839"><ele>305</ele></trkpt>
      <trkpt lat="44.255724" lon="9.463327"><ele>306</ele></trkpt>
      <trkpt lat="44.255716" lon="9.463475"><ele>303</ele></trkpt>
      <trkpt lat="44.255761" lon="9.463660"><ele>302</ele></trkpt>
      <trkpt lat="44.256231" lon="9.464427"><ele>295</ele></trkpt>
      <trkpt lat="44.256465" lon="9.464598"><ele>297</ele></trkpt>
      <trkpt lat="44.256583" lon="9.464795"><ele>297</ele></trkpt>
      <trkpt lat="44.256720" lon="9.465151"><ele>299</ele></trkpt>
      <trkpt lat="44.256736" lon="9.465328"><ele>304</ele></trkpt>
      <trkpt lat="44.256366" lon="9.466307"><ele>308</ele></trkpt>
      <trkpt lat="44.256310" lon="9.466589"><ele>306</ele></trkpt>
      <trkpt lat="44.256291" lon="9.466910"><ele>305</ele></trkpt>
      <trkpt lat="44.256312" lon="9.467081"><ele>305</ele></trkpt>
      <trkpt lat="44.256369" lon="9.467152"><ele>305</ele></trkpt>
      <trkpt lat="44.256535" lon="9.467239"><ele>304</ele></trkpt>
      <trkpt lat="44.256730" lon="9.467417"><ele>303</ele></trkpt>
      <trkpt lat="44.256807" lon="9.467600"><ele>305</ele></trkpt>
      <trkpt lat="44.256883" lon="9.467843"><ele>306</ele></trkpt>
      <trkpt lat="44.256963" lon="9.467927"><ele>307</ele></trkpt>
      <trkpt lat="44.257144" lon="9.468040"><ele>308</ele></trkpt>
      <trkpt lat="44.257228" lon="9.468153"><ele>308</ele></trkpt>
      <trkpt lat="44.257251" lon="9.468348"><ele>310</ele></trkpt>
      <trkpt lat="44.257202" lon="9.468535"><ele>310</ele></trkpt>
      <trkpt lat="44.257064" lon="9.468659"><ele>309</ele></trkpt>
      <trkpt lat="44.256894" lon="9.468922"><ele>309</ele></trkpt>
      <trkpt lat="44.256800" lon="9.469181"><ele>309</ele></trkpt>
      <trkpt lat="44.256694" lon="9.469395"><ele>309</ele></trkpt>
      <trkpt lat="44.256685" lon="9.469490"><ele>309</ele></trkpt>
      <trkpt lat="44.256699" lon="9.469588"><ele>309</ele></trkpt>
      <trkpt lat="44.257086" lon="9.470578"><ele>306</ele></trkpt>
      <trkpt lat="44.257136" lon="9.470642"><ele>304</ele></trkpt>
      <trkpt lat="44.257695" lon="9.471051"><ele>297</ele></trkpt>
      <trkpt lat="44.258036" lon="9.471327"><ele>296</ele></trkpt>
      <trkpt lat="44.258263" lon="9.471615"><ele>294</ele></trkpt>
      <trkpt lat="44.258386" lon="9.471855"><ele>293</ele></trkpt>
      <trkpt lat="44.258498" lon="9.472109"><ele>293</ele></trkpt>
      <trkpt lat="44.258499" lon="9.472283"><ele>288</ele></trkpt>
      <trkpt lat="44.258489" lon="9.472323"><ele>288</ele></trkpt>
      <trkpt lat="44.258461" lon="9.472436"><ele>303</ele></trkpt>
      <trkpt lat="44.258380" lon="9.472578"><ele>306</ele></trkpt>
      <trkpt lat="44.258297" lon="9.472665"><ele>308</ele></trkpt>
      <trkpt lat="44.257584" lon="9.473276"><ele>324</ele></trkpt>
      <trkpt lat="44.257198" lon="9.473566"><ele>329</ele></trkpt>
      <trkpt lat="44.257095" lon="9.473600"><ele>332</ele></trkpt>
      <trkpt lat="44.256974" lon="9.473557"><ele>333</ele></trkpt>
      <trkpt lat="44.256635" lon="9.473277"><ele>338</ele></trkpt>
      <trkpt lat="44.256581" lon="9.473251"><ele>337</ele></trkpt>
      <trkpt lat="44.256524" lon="9.473245"><ele>336</ele></trkpt>
      <trkpt lat="44.256463" lon="9.473266"><ele>335</ele></trkpt>
      <trkpt lat="44.256414" lon="9.473316"><ele>334</ele></trkpt>
      <trkpt lat="44.256385" lon="9.473379"><ele>333</ele></trkpt>
      <trkpt lat="44.256377" lon="9.473450"><ele>331</ele></trkpt>
      <trkpt lat="44.256562" lon="9.474592"><ele>326</ele></trkpt>
      <trkpt lat="44.256598" lon="9.475014"><ele>324</ele></trkpt>
      <trkpt lat="44.256582" lon="9.475113"><ele>324</ele></trkpt>
      <trkpt lat="44.256551" lon="9.475212"><ele>318</ele></trkpt>
      <trkpt lat="44.256500" lon="9.475303"><ele>318</ele></trkpt>
      <trkpt lat="44.256345" lon="9.475405"><ele>317</ele></trkpt>
      <trkpt lat="44.256252" lon="9.475414"><ele>317</ele></trkpt>
      <trkpt lat="44.256026" lon="9.475379"><ele>317</ele></trkpt>
      <trkpt lat="44.255941" lon="9.475385"><ele>316</ele></trkpt>
      <trkpt lat="44.255884" lon="9.475406"><ele>316</ele></trkpt>
      <trkpt lat="44.255840" lon="9.475470"><ele>316</ele></trkpt>
      <trkpt lat="44.255826" lon="9.475596"><ele>316</ele></trkpt>
      <trkpt lat="44.255836" lon="9.476203"><ele>313</ele></trkpt>
      <trkpt lat="44.255811" lon="9.476483"><ele>312</ele></trkpt>
      <trkpt lat="44.255608" lon="9.476859"><ele>310</ele></trkpt>
      <trkpt lat="44.255582" lon="9.476935"><ele>310</ele></trkpt>
      <trkpt lat="44.255536" lon="9.477173"><ele>309</ele></trkpt>
      <trkpt lat="44.255499" lon="9.477520"><ele>307</ele></trkpt>
      <trkpt lat="44.255440" lon="9.477886"><ele>308</ele></trkpt>
      <trkpt lat="44.255381" lon="9.478009"><ele>308</ele></trkpt>
      <trkpt lat="44.255169" lon="9.478229"><ele>301</ele></trkpt>
      <trkpt lat="44.255119" lon="9.478311"><ele>301</ele></trkpt>
      <trkpt lat="44.255110" lon="9.478326"><ele>301</ele></trkpt>
      <trkpt lat="44.255063" lon="9.478441"><ele>292</ele></trkpt>
      <trkpt lat="44.254929" lon="9.479062"><ele>254</ele></trkpt>
      <trkpt lat="44.254870" lon="9.479230"><ele>260</ele></trkpt>
      <trkpt lat="44.254717" lon="9.479537"><ele>259</ele></trkpt>
      <trkpt lat="44.254672" lon="9.479966"><ele>261</ele></trkpt>
      <trkpt lat="44.254638" lon="9.480848"><ele>277</ele></trkpt>
      <trkpt lat="44.254657" lon="9.481016"><ele>278</ele></trkpt>
      <trkpt lat="44.254712" lon="9.481110"><ele>278</ele></trkpt>
      <trkpt lat="44.254847" lon="9.481242"><ele>279</ele></trkpt>
      <trkpt lat="44.255592" lon="9.481754"><ele>283</ele></trkpt>
      <trkpt lat="44.255770" lon="9.482039"><ele>283</ele></trkpt>
      <trkpt lat="44.256127" lon="9.482743"><ele>280</ele></trkpt>
      <trkpt lat="44.256220" lon="9.483335"><ele>278</ele></trkpt>
      <trkpt lat="44.256289" lon="9.483530"><ele>278</ele></trkpt>
      <trkpt lat="44.256535" lon="9.483939"><ele>277</ele></trkpt>
      <trkpt lat="44.256611" lon="9.484128"><ele>277</ele></trkpt>
      <trkpt lat="44.256641" lon="9.484557"><ele>277</ele></trkpt>
      <trkpt lat="44.256641" lon="9.485038"><ele>275</ele></trkpt>
      <trkpt lat="44.256661" lon="9.485455"><ele>282</ele></trkpt>
      <trkpt lat="44.256719" lon="9.485684"><ele>282</ele></trkpt>
      <trkpt lat="44.257270" lon="9.486520"><ele>278</ele></trkpt>
      <trkpt lat="44.257286" lon="9.486600"><ele>276</ele></trkpt>
      <trkpt lat="44.257291" lon="9.486681"><ele>276</ele></trkpt>
      <trkpt lat="44.257096" lon="9.487650"><ele>283</ele></trkpt>
      <trkpt lat="44.257094" lon="9.487856"><ele>284</ele></trkpt>
      <trkpt lat="44.257347" lon="9.488431"><ele>290</ele></trkpt>
      <trkpt lat="44.257518" lon="9.488678"><ele>295</ele></trkpt>
      <trkpt lat="44.257663" lon="9.488940"><ele>294</ele></trkpt>
      <trkpt lat="44.257709" lon="9.489078"><ele>295</ele></trkpt>
      <trkpt lat="44.257725" lon="9.489275"><ele>295</ele></trkpt>
      <trkpt lat="44.257725" lon="9.489713"><ele>299</ele></trkpt>
      <trkpt lat="44.257688" lon="9.490047"><ele>297</ele></trkpt>
      <trkpt lat="44.257461" lon="9.491609"><ele>305</ele></trkpt>
      <trkpt lat="44.257467" lon="9.491824"><ele>307</ele></trkpt>
      <trkpt lat="44.257671" lon="9.492365"><ele>311</ele></trkpt>
      <trkpt lat="44.257769" lon="9.492980"><ele>319</ele></trkpt>
      <trkpt lat="44.257807" lon="9.493309"><ele>319</ele></trkpt>
      <trkpt lat="44.257773" lon="9.493473"><ele>310</ele></trkpt>
      <trkpt lat="44.257562" lon="9.493861"><ele>308</ele></trkpt>
      <trkpt lat="44.257444" lon="9.494168"><ele>306</ele></trkpt>
      <trkpt lat="44.257416" lon="9.494319"><ele>307</ele></trkpt>
      <trkpt lat="44.257485" lon="9.495283"><ele>308</ele></trkpt>
      <trkpt lat="44.257677" lon="9.497262"><ele>334</ele></trkpt>
      <trkpt lat="44.257875" lon="9.497819"><ele>335</ele></trkpt>
      <trkpt lat="44.257894" lon="9.497932"><ele>335</ele></trkpt>
      <trkpt lat="44.257847" lon="9.498250"><ele>336</ele></trkpt>
      <trkpt lat="44.257856" lon="9.498616"><ele>339</ele></trkpt>
      <trkpt lat="44.257833" lon="9.498963"><ele>338</ele></trkpt>
      <trkpt lat="44.257606" lon="9.500144"><ele>341</ele></trkpt>
      <trkpt lat="44.257546" lon="9.500340"><ele>340</ele></trkpt>
      <trkpt lat="44.257331" lon="9.500645"><ele>339</ele></trkpt>
      <trkpt lat="44.257196" lon="9.500952"><ele>344</ele></trkpt>
      <trkpt lat="44.257033" lon="9.501407"><ele>344</ele></trkpt>
      <trkpt lat="44.256954" lon="9.501682"><ele>353</ele></trkpt>
      <trkpt lat="44.256954" lon="9.501758"><ele>359</ele></trkpt>
      <trkpt lat="44.257000" lon="9.501947"><ele>359</ele></trkpt>
      <trkpt lat="44.257180" lon="9.502235"><ele>368</ele></trkpt>
      <trkpt lat="44.257370" lon="9.502484"><ele>371</ele></trkpt>
      <trkpt lat="44.257508" lon="9.502587"><ele>372</ele></trkpt>
      <trkpt lat="44.257717" lon="9.502671"><ele>372</ele></trkpt>
      <trkpt lat="44.257790" lon="9.502723"><ele>372</ele></trkpt>
      <trkpt lat="44.258952" lon="9.503972"><ele>367</ele></trkpt>
      <trkpt lat="44.258988" lon="9.504017"><ele>366</ele></trkpt>
      <trkpt lat="44.259066" lon="9.504259"><ele>365</ele></trkpt>
      <trkpt lat="44.259070" lon="9.504416"><ele>364</ele></trkpt>
      <trkpt lat="44.258871" lon="9.505157"><ele>363</ele></trkpt>
      <trkpt lat="44.258864" lon="9.505297"><ele>363</ele></trkpt>
      <trkpt lat="44.258900" lon="9.505570"><ele>363</ele></trkpt>
      <trkpt lat="44.259108" lon="9.506638"><ele>364</ele></trkpt>
      <trkpt lat="44.259126" lon="9.506907"><ele>367</ele></trkpt>
      <trkpt lat="44.259102" lon="9.507075"><ele>367</ele></trkpt>
      <trkpt lat="44.259032" lon="9.507210"><ele>368</ele></trkpt>
      <trkpt lat="44.258787" lon="9.507366"><ele>369</ele></trkpt>
      <trkpt lat="44.258708" lon="9.507491"><ele>370</ele></trkpt>
      <trkpt lat="44.257936" lon="9.510066"><ele>380</ele></trkpt>
      <trkpt lat="44.257839" lon="9.510409"><ele>388</ele></trkpt>
      <trkpt lat="44.257809" lon="9.510596"><ele>387</ele></trkpt>
      <trkpt lat="44.257777" lon="9.510912"><ele>388</ele></trkpt>
      <trkpt lat="44.257760" lon="9.511629"><ele>388</ele></trkpt>
      <trkpt lat="44.257733" lon="9.511795"><ele>388</ele></trkpt>
      <trkpt lat="44.257617" lon="9.512051"><ele>388</ele></trkpt>
      <trkpt lat="44.257452" lon="9.512311"><ele>388</ele></trkpt>
      <trkpt lat="44.257146" lon="9.512542"><ele>389</ele></trkpt>
      <trkpt lat="44.257020" lon="9.512679"><ele>389</ele></trkpt>
      <trkpt lat="44.256924" lon="9.512787"><ele>389</ele></trkpt>
      <trkpt lat="44.256891" lon="9.512933"><ele>389</ele></trkpt>
      <trkpt lat="44.256904" lon="9.513064"><ele>390</ele></trkpt>
      <trkpt lat="44.257141" lon="9.513658"><ele>390</ele></trkpt>
      <trkpt lat="44.257273" lon="9.514263"><ele>390</ele></trkpt>
      <trkpt lat="44.257375" lon="9.514389"><ele>390</ele></trkpt>
      <trkpt lat="44.257703" lon="9.514625"><ele>415</ele></trkpt>
      <trkpt lat="44.257817" lon="9.514741"><ele>414</ele></trkpt>
      <trkpt lat="44.257925" lon="9.514978"><ele>412</ele></trkpt>
      <trkpt lat="44.257988" lon="9.515237"><ele>410</ele></trkpt>
      <trkpt lat="44.258029" lon="9.515502"><ele>414</ele></trkpt>
      <trkpt lat="44.258029" lon="9.515842"><ele>412</ele></trkpt>
      <trkpt lat="44.257963" lon="9.516572"><ele>410</ele></trkpt>
      <trkpt lat="44.257845" lon="9.517587"><ele>420</ele></trkpt>
      <trkpt lat="44.257761" lon="9.518311"><ele>421</ele></trkpt>
      <trkpt lat="44.257407" lon="9.519746"><ele>420</ele></trkpt>
      <trkpt lat="44.257350" lon="9.520150"><ele>424</ele></trkpt>
      <trkpt lat="44.257313" lon="9.520723"><ele>438</ele></trkpt>
      <trkpt lat="44.257345" lon="9.521401"><ele>443</ele></trkpt>
      <trkpt lat="44.257291" lon="9.521636"><ele>444</ele></trkpt>
      <trkpt lat="44.256967" lon="9.522148"><ele>447</ele></trkpt>
      <trkpt lat="44.256856" lon="9.522296"><ele>447</ele></trkpt>
      <trkpt lat="44.256829" lon="9.522489"><ele>448</ele></trkpt>
      <trkpt lat="44.256745" lon="9.522696"><ele>449</ele></trkpt>
      <trkpt lat="44.256532" lon="9.523482"><ele>453</ele></trkpt>
      <trkpt lat="44.256484" lon="9.523834"><ele>456</ele></trkpt>
      <trkpt lat="44.256503" lon="9.524117"><ele>457</ele></trkpt>
      <trkpt lat="44.256497" lon="9.524376"><ele>460</ele></trkpt>
      <trkpt lat="44.256428" lon="9.524569"><ele>460</ele></trkpt>
      <trkpt lat="44.256303" lon="9.524757"><ele>460</ele></trkpt>
      <trkpt lat="44.256112" lon="9.524951"><ele>460</ele></trkpt>
      <trkpt lat="44.255965" lon="9.525242"><ele>464</ele></trkpt>
      <trkpt lat="44.255822" lon="9.525579"><ele>467</ele></trkpt>
      <trkpt lat="44.255754" lon="9.525869"><ele>472</ele></trkpt>
      <trkpt lat="44.255699" lon="9.526872"><ele>482</ele></trkpt>
      <trkpt lat="44.255635" lon="9.527161"><ele>484</ele></trkpt>
      <trkpt lat="44.255523" lon="9.527306"><ele>486</ele></trkpt>
      <trkpt lat="44.255079" lon="9.527721"><ele>490</ele></trkpt>
      <trkpt lat="44.254504" lon="9.528517"><ele>508</ele></trkpt>
      <trkpt lat="44.254265" lon="9.528736"><ele>516</ele></trkpt>
      <trkpt lat="44.254023" lon="9.529168"><ele>523</ele></trkpt>
      <trkpt lat="44.253694" lon="9.529586"><ele>528</ele></trkpt>
      <trkpt lat="44.253551" lon="9.529633"><ele>529</ele></trkpt>
      <trkpt lat="44.253430" lon="9.529620"><ele>537</ele></trkpt>
      <trkpt lat="44.253272" lon="9.529569"><ele>539</ele></trkpt>
      <trkpt lat="44.252431" lon="9.528964"><ele>543</ele></trkpt>
      <trkpt lat="44.252356" lon="9.528919"><ele>544</ele></trkpt>
      <trkpt lat="44.252286" lon="9.528955"><ele>545</ele></trkpt>
      <trkpt lat="44.252255" lon="9.529035"><ele>545</ele></trkpt>
      <trkpt lat="44.252269" lon="9.529128"><ele>544</ele></trkpt>
      <trkpt lat="44.252326" lon="9.529209"><ele>544</ele></trkpt>
      <trkpt lat="44.253283" lon="9.530188"><ele>558</ele></trkpt>
      <trkpt lat="44.253557" lon="9.530473"><ele>575</ele></trkpt>
      <trkpt lat="44.253613" lon="9.530597"><ele>578</ele></trkpt>
      <trkpt lat="44.253741" lon="9.531238"><ele>578</ele></trkpt>
      <trkpt lat="44.253723" lon="9.531447"><ele>578</ele></trkpt>
      <trkpt lat="44.253587" lon="9.531628"><ele>579</ele></trkpt>
      <trkpt lat="44.253287" lon="9.531903"><ele>580</ele></trkpt>
      <trkpt lat="44.253201" lon="9.532071"><ele>579</ele></trkpt>
      <trkpt lat="44.253222" lon="9.532172"><ele>577</ele></trkpt>
      <trkpt lat="44.253609" lon="9.532910"><ele>576</ele></trkpt>
      <trkpt lat="44.253665" lon="9.533098"><ele>577</ele></trkpt>
      <trkpt lat="44.253665" lon="9.533285"><ele>577</ele></trkpt>
      <trkpt lat="44.253631" lon="9.533477"><ele>577</ele></trkpt>
      <trkpt lat="44.253626" lon="9.533665"><ele>577</ele></trkpt>
      <trkpt lat="44.253682" lon="9.533857"><ele>577</ele></trkpt>
      <trkpt lat="44.253798" lon="9.534104"><ele>577</ele></trkpt>
      <trkpt lat="44.253826" lon="9.534215"><ele>577</ele></trkpt>
      <trkpt lat="44.253818" lon="9.534302"><ele>577</ele></trkpt>
      <trkpt lat="44.253782" lon="9.534405"><ele>577</ele></trkpt>
      <trkpt lat="44.253553" lon="9.534988"><ele>576</ele></trkpt>
      <trkpt lat="44.253493" lon="9.535281"><ele>576</ele></trkpt>
      <trkpt lat="44.253486" lon="9.535530"><ele>570</ele></trkpt>
      <trkpt lat="44.253503" lon="9.535735"><ele>570</ele></trkpt>
      <trkpt lat="44.253509" lon="9.536057"><ele>565</ele></trkpt>
      <trkpt lat="44.253495" lon="9.536363"><ele>562</ele></trkpt>
      <trkpt lat="44.253429" lon="9.536908"><ele>556</ele></trkpt>
      <trkpt lat="44.253357" lon="9.537475"><ele>551</ele></trkpt>
      <trkpt lat="44.253369" lon="9.537639"><ele>551</ele></trkpt>
      <trkpt lat="44.253424" lon="9.537789"><ele>549</ele></trkpt>
      <trkpt lat="44.253535" lon="9.537941"><ele>547</ele></trkpt>
      <trkpt lat="44.253683" lon="9.538090"><ele>546</ele></trkpt>
      <trkpt lat="44.253780" lon="9.538243"><ele>547</ele></trkpt>
      <trkpt lat="44.253846" lon="9.538628"><ele>548</ele></trkpt>
      <trkpt lat="44.253953" lon="9.539030"><ele>546</ele></trkpt>
      <trkpt lat="44.254113" lon="9.539384"><ele>543</ele></trkpt>
      <trkpt lat="44.254153" lon="9.539515"><ele>544</ele></trkpt>
      <trkpt lat="44.254201" lon="9.539834"><ele>545</ele></trkpt>
      <trkpt lat="44.254196" lon="9.540274"><ele>541</ele></trkpt>
      <trkpt lat="44.254142" lon="9.540836"><ele>536</ele></trkpt>
      <trkpt lat="44.254061" lon="9.541118"><ele>538</ele></trkpt>
      <trkpt lat="44.253786" lon="9.541707"><ele>539</ele></trkpt>
      <trkpt lat="44.253666" lon="9.542100"><ele>538</ele></trkpt>
      <trkpt lat="44.253639" lon="9.542327"><ele>538</ele></trkpt>
      <trkpt lat="44.253637" lon="9.542477"><ele>538</ele></trkpt>
      <trkpt lat="44.253655" lon="9.542641"><ele>539</ele></trkpt>
      <trkpt lat="44.253784" lon="9.542979"><ele>541</ele></trkpt>
      <trkpt lat="44.253976" lon="9.543197"><ele>541</ele></trkpt>
      <trkpt lat="44.254064" lon="9.543322"><ele>541</ele></trkpt>
      <trkpt lat="44.254099" lon="9.543452"><ele>542</ele></trkpt>
      <trkpt lat="44.254144" lon="9.544108"><ele>547</ele></trkpt>
      <trkpt lat="44.254221" lon="9.544636"><ele>552</ele></trkpt>
      <trkpt lat="44.254399" lon="9.545267"><ele>559</ele></trkpt>
      <trkpt lat="44.254462" lon="9.545544"><ele>559</ele></trkpt>
      <trkpt lat="44.254455" lon="9.546267"><ele>555</ele></trkpt>
      <trkpt lat="44.254402" lon="9.546522"><ele>553</ele></trkpt>
      <trkpt lat="44.254308" lon="9.546800"><ele>549</ele></trkpt>
      <trkpt lat="44.254201" lon="9.547048"><ele>547</ele></trkpt>
      <trkpt lat="44.253991" lon="9.547297"><ele>547</ele></trkpt>
      <trkpt lat="44.253916" lon="9.547422"><ele>546</ele></trkpt>
      <trkpt lat="44.253876" lon="9.547561"><ele>547</ele></trkpt>
      <trkpt lat="44.253870" lon="9.548001"><ele>548</ele></trkpt>
      <trkpt lat="44.253899" lon="9.548336"><ele>549</ele></trkpt>
      <trkpt lat="44.253976" lon="9.548560"><ele>551</ele></trkpt>
      <trkpt lat="44.254649" lon="9.549317"><ele>554</ele></trkpt>
      <trkpt lat="44.254799" lon="9.549391"><ele>563</ele></trkpt>
      <trkpt lat="44.255192" lon="9.549576"><ele>575</ele></trkpt>
      <trkpt lat="44.255289" lon="9.549709"><ele>574</ele></trkpt>
      <trkpt lat="44.255319" lon="9.549849"><ele>572</ele></trkpt>
      <trkpt lat="44.255352" lon="9.550395"><ele>570</ele></trkpt>
      <trkpt lat="44.255339" lon="9.550519"><ele>565</ele></trkpt>
      <trkpt lat="44.255295" lon="9.550759"><ele>565</ele></trkpt>
      <trkpt lat="44.255155" lon="9.551107"><ele>566</ele></trkpt>
      <trkpt lat="44.254608" lon="9.551983"><ele>564</ele></trkpt>
      <trkpt lat="44.254276" lon="9.552575"><ele>565</ele></trkpt>
      <trkpt lat="44.254184" lon="9.552858"><ele>562</ele></trkpt>
      <trkpt lat="44.254049" lon="9.553622"><ele>564</ele></trkpt>
      <trkpt lat="44.253794" lon="9.555546"><ele>568</ele></trkpt>
      <trkpt lat="44.253658" lon="9.556633"><ele>583</ele></trkpt>
      <trkpt lat="44.253598" lon="9.556813"><ele>587</ele></trkpt>
      <trkpt lat="44.253427" lon="9.557114"><ele>590</ele></trkpt>
      <trkpt lat="44.253358" lon="9.557282"><ele>590</ele></trkpt>
      <trkpt lat="44.253278" lon="9.557675"><ele>596</ele></trkpt>
      <trkpt lat="44.253194" lon="9.557879"><ele>597</ele></trkpt>
      <trkpt lat="44.252967" lon="9.558257"><ele>599</ele></trkpt>
      <trkpt lat="44.252854" lon="9.558349"><ele>600</ele></trkpt>
      <trkpt lat="44.252741" lon="9.558365"><ele>600</ele></trkpt>
      <trkpt lat="44.252390" lon="9.558300"><ele>599</ele></trkpt>
      <trkpt lat="44.252303" lon="9.558327"><ele>599</ele></trkpt>
      <trkpt lat="44.252192" lon="9.558444"><ele>598</ele></trkpt>
      <trkpt lat="44.252167" lon="9.558564"><ele>595</ele></trkpt>
      <trkpt lat="44.252161" lon="9.558710"><ele>594</ele></trkpt>
      <trkpt lat="44.252181" lon="9.558892"><ele>593</ele></trkpt>
      <trkpt lat="44.252378" lon="9.560185"><ele>586</ele></trkpt>
      <trkpt lat="44.252380" lon="9.560280"><ele>586</ele></trkpt>
      <trkpt lat="44.252358" lon="9.560420"><ele>586</ele></trkpt>
      <trkpt lat="44.252260" lon="9.560798"><ele>586</ele></trkpt>
      <trkpt lat="44.252192" lon="9.561000"><ele>586</ele></trkpt>
      <trkpt lat="44.252112" lon="9.561167"><ele>587</ele></trkpt>
      <trkpt lat="44.252004" lon="9.561328"><ele>587</ele></trkpt>
      <trkpt lat="44.251924" lon="9.561551"><ele>587</ele></trkpt>
      <trkpt lat="44.251913" lon="9.561638"><ele>587</ele></trkpt>
      <trkpt lat="44.251909" lon="9.561733"><ele>588</ele></trkpt>
      <trkpt lat="44.251945" lon="9.561885"><ele>587</ele></trkpt>
      <trkpt lat="44.252096" lon="9.562193"><ele>587</ele></trkpt>
      <trkpt lat="44.252124" lon="9.562338"><ele>587</ele></trkpt>
      <trkpt lat="44.252131" lon="9.562473"><ele>587</ele></trkpt>
      <trkpt lat="44.252057" lon="9.563244"><ele>587</ele></trkpt>
      <trkpt lat="44.251915" lon="9.564036"><ele>587</ele></trkpt>
      <trkpt lat="44.251922" lon="9.564205"><ele>587</ele></trkpt>
      <trkpt lat="44.252127" lon="9.564955"><ele>584</ele></trkpt>
      <trkpt lat="44.252148" lon="9.565094"><ele>582</ele></trkpt>
      <trkpt lat="44.252082" lon="9.565647"><ele>582</ele></trkpt>
      <trkpt lat="44.251989" lon="9.566153"><ele>581</ele></trkpt>
      <trkpt lat="44.251947" lon="9.566238"><ele>579</ele></trkpt>
      <trkpt lat="44.251881" lon="9.566322"><ele>576</ele></trkpt>
      <trkpt lat="44.251463" lon="9.566457"><ele>583</ele></trkpt>
      <trkpt lat="44.251356" lon="9.566600"><ele>587</ele></trkpt>
      <trkpt lat="44.251220" lon="9.567068"><ele>589</ele></trkpt>
      <trkpt lat="44.250948" lon="9.567842"><ele>599</ele></trkpt>
      <trkpt lat="44.250890" lon="9.567928"><ele>598</ele></trkpt>
      <trkpt lat="44.250813" lon="9.567981"><ele>599</ele></trkpt>
      <trkpt lat="44.250725" lon="9.567982"><ele>599</ele></trkpt>
      <trkpt lat="44.250638" lon="9.567954"><ele>600</ele></trkpt>
      <trkpt lat="44.250274" lon="9.567702"><ele>599</ele></trkpt>
      <trkpt lat="44.249896" lon="9.567564"><ele>600</ele></trkpt>
      <trkpt lat="44.249758" lon="9.567587"><ele>600</ele></trkpt>
      <trkpt lat="44.249687" lon="9.567671"><ele>600</ele></trkpt>
      <trkpt lat="44.249626" lon="9.567791"><ele>599</ele></trkpt>
      <trkpt lat="44.249602" lon="9.567897"><ele>599</ele></trkpt>
      <trkpt lat="44.249598" lon="9.568007"><ele>599</ele></trkpt>
      <trkpt lat="44.249629" lon="9.568355"><ele>598</ele></trkpt>
      <trkpt lat="44.249667" lon="9.569156"><ele>599</ele></trkpt>
      <trkpt lat="44.249667" lon="9.569275"><ele>599</ele></trkpt>
      <trkpt lat="44.249648" lon="9.569363"><ele>599</ele></trkpt>
      <trkpt lat="44.249567" lon="9.569570"><ele>599</ele></trkpt>
      <trkpt lat="44.249284" lon="9.570179"><ele>596</ele></trkpt>
      <trkpt lat="44.248946" lon="9.570857"><ele>589</ele></trkpt>
      <trkpt lat="44.248657" lon="9.571200"><ele>588</ele></trkpt>
      <trkpt lat="44.248389" lon="9.571484"><ele>588</ele></trkpt>
      <trkpt lat="44.248341" lon="9.571589"><ele>588</ele></trkpt>
      <trkpt lat="44.248319" lon="9.571715"><ele>589</ele></trkpt>
      <trkpt lat="44.248288" lon="9.572187"><ele>591</ele></trkpt>
      <trkpt lat="44.248310" lon="9.572317"><ele>593</ele></trkpt>
      <trkpt lat="44.248359" lon="9.572434"><ele>595</ele></trkpt>
      <trkpt lat="44.248456" lon="9.572572"><ele>594</ele></trkpt>
      <trkpt lat="44.248580" lon="9.572660"><ele>594</ele></trkpt>
      <trkpt lat="44.248708" lon="9.572797"><ele>593</ele></trkpt>
      <trkpt lat="44.248877" lon="9.573132"><ele>593</ele></trkpt>
      <trkpt lat="44.248951" lon="9.573347"><ele>592</ele></trkpt>
      <trkpt lat="44.248959" lon="9.573405"><ele>591</ele></trkpt>
      <trkpt lat="44.248946" lon="9.573504"><ele>591</ele></trkpt>
      <trkpt lat="44.248872" lon="9.573834"><ele>591</ele></trkpt>
      <trkpt lat="44.248780" lon="9.574157"><ele>590</ele></trkpt>
      <trkpt lat="44.248741" lon="9.574229"><ele>591</ele></trkpt>
      <trkpt lat="44.248116" lon="9.574865"><ele>582</ele></trkpt>
      <trkpt lat="44.247274" lon="9.575649"><ele>585</ele></trkpt>
      <trkpt lat="44.247213" lon="9.575760"><ele>587</ele></trkpt>
      <trkpt lat="44.247152" lon="9.575929"><ele>589</ele></trkpt>
      <trkpt lat="44.247022" lon="9.576479"><ele>590</ele></trkpt>
      <trkpt lat="44.246823" lon="9.577020"><ele>590</ele></trkpt>
      <trkpt lat="44.246722" lon="9.577135"><ele>588</ele></trkpt>
      <trkpt lat="44.246585" lon="9.577203"><ele>587</ele></trkpt>
      <trkpt lat="44.245787" lon="9.577275"><ele>575</ele></trkpt>
      <trkpt lat="44.245570" lon="9.577298"><ele>568</ele></trkpt>
      <trkpt lat="44.245433" lon="9.577375"><ele>566</ele></trkpt>
      <trkpt lat="44.245103" lon="9.577595"><ele>565</ele></trkpt>
      <trkpt lat="44.244819" lon="9.577878"><ele>563</ele></trkpt>
      <trkpt lat="44.244743" lon="9.577994"><ele>563</ele></trkpt>
      <trkpt lat="44.244704" lon="9.578135"><ele>564</ele></trkpt>
      <trkpt lat="44.244622" lon="9.578900"><ele>564</ele></trkpt>
      <trkpt lat="44.244593" lon="9.578987"><ele>564</ele></trkpt>
      <trkpt lat="44.244422" lon="9.579215"><ele>578</ele></trkpt>
      <trkpt lat="44.244288" lon="9.579402"><ele>585</ele></trkpt>
      <trkpt lat="44.244219" lon="9.579600"><ele>586</ele></trkpt>
      <trkpt lat="44.244193" lon="9.579740"><ele>587</ele></trkpt>
      <trkpt lat="44.244212" lon="9.579897"><ele>587</ele></trkpt>
      <trkpt lat="44.244256" lon="9.580071"><ele>589</ele></trkpt>
      <trkpt lat="44.244569" lon="9.580906"><ele>592</ele></trkpt>
      <trkpt lat="44.244732" lon="9.581340"><ele>592</ele></trkpt>
      <trkpt lat="44.244854" lon="9.581675"><ele>592</ele></trkpt>
      <trkpt lat="44.245151" lon="9.582440"><ele>591</ele></trkpt>
      <trkpt lat="44.245317" lon="9.582738"><ele>591</ele></trkpt>
      <trkpt lat="44.245415" lon="9.582854"><ele>591</ele></trkpt>
      <trkpt lat="44.245620" lon="9.583020"><ele>589</ele></trkpt>
      <trkpt lat="44.245804" lon="9.583156"><ele>590</ele></trkpt>
      <trkpt lat="44.245872" lon="9.583231"><ele>591</ele></trkpt>
      <trkpt lat="44.245998" lon="9.583492"><ele>590</ele></trkpt>
      <trkpt lat="44.246089" lon="9.583618"><ele>590</ele></trkpt>
      <trkpt lat="44.246162" lon="9.583677"><ele>590</ele></trkpt>
      <trkpt lat="44.246231" lon="9.583707"><ele>590</ele></trkpt>
      <trkpt lat="44.246337" lon="9.583706"><ele>590</ele></trkpt>
      <trkpt lat="44.246552" lon="9.583662"><ele>590</ele></trkpt>
      <trkpt lat="44.246702" lon="9.583687"><ele>590</ele></trkpt>
      <trkpt lat="44.246822" lon="9.583800"><ele>590</ele></trkpt>
      <trkpt lat="44.246875" lon="9.583890"><ele>590</ele></trkpt>
      <trkpt lat="44.246924" lon="9.584045"><ele>590</ele></trkpt>
      <trkpt lat="44.247253" lon="9.585528"><ele>587</ele></trkpt>
      <trkpt lat="44.247283" lon="9.585587"><ele>586</ele></trkpt>
      <trkpt lat="44.247515" lon="9.585865"><ele>585</ele></trkpt>
      <trkpt lat="44.247570" lon="9.586014"><ele>585</ele></trkpt>
      <trkpt lat="44.247580" lon="9.586219"><ele>585</ele></trkpt>
      <trkpt lat="44.247536" lon="9.586647"><ele>585</ele></trkpt>
      <trkpt lat="44.247551" lon="9.586788"><ele>585</ele></trkpt>
      <trkpt lat="44.247587" lon="9.586923"><ele>585</ele></trkpt>
      <trkpt lat="44.247629" lon="9.587011"><ele>585</ele></trkpt>
      <trkpt lat="44.247844" lon="9.587378"><ele>585</ele></trkpt>
      <trkpt lat="44.247867" lon="9.587549"><ele>585</ele></trkpt>
      <trkpt lat="44.247827" lon="9.587685"><ele>584</ele></trkpt>
      <trkpt lat="44.247340" lon="9.588379"><ele>581</ele></trkpt>
      <trkpt lat="44.247273" lon="9.588552"><ele>578</ele></trkpt>
      <trkpt lat="44.247223" lon="9.588853"><ele>559</ele></trkpt>
      <trkpt lat="44.247189" lon="9.589230"><ele>556</ele></trkpt>
      <trkpt lat="44.247196" lon="9.589322"><ele>556</ele></trkpt>
      <trkpt lat="44.247260" lon="9.589520"><ele>556</ele></trkpt>
      <trkpt lat="44.247428" lon="9.589853"><ele>556</ele></trkpt>
      <trkpt lat="44.247462" lon="9.589990"><ele>556</ele></trkpt>
      <trkpt lat="44.247457" lon="9.590177"><ele>555</ele></trkpt>
      <trkpt lat="44.247417" lon="9.590308"><ele>555</ele></trkpt>
      <trkpt lat="44.247391" lon="9.590473"><ele>555</ele></trkpt>
      <trkpt lat="44.247400" lon="9.590558"><ele>554</ele></trkpt>
      <trkpt lat="44.247476" lon="9.590758"><ele>554</ele></trkpt>
      <trkpt lat="44.247871" lon="9.591406"><ele>556</ele></trkpt>
      <trkpt lat="44.247920" lon="9.591523"><ele>557</ele></trkpt>
      <trkpt lat="44.247941" lon="9.591721"><ele>557</ele></trkpt>
      <trkpt lat="44.247938" lon="9.591805"><ele>556</ele></trkpt>
      <trkpt lat="44.247900" lon="9.591937"><ele>556</ele></trkpt>
      <trkpt lat="44.247398" lon="9.592889"><ele>554</ele></trkpt>
      <trkpt lat="44.247301" lon="9.593134"><ele>549</ele></trkpt>
      <trkpt lat="44.247290" lon="9.593284"><ele>544</ele></trkpt>
      <trkpt lat="44.247305" lon="9.593438"><ele>542</ele></trkpt>
      <trkpt lat="44.247536" lon="9.594035"><ele>544</ele></trkpt>
      <trkpt lat="44.247557" lon="9.594182"><ele>546</ele></trkpt>
      <trkpt lat="44.247544" lon="9.594373"><ele>548</ele></trkpt>
      <trkpt lat="44.247370" lon="9.595540"><ele>554</ele></trkpt>
      <trkpt lat="44.247365" lon="9.595722"><ele>551</ele></trkpt>
      <trkpt lat="44.247420" lon="9.595897"><ele>549</ele></trkpt>
      <trkpt lat="44.247526" lon="9.596056"><ele>549</ele></trkpt>
      <trkpt lat="44.247661" lon="9.596228"><ele>549</ele></trkpt>
      <trkpt lat="44.247785" lon="9.596348"><ele>549</ele></trkpt>
      <trkpt lat="44.247918" lon="9.596378"><ele>550</ele></trkpt>
      <trkpt lat="44.248307" lon="9.596349"><ele>554</ele></trkpt>
      <trkpt lat="44.248387" lon="9.596392"><ele>556</ele></trkpt>
      <trkpt lat="44.248424" lon="9.596439"><ele>557</ele></trkpt>
      <trkpt lat="44.248462" lon="9.596539"><ele>558</ele></trkpt>
      <trkpt lat="44.248509" lon="9.596845"><ele>563</ele></trkpt>
      <trkpt lat="44.248567" lon="9.597043"><ele>566</ele></trkpt>
      <trkpt lat="44.248665" lon="9.597194"><ele>565</ele></trkpt>
      <trkpt lat="44.248832" lon="9.597378"><ele>564</ele></trkpt>
      <trkpt lat="44.248900" lon="9.597488"><ele>564</ele></trkpt>
      <trkpt lat="44.248948" lon="9.597610"><ele>560</ele></trkpt>
      <trkpt lat="44.249001" lon="9.597877"><ele>558</ele></trkpt>
      <trkpt lat="44.249018" lon="9.599219"><ele>539</ele></trkpt>
      <trkpt lat="44.249046" lon="9.599462"><ele>526</ele></trkpt>
      <trkpt lat="44.249074" lon="9.599559"><ele>533</ele></trkpt>
      <trkpt lat="44.249323" lon="9.600073"><ele>542</ele></trkpt>
      <trkpt lat="44.249693" lon="9.601003"><ele>531</ele></trkpt>
      <trkpt lat="44.249777" lon="9.601175"><ele>530</ele></trkpt>
      <trkpt lat="44.249901" lon="9.601251"><ele>529</ele></trkpt>
      <trkpt lat="44.250096" lon="9.601285"><ele>529</ele></trkpt>
      <trkpt lat="44.250264" lon="9.601395"><ele>530</ele></trkpt>
      <trkpt lat="44.250529" lon="9.601925"><ele>528</ele></trkpt>
      <trkpt lat="44.250776" lon="9.602190"><ele>527</ele></trkpt>
      <trkpt lat="44.250832" lon="9.602304"><ele>527</ele></trkpt>
      <trkpt lat="44.250842" lon="9.602401"><ele>527</ele></trkpt>
      <trkpt lat="44.250820" lon="9.602512"><ele>527</ele></trkpt>
      <trkpt lat="44.250757" lon="9.602615"><ele>527</ele></trkpt>
      <trkpt lat="44.250618" lon="9.602776"><ele>526</ele></trkpt>
      <trkpt lat="44.250579" lon="9.602842"><ele>526</ele></trkpt>
      <trkpt lat="44.250554" lon="9.602934"><ele>525</ele></trkpt>
      <trkpt lat="44.250572" lon="9.603158"><ele>522</ele></trkpt>
      <trkpt lat="44.250691" lon="9.603549"><ele>519</ele></trkpt>
      <trkpt lat="44.250725" lon="9.603781"><ele>517</ele></trkpt>
      <trkpt lat="44.250696" lon="9.603909"><ele>515</ele></trkpt>
      <trkpt lat="44.250649" lon="9.603974"><ele>515</ele></trkpt>
      <trkpt lat="44.250599" lon="9.604024"><ele>514</ele></trkpt>
      <trkpt lat="44.250375" lon="9.604161"><ele>512</ele></trkpt>
      <trkpt lat="44.250198" lon="9.604388"><ele>509</ele></trkpt>
      <trkpt lat="44.249942" lon="9.604763"><ele>508</ele></trkpt>
      <trkpt lat="44.249851" lon="9.605006"><ele>507</ele></trkpt>
      <trkpt lat="44.249833" lon="9.605216"><ele>507</ele></trkpt>
      <trkpt lat="44.249863" lon="9.605431"><ele>508</ele></trkpt>
      <trkpt lat="44.249899" lon="9.605520"><ele>508</ele></trkpt>
      <trkpt lat="44.250101" lon="9.605814"><ele>509</ele></trkpt>
      <trkpt lat="44.250170" lon="9.606025"><ele>510</ele></trkpt>
      <trkpt lat="44.250181" lon="9.606141"><ele>510</ele></trkpt>
      <trkpt lat="44.249837" lon="9.608596"><ele>490</ele></trkpt>
      <trkpt lat="44.249810" lon="9.608707"><ele>489</ele></trkpt>
      <trkpt lat="44.249768" lon="9.608795"><ele>487</ele></trkpt>
      <trkpt lat="44.249447" lon="9.609268"><ele>487</ele></trkpt>
      <trkpt lat="44.249383" lon="9.609429"><ele>487</ele></trkpt>
      <trkpt lat="44.249330" lon="9.609582"><ele>487</ele></trkpt>
      <trkpt lat="44.249229" lon="9.610210"><ele>488</ele></trkpt>
      <trkpt lat="44.248991" lon="9.610898"><ele>486</ele></trkpt>
      <trkpt lat="44.248775" lon="9.611409"><ele>484</ele></trkpt>
      <trkpt lat="44.248604" lon="9.611665"><ele>483</ele></trkpt>
      <trkpt lat="44.248525" lon="9.611748"><ele>484</ele></trkpt>
      <trkpt lat="44.248423" lon="9.611811"><ele>484</ele></trkpt>
      <trkpt lat="44.248299" lon="9.611939"><ele>484</ele></trkpt>
      <trkpt lat="44.248214" lon="9.612100"><ele>483</ele></trkpt>
      <trkpt lat="44.248190" lon="9.612188"><ele>483</ele></trkpt>
      <trkpt lat="44.248189" lon="9.612410"><ele>482</ele></trkpt>
      <trkpt lat="44.248363" lon="9.613184"><ele>484</ele></trkpt>
      <trkpt lat="44.248364" lon="9.613510"><ele>486</ele></trkpt>
      <trkpt lat="44.248262" lon="9.613828"><ele>485</ele></trkpt>
      <trkpt lat="44.248132" lon="9.614055"><ele>486</ele></trkpt>
      <trkpt lat="44.247993" lon="9.614226"><ele>488</ele></trkpt>
      <trkpt lat="44.247739" lon="9.614416"><ele>489</ele></trkpt>
      <trkpt lat="44.247665" lon="9.614495"><ele>489</ele></trkpt>
      <trkpt lat="44.247602" lon="9.614653"><ele>489</ele></trkpt>
      <trkpt lat="44.247457" lon="9.615578"><ele>488</ele></trkpt>
      <trkpt lat="44.247404" lon="9.615718"><ele>486</ele></trkpt>
      <trkpt lat="44.247346" lon="9.615831"><ele>491</ele></trkpt>
      <trkpt lat="44.247197" lon="9.615991"><ele>492</ele></trkpt>
      <trkpt lat="44.247115" lon="9.616031"><ele>492</ele></trkpt>
      <trkpt lat="44.246930" lon="9.616052"><ele>495</ele></trkpt>
      <trkpt lat="44.246797" lon="9.616058"><ele>495</ele></trkpt>
      <trkpt lat="44.246707" lon="9.616101"><ele>495</ele></trkpt>
      <trkpt lat="44.246651" lon="9.616169"><ele>487</ele></trkpt>
      <trkpt lat="44.246582" lon="9.616310"><ele>483</ele></trkpt>
      <trkpt lat="44.246567" lon="9.616490"><ele>483</ele></trkpt>
      <trkpt lat="44.246579" lon="9.616587"><ele>483</ele></trkpt>
      <trkpt lat="44.246613" lon="9.616767"><ele>482</ele></trkpt>
      <trkpt lat="44.246708" lon="9.617082"><ele>484</ele></trkpt>
      <trkpt lat="44.246716" lon="9.617226"><ele>484</ele></trkpt>
      <trkpt lat="44.246640" lon="9.618553"><ele>482</ele></trkpt>
      <trkpt lat="44.246643" lon="9.618810"><ele>480</ele></trkpt>
      <trkpt lat="44.246699" lon="9.618971"><ele>479</ele></trkpt>
      <trkpt lat="44.246854" lon="9.619186"><ele>478</ele></trkpt>
      <trkpt lat="44.246917" lon="9.619319"><ele>481</ele></trkpt>
      <trkpt lat="44.246992" lon="9.619768"><ele>475</ele></trkpt>
      <trkpt lat="44.246995" lon="9.620159"><ele>475</ele></trkpt>
      <trkpt lat="44.246969" lon="9.620815"><ele>475</ele></trkpt>
      <trkpt lat="44.246976" lon="9.621026"><ele>474</ele></trkpt>
      <trkpt lat="44.247009" lon="9.621185"><ele>474</ele></trkpt>
      <trkpt lat="44.247151" lon="9.621529"><ele>469</ele></trkpt>
      <trkpt lat="44.247200" lon="9.621720"><ele>467</ele></trkpt>
      <trkpt lat="44.247221" lon="9.621917"><ele>465</ele></trkpt>
      <trkpt lat="44.247217" lon="9.622084"><ele>464</ele></trkpt>
      <trkpt lat="44.247136" lon="9.622410"><ele>465</ele></trkpt>
      <trkpt lat="44.247011" lon="9.622806"><ele>464</ele></trkpt>
      <trkpt lat="44.246938" lon="9.622973"><ele>463</ele></trkpt>
      <trkpt lat="44.246840" lon="9.623087"><ele>463</ele></trkpt>
      <trkpt lat="44.246494" lon="9.623306"><ele>455</ele></trkpt>
      <trkpt lat="44.246409" lon="9.623346"><ele>456</ele></trkpt>
      <trkpt lat="44.246321" lon="9.623351"><ele>459</ele></trkpt>
      <trkpt lat="44.246090" lon="9.623281"><ele>449</ele></trkpt>
      <trkpt lat="44.245946" lon="9.623267"><ele>448</ele></trkpt>
      <trkpt lat="44.245891" lon="9.623310"><ele>448</ele></trkpt>
      <trkpt lat="44.245862" lon="9.623347"><ele>448</ele></trkpt>
      <trkpt lat="44.245819" lon="9.623467"><ele>447</ele></trkpt>
      <trkpt lat="44.245813" lon="9.623598"><ele>445</ele></trkpt>
      <trkpt lat="44.245847" lon="9.623699"><ele>445</ele></trkpt>
      <trkpt lat="44.245995" lon="9.623865"><ele>447</ele></trkpt>
      <trkpt lat="44.246148" lon="9.624074"><ele>448</ele></trkpt>
      <trkpt lat="44.246259" lon="9.624348"><ele>454</ele></trkpt>
      <trkpt lat="44.246377" lon="9.624717"><ele>445</ele></trkpt>
      <trkpt lat="44.246384" lon="9.624979"><ele>447</ele></trkpt>
      <trkpt lat="44.246369" lon="9.625169"><ele>446</ele></trkpt>
      <trkpt lat="44.246498" lon="9.625767"><ele>444</ele></trkpt>
      <trkpt lat="44.246500" lon="9.625862"><ele>442</ele></trkpt>
      <trkpt lat="44.246464" lon="9.625972"><ele>419</ele></trkpt>
      <trkpt lat="44.246318" lon="9.626314"><ele>426</ele></trkpt>
      <trkpt lat="44.246313" lon="9.626481"><ele>425</ele></trkpt>
      <trkpt lat="44.246329" lon="9.626554"><ele>425</ele></trkpt>
      <trkpt lat="44.246416" lon="9.626688"><ele>425</ele></trkpt>
      <trkpt lat="44.246693" lon="9.626966"><ele>426</ele></trkpt>
      <trkpt lat="44.246754" lon="9.627094"><ele>428</ele></trkpt>
      <trkpt lat="44.246762" lon="9.627173"><ele>429</ele></trkpt>
      <trkpt lat="44.246742" lon="9.627357"><ele>431</ele></trkpt>
      <trkpt lat="44.246673" lon="9.627643"><ele>430</ele></trkpt>
      <trkpt lat="44.246659" lon="9.627819"><ele>427</ele></trkpt>
      <trkpt lat="44.246678" lon="9.628021"><ele>426</ele></trkpt>
      <trkpt lat="44.246779" lon="9.628285"><ele>428</ele></trkpt>
      <trkpt lat="44.246783" lon="9.628443"><ele>428</ele></trkpt>
      <trkpt lat="44.246546" lon="9.629261"><ele>417</ele></trkpt>
      <trkpt lat="44.246447" lon="9.629445"><ele>414</ele></trkpt>
      <trkpt lat="44.246165" lon="9.629641"><ele>410</ele></trkpt>
      <trkpt lat="44.246120" lon="9.629699"><ele>409</ele></trkpt>
      <trkpt lat="44.246074" lon="9.629850"><ele>405</ele></trkpt>
      <trkpt lat="44.246013" lon="9.630499"><ele>399</ele></trkpt>
      <trkpt lat="44.245965" lon="9.630601"><ele>399</ele></trkpt>
      <trkpt lat="44.245897" lon="9.630686"><ele>400</ele></trkpt>
      <trkpt lat="44.245811" lon="9.630748"><ele>399</ele></trkpt>
      <trkpt lat="44.245707" lon="9.630786"><ele>398</ele></trkpt>
      <trkpt lat="44.245557" lon="9.630779"><ele>397</ele></trkpt>
      <trkpt lat="44.245379" lon="9.630716"><ele>396</ele></trkpt>
      <trkpt lat="44.245263" lon="9.630769"><ele>395</ele></trkpt>
      <trkpt lat="44.245200" lon="9.630882"><ele>395</ele></trkpt>
      <trkpt lat="44.245157" lon="9.631321"><ele>395</ele></trkpt>
      <trkpt lat="44.245125" lon="9.631460"><ele>395</ele></trkpt>
      <trkpt lat="44.245076" lon="9.631573"><ele>395</ele></trkpt>
      <trkpt lat="44.245031" lon="9.631634"><ele>395</ele></trkpt>
      <trkpt lat="44.244981" lon="9.631691"><ele>394</ele></trkpt>
      <trkpt lat="44.244850" lon="9.631774"><ele>393</ele></trkpt>
      <trkpt lat="44.244379" lon="9.631873"><ele>395</ele></trkpt>
      <trkpt lat="44.244298" lon="9.631928"><ele>396</ele></trkpt>
      <trkpt lat="44.244274" lon="9.631966"><ele>396</ele></trkpt>
      <trkpt lat="44.244241" lon="9.632110"><ele>397</ele></trkpt>
      <trkpt lat="44.244309" lon="9.632403"><ele>399</ele></trkpt>
      <trkpt lat="44.244358" lon="9.632500"><ele>400</ele></trkpt>
      <trkpt lat="44.244442" lon="9.632629"><ele>399</ele></trkpt>
      <trkpt lat="44.244637" lon="9.632815"><ele>399</ele></trkpt>
      <trkpt lat="44.244789" lon="9.632914"><ele>398</ele></trkpt>
      <trkpt lat="44.245154" lon="9.632959"><ele>400</ele></trkpt>
      <trkpt lat="44.245255" lon="9.633002"><ele>400</ele></trkpt>
      <trkpt lat="44.245383" lon="9.633101"><ele>402</ele></trkpt>
      <trkpt lat="44.245465" lon="9.633189"><ele>402</ele></trkpt>
      <trkpt lat="44.245507" lon="9.633312"><ele>404</ele></trkpt>
      <trkpt lat="44.245509" lon="9.633386"><ele>402</ele></trkpt>
      <trkpt lat="44.245478" lon="9.633496"><ele>402</ele></trkpt>
      <trkpt lat="44.245207" lon="9.634213"><ele>397</ele></trkpt>
      <trkpt lat="44.245188" lon="9.634640"><ele>395</ele></trkpt>
      <trkpt lat="44.245159" lon="9.634737"><ele>395</ele></trkpt>
      <trkpt lat="44.245042" lon="9.634953"><ele>388</ele></trkpt>
      <trkpt lat="44.244937" lon="9.635250"><ele>378</ele></trkpt>
      <trkpt lat="44.244903" lon="9.635462"><ele>376</ele></trkpt>
      <trkpt lat="44.244923" lon="9.635558"><ele>357</ele></trkpt>
      <trkpt lat="44.245011" lon="9.635661"><ele>372</ele></trkpt>
      <trkpt lat="44.245089" lon="9.635696"><ele>373</ele></trkpt>
      <trkpt lat="44.245617" lon="9.635824"><ele>374</ele></trkpt>
      <trkpt lat="44.245696" lon="9.635875"><ele>375</ele></trkpt>
      <trkpt lat="44.245751" lon="9.635977"><ele>375</ele></trkpt>
      <trkpt lat="44.245776" lon="9.636174"><ele>376</ele></trkpt>
      <trkpt lat="44.245751" lon="9.636424"><ele>376</ele></trkpt>
      <trkpt lat="44.245724" lon="9.636523"><ele>376</ele></trkpt>
      <trkpt lat="44.245575" lon="9.636783"><ele>375</ele></trkpt>
      <trkpt lat="44.245521" lon="9.637050"><ele>360</ele></trkpt>
      <trkpt lat="44.245458" lon="9.637600"><ele>353</ele></trkpt>
      <trkpt lat="44.245460" lon="9.637768"><ele>352</ele></trkpt>
      <trkpt lat="44.245622" lon="9.639119"><ele>349</ele></trkpt>
      <trkpt lat="44.245614" lon="9.639215"><ele>349</ele></trkpt>
      <trkpt lat="44.245549" lon="9.639393"><ele>348</ele></trkpt>
      <trkpt lat="44.245284" lon="9.639755"><ele>348</ele></trkpt>
      <trkpt lat="44.245252" lon="9.639851"><ele>348</ele></trkpt>
      <trkpt lat="44.245265" lon="9.640112"><ele>347</ele></trkpt>
      <trkpt lat="44.245316" lon="9.640255"><ele>347</ele></trkpt>
      <trkpt lat="44.245507" lon="9.640565"><ele>347</ele></trkpt>
      <trkpt lat="44.246166" lon="9.641485"><ele>349</ele></trkpt>
      <trkpt lat="44.246216" lon="9.641622"><ele>350</ele></trkpt>
      <trkpt lat="44.246309" lon="9.642164"><ele>350</ele></trkpt>
      <trkpt lat="44.246335" lon="9.642257"><ele>349</ele></trkpt>
      <trkpt lat="44.246407" lon="9.642410"><ele>342</ele></trkpt>
      <trkpt lat="44.246672" lon="9.642719"><ele>346</ele></trkpt>
      <trkpt lat="44.246817" lon="9.642836"><ele>346</ele></trkpt>
      <trkpt lat="44.246943" lon="9.642880"><ele>346</ele></trkpt>
      <trkpt lat="44.247173" lon="9.642871"><ele>346</ele></trkpt>
      <trkpt lat="44.247325" lon="9.642796"><ele>346</ele></trkpt>
      <trkpt lat="44.247515" lon="9.642551"><ele>346</ele></trkpt>
      <trkpt lat="44.247618" lon="9.642500"><ele>370</ele></trkpt>
      <trkpt lat="44.247695" lon="9.642534"><ele>342</ele></trkpt>
      <trkpt lat="44.247796" lon="9.642681"><ele>341</ele></trkpt>
      <trkpt lat="44.248024" lon="9.643238"><ele>339</ele></trkpt>
      <trkpt lat="44.248099" lon="9.643496"><ele>338</ele></trkpt>
      <trkpt lat="44.248174" lon="9.644113"><ele>334</ele></trkpt>
      <trkpt lat="44.248149" lon="9.644327"><ele>326</ele></trkpt>
      <trkpt lat="44.247993" lon="9.644715"><ele>320</ele></trkpt>
      <trkpt lat="44.247826" lon="9.645026"><ele>316</ele></trkpt>
      <trkpt lat="44.247506" lon="9.645503"><ele>312</ele></trkpt>
      <trkpt lat="44.247385" lon="9.645644"><ele>308</ele></trkpt>
      <trkpt lat="44.247021" lon="9.645975"><ele>301</ele></trkpt>
      <trkpt lat="44.246861" lon="9.646191"><ele>300</ele></trkpt>
      <trkpt lat="44.246739" lon="9.646455"><ele>298</ele></trkpt>
      <trkpt lat="44.246508" lon="9.647279"><ele>293</ele></trkpt>
      <trkpt lat="44.246523" lon="9.647404"><ele>292</ele></trkpt>
      <trkpt lat="44.246552" lon="9.647498"><ele>292</ele></trkpt>
      <trkpt lat="44.246721" lon="9.647882"><ele>291</ele></trkpt>
      <trkpt lat="44.246771" lon="9.648034"><ele>292</ele></trkpt>
      <trkpt lat="44.246787" lon="9.648257"><ele>293</ele></trkpt>
      <trkpt lat="44.246774" lon="9.648485"><ele>292</ele></trkpt>
      <trkpt lat="44.246731" lon="9.648804"><ele>292</ele></trkpt>
      <trkpt lat="44.246609" lon="9.649173"><ele>289</ele></trkpt>
      <trkpt lat="44.246335" lon="9.649900"><ele>284</ele></trkpt>
      <trkpt lat="44.246266" lon="9.650035"><ele>280</ele></trkpt>
      <trkpt lat="44.246197" lon="9.650117"><ele>280</ele></trkpt>
      <trkpt lat="44.246115" lon="9.650166"><ele>279</ele></trkpt>
      <trkpt lat="44.245569" lon="9.650340"><ele>272</ele></trkpt>
      <trkpt lat="44.245480" lon="9.650412"><ele>271</ele></trkpt>
      <trkpt lat="44.245220" lon="9.650736"><ele>268</ele></trkpt>
      <trkpt lat="44.245163" lon="9.650851"><ele>267</ele></trkpt>
      <trkpt lat="44.245133" lon="9.651057"><ele>266</ele></trkpt>
      <trkpt lat="44.245200" lon="9.652305"><ele>263</ele></trkpt>
      <trkpt lat="44.245178" lon="9.652507"><ele>262</ele></trkpt>
      <trkpt lat="44.245098" lon="9.652636"><ele>261</ele></trkpt>
      <trkpt lat="44.245054" lon="9.652672"><ele>262</ele></trkpt>
      <trkpt lat="44.244223" lon="9.653076"><ele>252</ele></trkpt>
      <trkpt lat="44.244087" lon="9.653164"><ele>251</ele></trkpt>
      <trkpt lat="44.243976" lon="9.653295"><ele>247</ele></trkpt>
      <trkpt lat="44.243936" lon="9.653453"><ele>243</ele></trkpt>
      <trkpt lat="44.243935" lon="9.653581"><ele>243</ele></trkpt>
      <trkpt lat="44.244070" lon="9.654481"><ele>238</ele></trkpt>
      <trkpt lat="44.244074" lon="9.654629"><ele>238</ele></trkpt>
      <trkpt lat="44.244040" lon="9.654822"><ele>238</ele></trkpt>
      <trkpt lat="44.243986" lon="9.654948"><ele>239</ele></trkpt>
      <trkpt lat="44.243911" lon="9.655025"><ele>239</ele></trkpt>
      <trkpt lat="44.243538" lon="9.655267"><ele>240</ele></trkpt>
      <trkpt lat="44.243325" lon="9.655459"><ele>232</ele></trkpt>
      <trkpt lat="44.243279" lon="9.655535"><ele>221</ele></trkpt>
      <trkpt lat="44.243197" lon="9.655697"><ele>226</ele></trkpt>
      <trkpt lat="44.243163" lon="9.655818"><ele>225</ele></trkpt>
      <trkpt lat="44.243132" lon="9.656056"><ele>226</ele></trkpt>
      <trkpt lat="44.243139" lon="9.656163"><ele>226</ele></trkpt>
      <trkpt lat="44.243164" lon="9.656276"><ele>226</ele></trkpt>
      <trkpt lat="44.243382" lon="9.656911"><ele>226</ele></trkpt>
      <trkpt lat="44.243392" lon="9.657071"><ele>239</ele></trkpt>
      <trkpt lat="44.243344" lon="9.657199"><ele>224</ele></trkpt>
      <trkpt lat="44.243124" lon="9.657409"><ele>222</ele></trkpt>
      <trkpt lat="44.243081" lon="9.657469"><ele>222</ele></trkpt>
      <trkpt lat="44.243041" lon="9.657579"><ele>221</ele></trkpt>
      <trkpt lat="44.242991" lon="9.657944"><ele>219</ele></trkpt>
      <trkpt lat="44.242918" lon="9.658873"><ele>208</ele></trkpt>
      <trkpt lat="44.242916" lon="9.658924"><ele>208</ele></trkpt>
      <trkpt lat="44.242896" lon="9.659247"><ele>198</ele></trkpt>
      <trkpt lat="44.242868" lon="9.659324"><ele>199</ele></trkpt>
      <trkpt lat="44.242802" lon="9.659386"><ele>199</ele></trkpt>
      <trkpt lat="44.242550" lon="9.659465"><ele>197</ele></trkpt>
      <trkpt lat="44.242448" lon="9.659530"><ele>192</ele></trkpt>
      <trkpt lat="44.241972" lon="9.660106"><ele>191</ele></trkpt>
      <trkpt lat="44.241906" lon="9.660211"><ele>191</ele></trkpt>
      <trkpt lat="44.241838" lon="9.660432"><ele>190</ele></trkpt>
      <trkpt lat="44.241777" lon="9.660777"><ele>187</ele></trkpt>
      <trkpt lat="44.241712" lon="9.660860"><ele>187</ele></trkpt>
      <trkpt lat="44.241660" lon="9.660874"><ele>186</ele></trkpt>
      <trkpt lat="44.241575" lon="9.660821"><ele>184</ele></trkpt>
      <trkpt lat="44.241537" lon="9.660726"><ele>183</ele></trkpt>
      <trkpt lat="44.241553" lon="9.660608"><ele>182</ele></trkpt>
      <trkpt lat="44.241658" lon="9.660268"><ele>183</ele></trkpt>
      <trkpt lat="44.241723" lon="9.660118"><ele>186</ele></trkpt>
      <trkpt lat="44.242059" lon="9.659482"><ele>187</ele></trkpt>
      <trkpt lat="44.242096" lon="9.659388"><ele>187</ele></trkpt>
      <trkpt lat="44.242103" lon="9.659328"><ele>182</ele></trkpt>
      <trkpt lat="44.242077" lon="9.659220"><ele>182</ele></trkpt>
      <trkpt lat="44.242049" lon="9.659173"><ele>182</ele></trkpt>
      <trkpt lat="44.241790" lon="9.658863"><ele>182</ele></trkpt>
      <trkpt lat="44.241709" lon="9.658743"><ele>182</ele></trkpt>
      <trkpt lat="44.241643" lon="9.658596"><ele>181</ele></trkpt>
      <trkpt lat="44.241599" lon="9.658376"><ele>179</ele></trkpt>
      <trkpt lat="44.241642" lon="9.658086"><ele>186</ele></trkpt>
      <trkpt lat="44.241675" lon="9.657898"><ele>188</ele></trkpt>
      <trkpt lat="44.241655" lon="9.657793"><ele>187</ele></trkpt>
      <trkpt lat="44.241615" lon="9.657718"><ele>186</ele></trkpt>
      <trkpt lat="44.241518" lon="9.657653"><ele>184</ele></trkpt>
      <trkpt lat="44.241085" lon="9.657839"><ele>184</ele></trkpt>
      <trkpt lat="44.240935" lon="9.657877"><ele>184</ele></trkpt>
      <trkpt lat="44.240776" lon="9.657845"><ele>184</ele></trkpt>
      <trkpt lat="44.240336" lon="9.657642"><ele>172</ele></trkpt>
      <trkpt lat="44.240346" lon="9.657786"><ele>174</ele></trkpt>
      <trkpt lat="44.240373" lon="9.657833"><ele>173</ele></trkpt>
      <trkpt lat="44.240908" lon="9.658182"><ele>173</ele></trkpt>
      <trkpt lat="44.241068" lon="9.658330"><ele>172</ele></trkpt>
      <trkpt lat="44.241109" lon="9.658402"><ele>171</ele></trkpt>
      <trkpt lat="44.241142" lon="9.658571"><ele>171</ele></trkpt>
      <trkpt lat="44.241041" lon="9.660659"><ele>164</ele></trkpt>
      <trkpt lat="44.241006" lon="9.660817"><ele>164</ele></trkpt>
      <trkpt lat="44.240722" lon="9.661489"><ele>163</ele></trkpt>
      <trkpt lat="44.240706" lon="9.661569"><ele>163</ele></trkpt>
      <trkpt lat="44.240710" lon="9.661755"><ele>161</ele></trkpt>
      <trkpt lat="44.240829" lon="9.662289"><ele>166</ele></trkpt>
      <trkpt lat="44.240859" lon="9.662561"><ele>167</ele></trkpt>
      <trkpt lat="44.240875" lon="9.664420"><ele>163</ele></trkpt>
      <trkpt lat="44.240835" lon="9.665000"><ele>162</ele></trkpt>
      <trkpt lat="44.240833" lon="9.665211"><ele>162</ele></trkpt>
      <trkpt lat="44.240854" lon="9.665428"><ele>162</ele></trkpt>
      <trkpt lat="44.240897" lon="9.665641"><ele>162</ele></trkpt>
      <trkpt lat="44.240976" lon="9.665812"><ele>161</ele></trkpt>
      <trkpt lat="44.241247" lon="9.666168"><ele>161</ele></trkpt>
      <trkpt lat="44.241596" lon="9.666554"><ele>159</ele></trkpt>
      <trkpt lat="44.241709" lon="9.666667"><ele>173</ele></trkpt>
      <trkpt lat="44.241830" lon="9.666743"><ele>173</ele></trkpt>
      <trkpt lat="44.242718" lon="9.667185"><ele>169</ele></trkpt>
      <trkpt lat="44.242857" lon="9.667287"><ele>168</ele></trkpt>
      <trkpt lat="44.242904" lon="9.667343"><ele>167</ele></trkpt>
      <trkpt lat="44.242951" lon="9.667418"><ele>166</ele></trkpt>
      <trkpt lat="44.243016" lon="9.667600"><ele>165</ele></trkpt>
      <trkpt lat="44.243074" lon="9.667821"><ele>165</ele></trkpt>
      <trkpt lat="44.243188" lon="9.668390"><ele>165</ele></trkpt>
      <trkpt lat="44.243193" lon="9.668487"><ele>165</ele></trkpt>
      <trkpt lat="44.243183" lon="9.668570"><ele>165</ele></trkpt>
      <trkpt lat="44.243137" lon="9.668725"><ele>165</ele></trkpt>
      <trkpt lat="44.243018" lon="9.668933"><ele>166</ele></trkpt>
      <trkpt lat="44.242937" lon="9.669035"><ele>165</ele></trkpt>
      <trkpt lat="44.242032" lon="9.669815"><ele>164</ele></trkpt>
      <trkpt lat="44.241946" lon="9.669935"><ele>163</ele></trkpt>
      <trkpt lat="44.241889" lon="9.670083"><ele>163</ele></trkpt>
      <trkpt lat="44.241854" lon="9.670235"><ele>162</ele></trkpt>
      <trkpt lat="44.241840" lon="9.670422"><ele>162</ele></trkpt>
      <trkpt lat="44.241741" lon="9.672804"><ele>175</ele></trkpt>
      <trkpt lat="44.241712" lon="9.672999"><ele>178</ele></trkpt>
      <trkpt lat="44.241508" lon="9.673657"><ele>176</ele></trkpt>
      <trkpt lat="44.241386" lon="9.674243"><ele>172</ele></trkpt>
      <trkpt lat="44.241359" lon="9.674486"><ele>171</ele></trkpt>
      <trkpt lat="44.241372" lon="9.675071"><ele>167</ele></trkpt>
      <trkpt lat="44.241360" lon="9.675384"><ele>166</ele></trkpt>
      <trkpt lat="44.241342" lon="9.675509"><ele>166</ele></trkpt>
      <trkpt lat="44.241190" lon="9.675990"><ele>164</ele></trkpt>
      <trkpt lat="44.241149" lon="9.676204"><ele>164</ele></trkpt>
      <trkpt lat="44.241088" lon="9.676693"><ele>164</ele></trkpt>
      <trkpt lat="44.241081" lon="9.676969"><ele>164</ele></trkpt>
      <trkpt lat="44.241117" lon="9.677323"><ele>164</ele></trkpt>
      <trkpt lat="44.241149" lon="9.677428"><ele>165</ele></trkpt>
      <trkpt lat="44.241232" lon="9.677530"><ele>165</ele></trkpt>
      <trkpt lat="44.241351" lon="9.677588"><ele>166</ele></trkpt>
      <trkpt lat="44.241419" lon="9.677591"><ele>167</ele></trkpt>
      <trkpt lat="44.242056" lon="9.677307"><ele>167</ele></trkpt>
      <trkpt lat="44.242278" lon="9.677281"><ele>167</ele></trkpt>
      <trkpt lat="44.242486" lon="9.677303"><ele>167</ele></trkpt>
      <trkpt lat="44.242739" lon="9.677405"><ele>166</ele></trkpt>
      <trkpt lat="44.243014" lon="9.677584"><ele>163</ele></trkpt>
      <trkpt lat="44.243182" lon="9.677744"><ele>162</ele></trkpt>
      <trkpt lat="44.243367" lon="9.677968"><ele>162</ele></trkpt>
      <trkpt lat="44.243518" lon="9.678187"><ele>160</ele></trkpt>
      <trkpt lat="44.243693" lon="9.678518"><ele>157</ele></trkpt>
      <trkpt lat="44.244128" lon="9.680130"><ele>155</ele></trkpt>
      <trkpt lat="44.244352" lon="9.680637"><ele>155</ele></trkpt>
      <trkpt lat="44.244564" lon="9.680890"><ele>144</ele></trkpt>
      <trkpt lat="44.245045" lon="9.681344"><ele>148</ele></trkpt>
      <trkpt lat="44.245331" lon="9.681557"><ele>146</ele></trkpt>
      <trkpt lat="44.245445" lon="9.681696"><ele>144</ele></trkpt>
      <trkpt lat="44.245551" lon="9.681875"><ele>144</ele></trkpt>
      <trkpt lat="44.245696" lon="9.682396"><ele>143</ele></trkpt>
      <trkpt lat="44.245761" lon="9.682731"><ele>146</ele></trkpt>
      <trkpt lat="44.245870" lon="9.683099"><ele>147</ele></trkpt>
      <trkpt lat="44.245911" lon="9.683168"><ele>150</ele></trkpt>
      <trkpt lat="44.245921" lon="9.683270"><ele>150</ele></trkpt>
      <trkpt lat="44.245903" lon="9.683385"><ele>140</ele></trkpt>
      <trkpt lat="44.245906" lon="9.683573"><ele>141</ele></trkpt>
      <trkpt lat="44.245963" lon="9.683883"><ele>137</ele></trkpt>
      <trkpt lat="44.246170" lon="9.686434"><ele>130</ele></trkpt>
      <trkpt lat="44.246228" lon="9.686799"><ele>142</ele></trkpt>
      <trkpt lat="44.246333" lon="9.687164"><ele>141</ele></trkpt>
      <trkpt lat="44.246447" lon="9.687493"><ele>141</ele></trkpt>
      <trkpt lat="44.246633" lon="9.687886"><ele>139</ele></trkpt>
      <trkpt lat="44.246850" lon="9.688199"><ele>137</ele></trkpt>
      <trkpt lat="44.247057" lon="9.688354"><ele>133</ele></trkpt>
      <trkpt lat="44.247151" lon="9.688461"><ele>133</ele></trkpt>
      <trkpt lat="44.247277" lon="9.688772"><ele>133</ele></trkpt>
      <trkpt lat="44.247326" lon="9.688953"><ele>133</ele></trkpt>
      <trkpt lat="44.247397" lon="9.689342"><ele>134</ele></trkpt>
      <trkpt lat="44.247416" lon="9.689720"><ele>135</ele></trkpt>
      <trkpt lat="44.247527" lon="9.690455"><ele>137</ele></trkpt>
      <trkpt lat="44.247513" lon="9.691013"><ele>137</ele></trkpt>
      <trkpt lat="44.247468" lon="9.691214"><ele>136</ele></trkpt>
      <trkpt lat="44.247425" lon="9.691325"><ele>135</ele></trkpt>
      <trkpt lat="44.245894" lon="9.693764"><ele>127</ele></trkpt>
      <trkpt lat="44.245688" lon="9.694028"><ele>126</ele></trkpt>
      <trkpt lat="44.245529" lon="9.694171"><ele>126</ele></trkpt>
      <trkpt lat="44.245386" lon="9.694261"><ele>126</ele></trkpt>
      <trkpt lat="44.244609" lon="9.694690"><ele>123</ele></trkpt>
      <trkpt lat="44.243861" lon="9.695130"><ele>123</ele></trkpt>
      <trkpt lat="44.243426" lon="9.695436"><ele>124</ele></trkpt>
      <trkpt lat="44.243301" lon="9.695566"><ele>124</ele></trkpt>
      <trkpt lat="44.243211" lon="9.695711"><ele>125</ele></trkpt>
      <trkpt lat="44.243176" lon="9.695838"><ele>126</ele></trkpt>
      <trkpt lat="44.243160" lon="9.696078"><ele>126</ele></trkpt>
      <trkpt lat="44.243180" lon="9.696243"><ele>126</ele></trkpt>
      <trkpt lat="44.243401" lon="9.697533"><ele>134</ele></trkpt>
      <trkpt lat="44.243492" lon="9.698327"><ele>134</ele></trkpt>
      <trkpt lat="44.243518" lon="9.698546"><ele>143</ele></trkpt>
      <trkpt lat="44.243556" lon="9.698880"><ele>143</ele></trkpt>
      <trkpt lat="44.243572" lon="9.699009"><ele>143</ele></trkpt>
      <trkpt lat="44.243603" lon="9.699261"><ele>156</ele></trkpt>
      <trkpt lat="44.243753" lon="9.700068"><ele>144</ele></trkpt>
      <trkpt lat="44.243813" lon="9.700258"><ele>144</ele></trkpt>
      <trkpt lat="44.244069" lon="9.700815"><ele>143</ele></trkpt>
      <trkpt lat="44.244146" lon="9.700943"><ele>144</ele></trkpt>
      <trkpt lat="44.244647" lon="9.701508"><ele>143</ele></trkpt>
      <trkpt lat="44.244884" lon="9.701869"><ele>143</ele></trkpt>
      <trkpt lat="44.245080" lon="9.702267"><ele>143</ele></trkpt>
      <trkpt lat="44.245179" lon="9.702554"><ele>142</ele></trkpt>
      <trkpt lat="44.245245" lon="9.702848"><ele>142</ele></trkpt>
      <trkpt lat="44.245268" lon="9.703220"><ele>142</ele></trkpt>
      <trkpt lat="44.245239" lon="9.703797"><ele>142</ele></trkpt>
      <trkpt lat="44.245144" lon="9.704240"><ele>143</ele></trkpt>
      <trkpt lat="44.245014" lon="9.704598"><ele>145</ele></trkpt>
      <trkpt lat="44.244838" lon="9.704967"><ele>144</ele></trkpt>
      <trkpt lat="44.244648" lon="9.705277"><ele>143</ele></trkpt>
      <trkpt lat="44.244394" lon="9.705554"><ele>142</ele></trkpt>
      <trkpt lat="44.244130" lon="9.705719"><ele>141</ele></trkpt>
      <trkpt lat="44.243339" lon="9.706113"><ele>138</ele></trkpt>
      <trkpt lat="44.243089" lon="9.706280"><ele>126</ele></trkpt>
      <trkpt lat="44.241901" lon="9.707155"><ele>124</ele></trkpt>
      <trkpt lat="44.241294" lon="9.707569"><ele>119</ele></trkpt>
      <trkpt lat="44.240717" lon="9.708076"><ele>120</ele></trkpt>
      <trkpt lat="44.240544" lon="9.708297"><ele>120</ele></trkpt>
      <trkpt lat="44.240269" lon="9.708790"><ele>120</ele></trkpt>
      <trkpt lat="44.240086" lon="9.709242"><ele>120</ele></trkpt>
      <trkpt lat="44.239764" lon="9.709647"><ele>120</ele></trkpt>
      <trkpt lat="44.238430" lon="9.711235"><ele>111</ele></trkpt>
      <trkpt lat="44.238288" lon="9.711342"><ele>110</ele></trkpt>
      <trkpt lat="44.238173" lon="9.711398"><ele>110</ele></trkpt>
      <trkpt lat="44.237496" lon="9.711521"><ele>110</ele></trkpt>
      <trkpt lat="44.237354" lon="9.711577"><ele>111</ele></trkpt>
      <trkpt lat="44.236610" lon="9.712382"><ele>112</ele></trkpt>
      <trkpt lat="44.236119" lon="9.712706"><ele>116</ele></trkpt>
      <trkpt lat="44.235936" lon="9.712826"><ele>116</ele></trkpt>
      <trkpt lat="44.235798" lon="9.712926"><ele>106</ele></trkpt>
      <trkpt lat="44.235611" lon="9.713064"><ele>110</ele></trkpt>
      <trkpt lat="44.235386" lon="9.713316"><ele>112</ele></trkpt>
      <trkpt lat="44.235293" lon="9.713517"><ele>113</ele></trkpt>
      <trkpt lat="44.234849" lon="9.714715"><ele>114</ele></trkpt>
      <trkpt lat="44.234692" lon="9.715095"><ele>115</ele></trkpt>
      <trkpt lat="44.234533" lon="9.715345"><ele>115</ele></trkpt>
      <trkpt lat="44.234299" lon="9.715562"><ele>116</ele></trkpt>
      <trkpt lat="44.233959" lon="9.715872"><ele>110</ele></trkpt>
      <trkpt lat="44.233721" lon="9.715936"><ele>110</ele></trkpt>
      <trkpt lat="44.233469" lon="9.715954"><ele>110</ele></trkpt>
      <trkpt lat="44.233035" lon="9.715944"><ele>108</ele></trkpt>
      <trkpt lat="44.232750" lon="9.715928"><ele>107</ele></trkpt>
      <trkpt lat="44.232341" lon="9.715841"><ele>103</ele></trkpt>
      <trkpt lat="44.232269" lon="9.715818"><ele>104</ele></trkpt>
      <trkpt lat="44.231088" lon="9.715463"><ele>135</ele></trkpt>
      <trkpt lat="44.230985" lon="9.715456"><ele>135</ele></trkpt>
      <trkpt lat="44.230804" lon="9.715474"><ele>134</ele></trkpt>
      <trkpt lat="44.230692" lon="9.715515"><ele>135</ele></trkpt>
      <trkpt lat="44.230523" lon="9.715637"><ele>136</ele></trkpt>
      <trkpt lat="44.230247" lon="9.715882"><ele>120</ele></trkpt>
      <trkpt lat="44.229867" lon="9.716190"><ele>122</ele></trkpt>
      <trkpt lat="44.229666" lon="9.716330"><ele>123</ele></trkpt>
      <trkpt lat="44.228739" lon="9.716953"><ele>116</ele></trkpt>
      <trkpt lat="44.227766" lon="9.717662"><ele>121</ele></trkpt>
      <trkpt lat="44.227651" lon="9.717759"><ele>121</ele></trkpt>
      <trkpt lat="44.227502" lon="9.717946"><ele>122</ele></trkpt>
      <trkpt lat="44.226841" lon="9.719071"><ele>120</ele></trkpt>
      <trkpt lat="44.226513" lon="9.719485"><ele>120</ele></trkpt>
      <trkpt lat="44.226135" lon="9.719854"><ele>119</ele></trkpt>
      <trkpt lat="44.225498" lon="9.720459"><ele>119</ele></trkpt>
      <trkpt lat="44.225242" lon="9.720700"><ele>117</ele></trkpt>
      <trkpt lat="44.224775" lon="9.721064"><ele>112</ele></trkpt>
      <trkpt lat="44.224562" lon="9.721216"><ele>108</ele></trkpt>
      <trkpt lat="44.224425" lon="9.721273"><ele>109</ele></trkpt>
      <trkpt lat="44.224263" lon="9.721257"><ele>109</ele></trkpt>
      <trkpt lat="44.224043" lon="9.721105"><ele>108</ele></trkpt>
      <trkpt lat="44.223953" lon="9.721010"><ele>108</ele></trkpt>
      <trkpt lat="44.223871" lon="9.720886"><ele>108</ele></trkpt>
      <trkpt lat="44.223725" lon="9.720570"><ele>108</ele></trkpt>
      <trkpt lat="44.223637" lon="9.720307"><ele>108</ele></trkpt>
      <trkpt lat="44.223542" lon="9.720143"><ele>107</ele></trkpt>
      <trkpt lat="44.223480" lon="9.720103"><ele>107</ele></trkpt>
      <trkpt lat="44.223391" lon="9.720104"><ele>106</ele></trkpt>
      <trkpt lat="44.223336" lon="9.720117"><ele>106</ele></trkpt>
      <trkpt lat="44.223179" lon="9.720209"><ele>102</ele></trkpt>
      <trkpt lat="44.223075" lon="9.720276"><ele>102</ele></trkpt>
      <trkpt lat="44.222854" lon="9.720444"><ele>102</ele></trkpt>
      <trkpt lat="44.222711" lon="9.720622"><ele>102</ele></trkpt>
      <trkpt lat="44.222699" lon="9.720664"><ele>102</ele></trkpt>
      <trkpt lat="44.222667" lon="9.720783"><ele>104</ele></trkpt>
      <trkpt lat="44.222656" lon="9.720931"><ele>104</ele></trkpt>
      <trkpt lat="44.222667" lon="9.721085"><ele>104</ele></trkpt>
      <trkpt lat="44.222807" lon="9.721866"><ele>108</ele></trkpt>
      <trkpt lat="44.222807" lon="9.721930"><ele>108</ele></trkpt>
      <trkpt lat="44.223020" lon="9.723188"><ele>109</ele></trkpt>
      <trkpt lat="44.223039" lon="9.723401"><ele>109</ele></trkpt>
      <trkpt lat="44.223045" lon="9.723926"><ele>109</ele></trkpt>
      <trkpt lat="44.223020" lon="9.724391"><ele>109</ele></trkpt>
      <trkpt lat="44.222994" lon="9.724552"><ele>109</ele></trkpt>
      <trkpt lat="44.222922" lon="9.724758"><ele>109</ele></trkpt>
      <trkpt lat="44.222719" lon="9.725101"><ele>107</ele></trkpt>
      <trkpt lat="44.221455" lon="9.727204"><ele>110</ele></trkpt>
      <trkpt lat="44.219699" lon="9.730182"><ele>125</ele></trkpt>
      <trkpt lat="44.219628" lon="9.730339"><ele>125</ele></trkpt>
      <trkpt lat="44.219573" lon="9.730603"><ele>125</ele></trkpt>
      <trkpt lat="44.219542" lon="9.731050"><ele>125</ele></trkpt>
      <trkpt lat="44.219548" lon="9.731465"><ele>125</ele></trkpt>
      <trkpt lat="44.219592" lon="9.731829"><ele>126</ele></trkpt>
      <trkpt lat="44.219842" lon="9.733246"><ele>126</ele></trkpt>
      <trkpt lat="44.219871" lon="9.733348"><ele>128</ele></trkpt>
      <trkpt lat="44.219917" lon="9.733443"><ele>130</ele></trkpt>
      <trkpt lat="44.220548" lon="9.734467"><ele>123</ele></trkpt>
      <trkpt lat="44.220676" lon="9.734722"><ele>122</ele></trkpt>
      <trkpt lat="44.220823" lon="9.735123"><ele>119</ele></trkpt>
      <trkpt lat="44.220933" lon="9.735603"><ele>118</ele></trkpt>
      <trkpt lat="44.220963" lon="9.736033"><ele>116</ele></trkpt>
      <trkpt lat="44.220846" lon="9.736589"><ele>115</ele></trkpt>
      <trkpt lat="44.220826" lon="9.736779"><ele>117</ele></trkpt>
      <trkpt lat="44.220887" lon="9.737813"><ele>116</ele></trkpt>
      <trkpt lat="44.220921" lon="9.738899"><ele>111</ele></trkpt>
      <trkpt lat="44.220979" lon="9.739752"><ele>112</ele></trkpt>
      <trkpt lat="44.221051" lon="9.740181"><ele>113</ele></trkpt>
      <trkpt lat="44.221239" lon="9.740665"><ele>113</ele></trkpt>
      <trkpt lat="44.221409" lon="9.741180"><ele>116</ele></trkpt>
      <trkpt lat="44.222019" lon="9.744339"><ele>121</ele></trkpt>
      <trkpt lat="44.222061" lon="9.744469"><ele>121</ele></trkpt>
      <trkpt lat="44.222165" lon="9.744663"><ele>122</ele></trkpt>
      <trkpt lat="44.222281" lon="9.744834"><ele>122</ele></trkpt>
      <trkpt lat="44.222564" lon="9.745163"><ele>122</ele></trkpt>
      <trkpt lat="44.222684" lon="9.745406"><ele>118</ele></trkpt>
      <trkpt lat="44.222724" lon="9.745577"><ele>117</ele></trkpt>
      <trkpt lat="44.222747" lon="9.745904"><ele>114</ele></trkpt>
      <trkpt lat="44.222646" lon="9.746449"><ele>111</ele></trkpt>
      <trkpt lat="44.222512" lon="9.747453"><ele>111</ele></trkpt>
      <trkpt lat="44.222530" lon="9.747710"><ele>112</ele></trkpt>
      <trkpt lat="44.222632" lon="9.748219"><ele>112</ele></trkpt>
      <trkpt lat="44.222923" lon="9.749252"><ele>115</ele></trkpt>
      <trkpt lat="44.223036" lon="9.749522"><ele>118</ele></trkpt>
      <trkpt lat="44.223669" lon="9.750663"><ele>116</ele></trkpt>
      <trkpt lat="44.223711" lon="9.750791"><ele>113</ele></trkpt>
      <trkpt lat="44.223729" lon="9.750931"><ele>114</ele></trkpt>
      <trkpt lat="44.223693" lon="9.751256"><ele>112</ele></trkpt>
      <trkpt lat="44.223622" lon="9.751449"><ele>113</ele></trkpt>
      <trkpt lat="44.223549" lon="9.751574"><ele>113</ele></trkpt>
      <trkpt lat="44.222809" lon="9.752693"><ele>115</ele></trkpt>
      <trkpt lat="44.222314" lon="9.753576"><ele>116</ele></trkpt>
      <trkpt lat="44.222150" lon="9.753802"><ele>115</ele></trkpt>
      <trkpt lat="44.222020" lon="9.753910"><ele>115</ele></trkpt>
      <trkpt lat="44.221910" lon="9.753954"><ele>112</ele></trkpt>
      <trkpt lat="44.221567" lon="9.754078"><ele>103</ele></trkpt>
      <trkpt lat="44.221409" lon="9.754111"><ele>102</ele></trkpt>
      <trkpt lat="44.221184" lon="9.754078"><ele>101</ele></trkpt>
      <trkpt lat="44.221047" lon="9.754011"><ele>100</ele></trkpt>
      <trkpt lat="44.220637" lon="9.753597"><ele>99</ele></trkpt>
      <trkpt lat="44.219569" lon="9.752449"><ele>100</ele></trkpt>
      <trkpt lat="44.219468" lon="9.752411"><ele>104</ele></trkpt>
      <trkpt lat="44.219363" lon="9.752412"><ele>104</ele></trkpt>
      <trkpt lat="44.218564" lon="9.752623"><ele>103</ele></trkpt>
      <trkpt lat="44.218414" lon="9.752599"><ele>102</ele></trkpt>
      <trkpt lat="44.218126" lon="9.752473"><ele>119</ele></trkpt>
      <trkpt lat="44.217648" lon="9.752266"><ele>122</ele></trkpt>
      <trkpt lat="44.217516" lon="9.752230"><ele>122</ele></trkpt>
      <trkpt lat="44.216843" lon="9.752194"><ele>122</ele></trkpt>
      <trkpt lat="44.216712" lon="9.752220"><ele>123</ele></trkpt>
      <trkpt lat="44.216038" lon="9.752660"><ele>123</ele></trkpt>
      <trkpt lat="44.215878" lon="9.752731"><ele>122</ele></trkpt>
      <trkpt lat="44.215663" lon="9.752783"><ele>121</ele></trkpt>
      <trkpt lat="44.215077" lon="9.752811"><ele>114</ele></trkpt>
      <trkpt lat="44.214347" lon="9.753135"><ele>119</ele></trkpt>
      <trkpt lat="44.213411" lon="9.753625"><ele>108</ele></trkpt>
      <trkpt lat="44.213128" lon="9.753829"><ele>106</ele></trkpt>
      <trkpt lat="44.213091" lon="9.753905"><ele>106</ele></trkpt>
      <trkpt lat="44.213021" lon="9.754164"><ele>104</ele></trkpt>
      <trkpt lat="44.212977" lon="9.754407"><ele>131</ele></trkpt>
      <trkpt lat="44.212932" lon="9.755384"><ele>140</ele></trkpt>
      <trkpt lat="44.212940" lon="9.755800"><ele>142</ele></trkpt>
      <trkpt lat="44.212965" lon="9.756160"><ele>150</ele></trkpt>
      <trkpt lat="44.213055" lon="9.756646"><ele>154</ele></trkpt>
      <trkpt lat="44.213171" lon="9.757063"><ele>155</ele></trkpt>
      <trkpt lat="44.213318" lon="9.757720"><ele>160</ele></trkpt>
      <trkpt lat="44.213330" lon="9.757938"><ele>162</ele></trkpt>
      <trkpt lat="44.213320" lon="9.758146"><ele>173</ele></trkpt>
      <trkpt lat="44.213213" lon="9.760101"><ele>144</ele></trkpt>
      <trkpt lat="44.213109" lon="9.760579"><ele>138</ele></trkpt>
      <trkpt lat="44.212860" lon="9.761376"><ele>129</ele></trkpt>
      <trkpt lat="44.212673" lon="9.761879"><ele>125</ele></trkpt>
      <trkpt lat="44.212571" lon="9.762036"><ele>123</ele></trkpt>
      <trkpt lat="44.212163" lon="9.762455"><ele>120</ele></trkpt>
      <trkpt lat="44.211997" lon="9.762679"><ele>119</ele></trkpt>
      <trkpt lat="44.211415" lon="9.763910"><ele>105</ele></trkpt>
      <trkpt lat="44.211340" lon="9.764036"><ele>105</ele></trkpt>
      <trkpt lat="44.211246" lon="9.764121"><ele>105</ele></trkpt>
      <trkpt lat="44.211205" lon="9.764143"><ele>105</ele></trkpt>
      <trkpt lat="44.211061" lon="9.764120"><ele>105</ele></trkpt>
      <trkpt lat="44.209779" lon="9.763490"><ele>98</ele></trkpt>
      <trkpt lat="44.209554" lon="9.763413"><ele>97</ele></trkpt>
      <trkpt lat="44.209329" lon="9.763397"><ele>96</ele></trkpt>
      <trkpt lat="44.208149" lon="9.763456"><ele>88</ele></trkpt>
      <trkpt lat="44.207616" lon="9.763342"><ele>85</ele></trkpt>
      <trkpt lat="44.206004" lon="9.762679"><ele>91</ele></trkpt>
      <trkpt lat="44.205303" lon="9.762370"><ele>90</ele></trkpt>
      <trkpt lat="44.205150" lon="9.762282"><ele>90</ele></trkpt>
      <trkpt lat="44.205020" lon="9.762173"><ele>91</ele></trkpt>
      <trkpt lat="44.204688" lon="9.761810"><ele>91</ele></trkpt>
      <trkpt lat="44.204540" lon="9.761751"><ele>90</ele></trkpt>
      <trkpt lat="44.204423" lon="9.761735"><ele>90</ele></trkpt>
      <trkpt lat="44.204005" lon="9.761804"><ele>92</ele></trkpt>
      <trkpt lat="44.202989" lon="9.762036"><ele>103</ele></trkpt>
      <trkpt lat="44.202577" lon="9.762096"><ele>107</ele></trkpt>
      <trkpt lat="44.201906" lon="9.762250"><ele>109</ele></trkpt>
      <trkpt lat="44.201445" lon="9.762422"><ele>113</ele></trkpt>
      <trkpt lat="44.201156" lon="9.762628"><ele>110</ele></trkpt>
      <trkpt lat="44.200823" lon="9.762834"><ele>111</ele></trkpt>
      <trkpt lat="44.200227" lon="9.763349"><ele>100</ele></trkpt>
      <trkpt lat="44.199460" lon="9.764152"><ele>99</ele></trkpt>
      <trkpt lat="44.199188" lon="9.764513"><ele>97</ele></trkpt>
      <trkpt lat="44.198909" lon="9.765053"><ele>95</ele></trkpt>
      <trkpt lat="44.198706" lon="9.765355"><ele>95</ele></trkpt>
      <trkpt lat="44.197938" lon="9.766244"><ele>82</ele></trkpt>
      <trkpt lat="44.197468" lon="9.766765"><ele>84</ele></trkpt>
      <trkpt lat="44.197262" lon="9.767011"><ele>84</ele></trkpt>
      <trkpt lat="44.197077" lon="9.767215"><ele>84</ele></trkpt>
      <trkpt lat="44.196517" lon="9.767811"><ele>83</ele></trkpt>
      <trkpt lat="44.195098" lon="9.768670"><ele>88</ele></trkpt>
      <trkpt lat="44.194862" lon="9.768776"><ele>89</ele></trkpt>
      <trkpt lat="44.194524" lon="9.768868"><ele>93</ele></trkpt>
      <trkpt lat="44.194204" lon="9.768863"><ele>93</ele></trkpt>
      <trkpt lat="44.194116" lon="9.768863"><ele>84</ele></trkpt>
      <trkpt lat="44.193838" lon="9.768854"><ele>84</ele></trkpt>
      <trkpt lat="44.193495" lon="9.768842"><ele>81</ele></trkpt>
      <trkpt lat="44.193343" lon="9.768810"><ele>81</ele></trkpt>
      <trkpt lat="44.193191" lon="9.768747"><ele>81</ele></trkpt>
      <trkpt lat="44.193058" lon="9.768650"><ele>80</ele></trkpt>
      <trkpt lat="44.192898" lon="9.768465"><ele>79</ele></trkpt>
      <trkpt lat="44.192626" lon="9.768074"><ele>79</ele></trkpt>
      <trkpt lat="44.191483" lon="9.766307"><ele>76</ele></trkpt>
      <trkpt lat="44.191259" lon="9.766016"><ele>76</ele></trkpt>
      <trkpt lat="44.191095" lon="9.765898"><ele>76</ele></trkpt>
      <trkpt lat="44.190833" lon="9.765866"><ele>89</ele></trkpt>
      <trkpt lat="44.190598" lon="9.765923"><ele>89</ele></trkpt>
      <trkpt lat="44.190290" lon="9.766038"><ele>89</ele></trkpt>
      <trkpt lat="44.190084" lon="9.766052"><ele>89</ele></trkpt>
      <trkpt lat="44.189758" lon="9.765986"><ele>87</ele></trkpt>
      <trkpt lat="44.189085" lon="9.765772"><ele>90</ele></trkpt>
      <trkpt lat="44.186006" lon="9.764691"><ele>101</ele></trkpt>
      <trkpt lat="44.185836" lon="9.764661"><ele>102</ele></trkpt>
      <trkpt lat="44.185679" lon="9.764658"><ele>100</ele></trkpt>
      <trkpt lat="44.184692" lon="9.764694"><ele>94</ele></trkpt>
      <trkpt lat="44.184429" lon="9.764667"><ele>91</ele></trkpt>
      <trkpt lat="44.184264" lon="9.764605"><ele>90</ele></trkpt>
      <trkpt lat="44.184066" lon="9.764500"><ele>89</ele></trkpt>
      <trkpt lat="44.183048" lon="9.763715"><ele>89</ele></trkpt>
      <trkpt lat="44.181935" lon="9.762663"><ele>82</ele></trkpt>
      <trkpt lat="44.180372" lon="9.761184"><ele>85</ele></trkpt>
      <trkpt lat="44.179557" lon="9.760417"><ele>88</ele></trkpt>
      <trkpt lat="44.179274" lon="9.760151"><ele>88</ele></trkpt>
      <trkpt lat="44.178005" lon="9.758957"><ele>90</ele></trkpt>
      <trkpt lat="44.177039" lon="9.758019"><ele>90</ele></trkpt>
      <trkpt lat="44.176864" lon="9.757758"><ele>89</ele></trkpt>
      <trkpt lat="44.176398" lon="9.756893"><ele>90</ele></trkpt>
      <trkpt lat="44.175989" lon="9.756088"><ele>93</ele></trkpt>
      <trkpt lat="44.175751" lon="9.755736"><ele>94</ele></trkpt>
      <trkpt lat="44.175591" lon="9.755568"><ele>95</ele></trkpt>
      <trkpt lat="44.175329" lon="9.755359"><ele>97</ele></trkpt>
      <trkpt lat="44.173763" lon="9.754270"><ele>93</ele></trkpt>
      <trkpt lat="44.173638" lon="9.754183"><ele>95</ele></trkpt>
      <trkpt lat="44.173469" lon="9.754115"><ele>97</ele></trkpt>
      <trkpt lat="44.173356" lon="9.754136"><ele>97</ele></trkpt>
      <trkpt lat="44.173139" lon="9.754247"><ele>94</ele></trkpt>
      <trkpt lat="44.172158" lon="9.754764"><ele>100</ele></trkpt>
      <trkpt lat="44.171792" lon="9.754944"><ele>100</ele></trkpt>
      <trkpt lat="44.171256" lon="9.755223"><ele>107</ele></trkpt>
      <trkpt lat="44.171000" lon="9.755413"><ele>106</ele></trkpt>
      <trkpt lat="44.170788" lon="9.755664"><ele>107</ele></trkpt>
      <trkpt lat="44.170405" lon="9.756250"><ele>115</ele></trkpt>
      <trkpt lat="44.170112" lon="9.756723"><ele>111</ele></trkpt>
      <trkpt lat="44.169840" lon="9.757151"><ele>122</ele></trkpt>
      <trkpt lat="44.169700" lon="9.757262"><ele>123</ele></trkpt>
      <trkpt lat="44.169607" lon="9.757258"><ele>123</ele></trkpt>
      <trkpt lat="44.169525" lon="9.757216"><ele>122</ele></trkpt>
      <trkpt lat="44.169311" lon="9.756916"><ele>123</ele></trkpt>
      <trkpt lat="44.169206" lon="9.756840"><ele>123</ele></trkpt>
      <trkpt lat="44.169085" lon="9.756810"><ele>123</ele></trkpt>
      <trkpt lat="44.168885" lon="9.756817"><ele>124</ele></trkpt>
      <trkpt lat="44.168742" lon="9.756862"><ele>126</ele></trkpt>
      <trkpt lat="44.168652" lon="9.756958"><ele>127</ele></trkpt>
      <trkpt lat="44.168570" lon="9.757096"><ele>129</ele></trkpt>
      <trkpt lat="44.168509" lon="9.757251"><ele>130</ele></trkpt>
      <trkpt lat="44.168154" lon="9.758489"><ele>137</ele></trkpt>
      <trkpt lat="44.168091" lon="9.758620"><ele>136</ele></trkpt>
      <trkpt lat="44.168023" lon="9.758690"><ele>136</ele></trkpt>
      <trkpt lat="44.167938" lon="9.758710"><ele>135</ele></trkpt>
      <trkpt lat="44.167801" lon="9.758683"><ele>135</ele></trkpt>
      <trkpt lat="44.167171" lon="9.758427"><ele>136</ele></trkpt>
      <trkpt lat="44.166942" lon="9.758355"><ele>136</ele></trkpt>
      <trkpt lat="44.166808" lon="9.758337"><ele>136</ele></trkpt>
      <trkpt lat="44.166440" lon="9.758355"><ele>142</ele></trkpt>
      <trkpt lat="44.166288" lon="9.758428"><ele>145</ele></trkpt>
      <trkpt lat="44.166101" lon="9.758582"><ele>145</ele></trkpt>
      <trkpt lat="44.165170" lon="9.759646"><ele>144</ele></trkpt>
      <trkpt lat="44.165043" lon="9.759750"><ele>144</ele></trkpt>
      <trkpt lat="44.164940" lon="9.759787"><ele>143</ele></trkpt>
      <trkpt lat="44.164859" lon="9.759773"><ele>142</ele></trkpt>
      <trkpt lat="44.164805" lon="9.759740"><ele>142</ele></trkpt>
      <trkpt lat="44.164749" lon="9.759689"><ele>141</ele></trkpt>
      <trkpt lat="44.164642" lon="9.759538"><ele>141</ele></trkpt>
      <trkpt lat="44.164558" lon="9.759371"><ele>140</ele></trkpt>
      <trkpt lat="44.164356" lon="9.758875"><ele>139</ele></trkpt>
      <trkpt lat="44.164106" lon="9.758514"><ele>137</ele></trkpt>
      <trkpt lat="44.163523" lon="9.757855"><ele>138</ele></trkpt>
      <trkpt lat="44.163315" lon="9.757650"><ele>136</ele></trkpt>
      <trkpt lat="44.163227" lon="9.757577"><ele>135</ele></trkpt>
      <trkpt lat="44.163141" lon="9.757547"><ele>133</ele></trkpt>
      <trkpt lat="44.163051" lon="9.757554"><ele>131</ele></trkpt>
      <trkpt lat="44.162966" lon="9.757582"><ele>131</ele></trkpt>
      <trkpt lat="44.162754" lon="9.757740"><ele>131</ele></trkpt>
      <trkpt lat="44.162612" lon="9.757860"><ele>131</ele></trkpt>
      <trkpt lat="44.162034" lon="9.758355"><ele>129</ele></trkpt>
      <trkpt lat="44.161743" lon="9.758601"><ele>129</ele></trkpt>
      <trkpt lat="44.160916" lon="9.759300"><ele>133</ele></trkpt>
      <trkpt lat="44.160529" lon="9.759592"><ele>133</ele></trkpt>
      <trkpt lat="44.159357" lon="9.760605"><ele>139</ele></trkpt>
      <trkpt lat="44.158130" lon="9.761629"><ele>139</ele></trkpt>
      <trkpt lat="44.157494" lon="9.762150"><ele>141</ele></trkpt>
      <trkpt lat="44.157275" lon="9.762317"><ele>141</ele></trkpt>
      <trkpt lat="44.156975" lon="9.762546"><ele>140</ele></trkpt>
      <trkpt lat="44.156481" lon="9.762965"><ele>142</ele></trkpt>
      <trkpt lat="44.155763" lon="9.763564"><ele>142</ele></trkpt>
      <trkpt lat="44.155506" lon="9.763772"><ele>142</ele></trkpt>
      <trkpt lat="44.155294" lon="9.763960"><ele>142</ele></trkpt>
      <trkpt lat="44.154951" lon="9.764239"><ele>145</ele></trkpt>
      <trkpt lat="44.154893" lon="9.764287"><ele>145</ele></trkpt>
      <trkpt lat="44.154813" lon="9.764353"><ele>145</ele></trkpt>
      <trkpt lat="44.154798" lon="9.764365"><ele>145</ele></trkpt>
      <trkpt lat="44.154790" lon="9.764373"><ele>145</ele></trkpt>
      <trkpt lat="44.154715" lon="9.764429"><ele>145</ele></trkpt>
      <trkpt lat="44.154557" lon="9.764532"><ele>145</ele></trkpt>
      <trkpt lat="44.154225" lon="9.764696"><ele>145</ele></trkpt>
      <trkpt lat="44.153836" lon="9.764883"><ele>148</ele></trkpt>
      <trkpt lat="44.153593" lon="9.765000"><ele>149</ele></trkpt>
      <trkpt lat="44.153537" lon="9.765027"><ele>149</ele></trkpt>
      <trkpt lat="44.153263" lon="9.765158"><ele>156</ele></trkpt>
      <trkpt lat="44.153084" lon="9.765246"><ele>156</ele></trkpt>
      <trkpt lat="44.152187" lon="9.765681"><ele>167</ele></trkpt>
      <trkpt lat="44.151988" lon="9.765751"><ele>168</ele></trkpt>
      <trkpt lat="44.151790" lon="9.765762"><ele>168</ele></trkpt>
      <trkpt lat="44.151198" lon="9.765716"><ele>180</ele></trkpt>
      <trkpt lat="44.151037" lon="9.765677"><ele>180</ele></trkpt>
      <trkpt lat="44.151008" lon="9.765668"><ele>180</ele></trkpt>
      <trkpt lat="44.150774" lon="9.765627"><ele>191</ele></trkpt>
      <trkpt lat="44.150357" lon="9.765698"><ele>189</ele></trkpt>
      <trkpt lat="44.150196" lon="9.765746"><ele>190</ele></trkpt>
      <trkpt lat="44.149983" lon="9.765869"><ele>191</ele></trkpt>
      <trkpt lat="44.149778" lon="9.766016"><ele>190</ele></trkpt>
      <trkpt lat="44.149542" lon="9.766280"><ele>190</ele></trkpt>
      <trkpt lat="44.149422" lon="9.766359"><ele>189</ele></trkpt>
      <trkpt lat="44.148902" lon="9.766505"><ele>189</ele></trkpt>
      <trkpt lat="44.148442" lon="9.766776"><ele>188</ele></trkpt>
      <trkpt lat="44.148309" lon="9.766776"><ele>189</ele></trkpt>
      <trkpt lat="44.148235" lon="9.766750"><ele>189</ele></trkpt>
      <trkpt lat="44.147876" lon="9.766446"><ele>192</ele></trkpt>
      <trkpt lat="44.147705" lon="9.766361"><ele>192</ele></trkpt>
      <trkpt lat="44.147558" lon="9.766289"><ele>192</ele></trkpt>
      <trkpt lat="44.146910" lon="9.766048"><ele>186</ele></trkpt>
      <trkpt lat="44.146822" lon="9.766040"><ele>184</ele></trkpt>
      <trkpt lat="44.146716" lon="9.766059"><ele>184</ele></trkpt>
      <trkpt lat="44.146564" lon="9.766116"><ele>184</ele></trkpt>
      <trkpt lat="44.146399" lon="9.766210"><ele>184</ele></trkpt>
      <trkpt lat="44.146322" lon="9.766293"><ele>185</ele></trkpt>
      <trkpt lat="44.146233" lon="9.766506"><ele>185</ele></trkpt>
      <trkpt lat="44.146130" lon="9.766919"><ele>186</ele></trkpt>
      <trkpt lat="44.146075" lon="9.767023"><ele>186</ele></trkpt>
      <trkpt lat="44.145863" lon="9.767291"><ele>186</ele></trkpt>
      <trkpt lat="44.145640" lon="9.767714"><ele>187</ele></trkpt>
      <trkpt lat="44.145575" lon="9.767799"><ele>187</ele></trkpt>
      <trkpt lat="44.145477" lon="9.767882"><ele>187</ele></trkpt>
      <trkpt lat="44.145278" lon="9.767955"><ele>187</ele></trkpt>
      <trkpt lat="44.145162" lon="9.768017"><ele>187</ele></trkpt>
      <trkpt lat="44.145105" lon="9.768073"><ele>187</ele></trkpt>
      <trkpt lat="44.145029" lon="9.768244"><ele>187</ele></trkpt>
      <trkpt lat="44.144870" lon="9.768840"><ele>188</ele></trkpt>
      <trkpt lat="44.144768" lon="9.769019"><ele>188</ele></trkpt>
      <trkpt lat="44.144608" lon="9.769121"><ele>188</ele></trkpt>
      <trkpt lat="44.144470" lon="9.769130"><ele>188</ele></trkpt>
      <trkpt lat="44.144169" lon="9.769065"><ele>188</ele></trkpt>
      <trkpt lat="44.143983" lon="9.769056"><ele>183</ele></trkpt>
      <trkpt lat="44.143803" lon="9.769086"><ele>183</ele></trkpt>
      <trkpt lat="44.143561" lon="9.769162"><ele>183</ele></trkpt>
      <trkpt lat="44.143416" lon="9.769257"><ele>184</ele></trkpt>
      <trkpt lat="44.143260" lon="9.769394"><ele>181</ele></trkpt>
      <trkpt lat="44.143084" lon="9.769649"><ele>181</ele></trkpt>
      <trkpt lat="44.142984" lon="9.769910"><ele>181</ele></trkpt>
      <trkpt lat="44.142875" lon="9.770406"><ele>185</ele></trkpt>
      <trkpt lat="44.142801" lon="9.770774"><ele>187</ele></trkpt>
      <trkpt lat="44.142739" lon="9.770948"><ele>187</ele></trkpt>
      <trkpt lat="44.142696" lon="9.771011"><ele>187</ele></trkpt>
      <trkpt lat="44.142642" lon="9.771068"><ele>187</ele></trkpt>
      <trkpt lat="44.142132" lon="9.771428"><ele>187</ele></trkpt>
      <trkpt lat="44.142059" lon="9.771506"><ele>187</ele></trkpt>
      <trkpt lat="44.142000" lon="9.771681"><ele>187</ele></trkpt>
      <trkpt lat="44.141983" lon="9.771805"><ele>187</ele></trkpt>
      <trkpt lat="44.141980" lon="9.772000"><ele>187</ele></trkpt>
      <trkpt lat="44.142006" lon="9.772158"><ele>187</ele></trkpt>
      <trkpt lat="44.142085" lon="9.772446"><ele>187</ele></trkpt>
      <trkpt lat="44.142101" lon="9.772646"><ele>187</ele></trkpt>
      <trkpt lat="44.142066" lon="9.772744"><ele>188</ele></trkpt>
      <trkpt lat="44.142034" lon="9.772788"><ele>188</ele></trkpt>
      <trkpt lat="44.141793" lon="9.772974"><ele>191</ele></trkpt>
      <trkpt lat="44.141763" lon="9.773022"><ele>193</ele></trkpt>
      <trkpt lat="44.141742" lon="9.773159"><ele>192</ele></trkpt>
      <trkpt lat="44.141765" lon="9.773337"><ele>192</ele></trkpt>
      <trkpt lat="44.141972" lon="9.773865"><ele>193</ele></trkpt>
      <trkpt lat="44.141959" lon="9.773959"><ele>193</ele></trkpt>
      <trkpt lat="44.141891" lon="9.774031"><ele>193</ele></trkpt>
      <trkpt lat="44.141742" lon="9.774052"><ele>193</ele></trkpt>
      <trkpt lat="44.141474" lon="9.774050"><ele>193</ele></trkpt>
      <trkpt lat="44.139991" lon="9.773991"><ele>188</ele></trkpt>
      <trkpt lat="44.139808" lon="9.773997"><ele>187</ele></trkpt>
      <trkpt lat="44.139636" lon="9.774044"><ele>187</ele></trkpt>
      <trkpt lat="44.139451" lon="9.774120"><ele>187</ele></trkpt>
      <trkpt lat="44.139358" lon="9.774193"><ele>188</ele></trkpt>
      <trkpt lat="44.138587" lon="9.774927"><ele>193</ele></trkpt>
      <trkpt lat="44.138317" lon="9.775109"><ele>194</ele></trkpt>
      <trkpt lat="44.138049" lon="9.775217"><ele>197</ele></trkpt>
      <trkpt lat="44.137562" lon="9.775288"><ele>201</ele></trkpt>
      <trkpt lat="44.137305" lon="9.775363"><ele>211</ele></trkpt>
      <trkpt lat="44.137249" lon="9.775405"><ele>211</ele></trkpt>
      <trkpt lat="44.137084" lon="9.775643"><ele>211</ele></trkpt>
      <trkpt lat="44.137006" lon="9.775784"><ele>211</ele></trkpt>
      <trkpt lat="44.136891" lon="9.775888"><ele>212</ele></trkpt>
      <trkpt lat="44.136741" lon="9.775920"><ele>213</ele></trkpt>
      <trkpt lat="44.136402" lon="9.775890"><ele>223</ele></trkpt>
      <trkpt lat="44.136158" lon="9.775841"><ele>223</ele></trkpt>
      <trkpt lat="44.135981" lon="9.775775"><ele>224</ele></trkpt>
      <trkpt lat="44.135744" lon="9.775641"><ele>225</ele></trkpt>
      <trkpt lat="44.135470" lon="9.775515"><ele>223</ele></trkpt>
      <trkpt lat="44.135247" lon="9.775296"><ele>223</ele></trkpt>
      <trkpt lat="44.135190" lon="9.775278"><ele>223</ele></trkpt>
      <trkpt lat="44.134912" lon="9.775287"><ele>223</ele></trkpt>
      <trkpt lat="44.134678" lon="9.775152"><ele>223</ele></trkpt>
      <trkpt lat="44.134627" lon="9.775141"><ele>223</ele></trkpt>
      <trkpt lat="44.134508" lon="9.775195"><ele>223</ele></trkpt>
      <trkpt lat="44.134444" lon="9.775291"><ele>222</ele></trkpt>
      <trkpt lat="44.134418" lon="9.775370"><ele>222</ele></trkpt>
      <trkpt lat="44.134406" lon="9.775477"><ele>222</ele></trkpt>
      <trkpt lat="44.134422" lon="9.775691"><ele>222</ele></trkpt>
      <trkpt lat="44.134494" lon="9.776085"><ele>222</ele></trkpt>
      <trkpt lat="44.134504" lon="9.776210"><ele>222</ele></trkpt>
      <trkpt lat="44.134489" lon="9.776354"><ele>222</ele></trkpt>
      <trkpt lat="44.134430" lon="9.776522"><ele>222</ele></trkpt>
      <trkpt lat="44.134182" lon="9.776825"><ele>220</ele></trkpt>
      <trkpt lat="44.134134" lon="9.776910"><ele>212</ele></trkpt>
      <trkpt lat="44.134115" lon="9.776956"><ele>210</ele></trkpt>
      <trkpt lat="44.134109" lon="9.777053"><ele>210</ele></trkpt>
      <trkpt lat="44.134164" lon="9.777511"><ele>204</ele></trkpt>
      <trkpt lat="44.134120" lon="9.777652"><ele>204</ele></trkpt>
      <trkpt lat="44.134065" lon="9.777714"><ele>204</ele></trkpt>
      <trkpt lat="44.134032" lon="9.777743"><ele>204</ele></trkpt>
      <trkpt lat="44.133823" lon="9.777903"><ele>204</ele></trkpt>
      <trkpt lat="44.133778" lon="9.777968"><ele>204</ele></trkpt>
      <trkpt lat="44.133732" lon="9.778080"><ele>204</ele></trkpt>
      <trkpt lat="44.133637" lon="9.778455"><ele>204</ele></trkpt>
      <trkpt lat="44.133572" lon="9.778650"><ele>204</ele></trkpt>
      <trkpt lat="44.133390" lon="9.779276"><ele>203</ele></trkpt>
      <trkpt lat="44.133279" lon="9.779682"><ele>201</ele></trkpt>
      <trkpt lat="44.133206" lon="9.779879"><ele>203</ele></trkpt>
      <trkpt lat="44.133103" lon="9.780045"><ele>202</ele></trkpt>
      <trkpt lat="44.132868" lon="9.780288"><ele>201</ele></trkpt>
      <trkpt lat="44.132804" lon="9.780392"><ele>200</ele></trkpt>
      <trkpt lat="44.132672" lon="9.780861"><ele>184</ele></trkpt>
      <trkpt lat="44.132547" lon="9.781218"><ele>184</ele></trkpt>
      <trkpt lat="44.132416" lon="9.781468"><ele>185</ele></trkpt>
      <trkpt lat="44.132228" lon="9.781690"><ele>182</ele></trkpt>
      <trkpt lat="44.131938" lon="9.781880"><ele>180</ele></trkpt>
      <trkpt lat="44.131521" lon="9.782061"><ele>192</ele></trkpt>
      <trkpt lat="44.131114" lon="9.782236"><ele>193</ele></trkpt>
      <trkpt lat="44.130595" lon="9.782504"><ele>194</ele></trkpt>
      <trkpt lat="44.130408" lon="9.782627"><ele>194</ele></trkpt>
      <trkpt lat="44.130144" lon="9.782822"><ele>196</ele></trkpt>
      <trkpt lat="44.129953" lon="9.782990"><ele>201</ele></trkpt>
      <trkpt lat="44.129623" lon="9.783319"><ele>197</ele></trkpt>
      <trkpt lat="44.129357" lon="9.783652"><ele>185</ele></trkpt>
      <trkpt lat="44.128584" lon="9.784769"><ele>181</ele></trkpt>
      <trkpt lat="44.128312" lon="9.785632"><ele>178</ele></trkpt>
      <trkpt lat="44.128089" lon="9.786508"><ele>175</ele></trkpt>
      <trkpt lat="44.127983" lon="9.787118"><ele>173</ele></trkpt>
      <trkpt lat="44.127918" lon="9.787944"><ele>171</ele></trkpt>
      <trkpt lat="44.127876" lon="9.788875"><ele>168</ele></trkpt>
      <trkpt lat="44.127844" lon="9.790428"><ele>163</ele></trkpt>
      <trkpt lat="44.127850" lon="9.792042"><ele>158</ele></trkpt>
      <trkpt lat="44.127893" lon="9.792552"><ele>156</ele></trkpt>
      <trkpt lat="44.128014" lon="9.793298"><ele>154</ele></trkpt>
      <trkpt lat="44.128191" lon="9.793979"><ele>152</ele></trkpt>
      <trkpt lat="44.128672" lon="9.795524"><ele>148</ele></trkpt>
      <trkpt lat="44.129107" lon="9.797058"><ele>144</ele></trkpt>
      <trkpt lat="44.129319" lon="9.797841"><ele>141</ele></trkpt>
      <trkpt lat="44.129485" lon="9.798721"><ele>139</ele></trkpt>
      <trkpt lat="44.129519" lon="9.799596"><ele>137</ele></trkpt>
      <trkpt lat="44.129469" lon="9.800497"><ele>135</ele></trkpt>
      <trkpt lat="44.129321" lon="9.801316"><ele>132</ele></trkpt>
      <trkpt lat="44.129046" lon="9.802264"><ele>130</ele></trkpt>
      <trkpt lat="44.128684" lon="9.803109"><ele>127</ele></trkpt>
      <trkpt lat="44.128237" lon="9.803874"><ele>125</ele></trkpt>
      <trkpt lat="44.127717" lon="9.804563"><ele>122</ele></trkpt>
      <trkpt lat="44.127155" lon="9.805094"><ele>120</ele></trkpt>
      <trkpt lat="44.126071" lon="9.805880"><ele>117</ele></trkpt>
      <trkpt lat="44.125395" lon="9.806404"><ele>114</ele></trkpt>
      <trkpt lat="44.124756" lon="9.806835"><ele>112</ele></trkpt>
      <trkpt lat="44.124088" lon="9.807133"><ele>110</ele></trkpt>
      <trkpt lat="44.123313" lon="9.807438"><ele>107</ele></trkpt>
      <trkpt lat="44.122809" lon="9.807753"><ele>105</ele></trkpt>
      <trkpt lat="44.122657" lon="9.807881"><ele>105</ele></trkpt>
      <trkpt lat="44.122403" lon="9.808119"><ele>95</ele></trkpt>
      <trkpt lat="44.122213" lon="9.808362"><ele>87</ele></trkpt>
      <trkpt lat="44.122005" lon="9.808668"><ele>85</ele></trkpt>
      <trkpt lat="44.121814" lon="9.809005"><ele>85</ele></trkpt>
      <trkpt lat="44.121617" lon="9.809486"><ele>78</ele></trkpt>
      <trkpt lat="44.121559" lon="9.809692"><ele>78</ele></trkpt>
      <trkpt lat="44.121449" lon="9.810176"><ele>80</ele></trkpt>
      <trkpt lat="44.121368" lon="9.810736"><ele>81</ele></trkpt>
      <trkpt lat="44.121349" lon="9.811183"><ele>83</ele></trkpt>
      <trkpt lat="44.121358" lon="9.811633"><ele>86</ele></trkpt>
      <trkpt lat="44.121400" lon="9.811910"><ele>87</ele></trkpt>
      <trkpt lat="44.121558" lon="9.812542"><ele>91</ele></trkpt>
      <trkpt lat="44.121672" lon="9.812862"><ele>93</ele></trkpt>
      <trkpt lat="44.122096" lon="9.813550"><ele>95</ele></trkpt>
      <trkpt lat="44.122635" lon="9.814243"><ele>98</ele></trkpt>
      <trkpt lat="44.123233" lon="9.815101"><ele>101</ele></trkpt>
      <trkpt lat="44.124071" lon="9.815948"><ele>104</ele></trkpt>
      <trkpt lat="44.125019" lon="9.817419"><ele>109</ele></trkpt>
      <trkpt lat="44.125335" lon="9.818558"><ele>112</ele></trkpt>
      <trkpt lat="44.125755" lon="9.819883"><ele>116</ele></trkpt>
      <trkpt lat="44.125986" lon="9.820735"><ele>119</ele></trkpt>
      <trkpt lat="44.126249" lon="9.821871"><ele>122</ele></trkpt>
      <trkpt lat="44.126331" lon="9.822158"><ele>122</ele></trkpt>
      <trkpt lat="44.126415" lon="9.822987"><ele>100</ele></trkpt>
      <trkpt lat="44.126394" lon="9.823216"><ele>100</ele></trkpt>
      <trkpt lat="44.126334" lon="9.823425"><ele>76</ele></trkpt>
      <trkpt lat="44.125950" lon="9.824435"><ele>64</ele></trkpt>
      <trkpt lat="44.125918" lon="9.824536"><ele>62</ele></trkpt>
      <trkpt lat="44.125907" lon="9.824742"><ele>60</ele></trkpt>
      <trkpt lat="44.125923" lon="9.824828"><ele>60</ele></trkpt>
      <trkpt lat="44.126000" lon="9.824977"><ele>60</ele></trkpt>
      <trkpt lat="44.126059" lon="9.825040"><ele>60</ele></trkpt>
      <trkpt lat="44.126127" lon="9.825081"><ele>60</ele></trkpt>
      <trkpt lat="44.126252" lon="9.825100"><ele>60</ele></trkpt>
      <trkpt lat="44.126391" lon="9.825034"><ele>60</ele></trkpt>
      <trkpt lat="44.126500" lon="9.824891"><ele>60</ele></trkpt>
      <trkpt lat="44.126532" lon="9.824784"><ele>60</ele></trkpt>
      <trkpt lat="44.126541" lon="9.824549"><ele>60</ele></trkpt>
      <trkpt lat="44.126489" lon="9.824378"><ele>60</ele></trkpt>
      <trkpt lat="44.126386" lon="9.824255"><ele>60</ele></trkpt>
      <trkpt lat="44.126270" lon="9.824182"><ele>60</ele></trkpt>
      <trkpt lat="44.126123" lon="9.824150"><ele>60</ele></trkpt>
      <trkpt lat="44.126020" lon="9.824163"><ele>60</ele></trkpt>
      <trkpt lat="44.125923" lon="9.824208"><ele>60</ele></trkpt>
      <trkpt lat="44.125819" lon="9.824284"><ele>61</ele></trkpt>
      <trkpt lat="44.125364" lon="9.824748"><ele>60</ele></trkpt>
      <trkpt lat="44.125105" lon="9.824941"><ele>60</ele></trkpt>
      <trkpt lat="44.125020" lon="9.825070"><ele>49</ele></trkpt>
      <trkpt lat="44.124776" lon="9.825234"><ele>42</ele></trkpt>
      <trkpt lat="44.124561" lon="9.825431"><ele>42</ele></trkpt>
      <trkpt lat="44.124153" lon="9.825862"><ele>42</ele></trkpt>
      <trkpt lat="44.123724" lon="9.826203"><ele>34</ele></trkpt>
      <trkpt lat="44.123647" lon="9.826261"><ele>34</ele></trkpt>
      <trkpt lat="44.122982" lon="9.826760"><ele>29</ele></trkpt>
      <trkpt lat="44.122767" lon="9.826878"><ele>29</ele></trkpt>
      <trkpt lat="44.122542" lon="9.826935"><ele>29</ele></trkpt>
      <trkpt lat="44.122244" lon="9.826912"><ele>22</ele></trkpt>
      <trkpt lat="44.122118" lon="9.826865"><ele>22</ele></trkpt>
      <trkpt lat="44.122045" lon="9.826808"><ele>22</ele></trkpt>
      <trkpt lat="44.121980" lon="9.826722"><ele>22</ele></trkpt>
      <trkpt lat="44.121928" lon="9.826618"><ele>26</ele></trkpt>
      <trkpt lat="44.121865" lon="9.826559"><ele>26</ele></trkpt>
      <trkpt lat="44.121791" lon="9.826529"><ele>26</ele></trkpt>
      <trkpt lat="44.121715" lon="9.826533"><ele>26</ele></trkpt>
      <trkpt lat="44.121643" lon="9.826570"><ele>26</ele></trkpt>
      <trkpt lat="44.121583" lon="9.826636"><ele>25</ele></trkpt>
      <trkpt lat="44.121540" lon="9.826725"><ele>24</ele></trkpt>
      <trkpt lat="44.121520" lon="9.826827"><ele>25</ele></trkpt>
      <trkpt lat="44.121523" lon="9.826934"><ele>22</ele></trkpt>
      <trkpt lat="44.121534" lon="9.827085"><ele>22</ele></trkpt>
      <trkpt lat="44.121498" lon="9.827289"><ele>22</ele></trkpt>
      <trkpt lat="44.121310" lon="9.827902"><ele>18</ele></trkpt>
      <trkpt lat="44.121003" lon="9.828907"><ele>21</ele></trkpt>
      <trkpt lat="44.120818" lon="9.829503"><ele>17</ele></trkpt>
      <trkpt lat="44.120249" lon="9.831378"><ele>14</ele></trkpt>
      <trkpt lat="44.120232" lon="9.831490"><ele>14</ele></trkpt>
      <trkpt lat="44.120229" lon="9.832048"><ele>12</ele></trkpt>
      <trkpt lat="44.120203" lon="9.832200"><ele>12</ele></trkpt>
      <trkpt lat="44.120169" lon="9.832282"><ele>12</ele></trkpt>
      <trkpt lat="44.120086" lon="9.832337"><ele>12</ele></trkpt>
      <trkpt lat="44.120054" lon="9.832331"><ele>12</ele></trkpt>
      <trkpt lat="44.119974" lon="9.832369"><ele>9</ele></trkpt>
      <trkpt lat="44.119944" lon="9.832413"><ele>7</ele></trkpt>
      <trkpt lat="44.119923" lon="9.832528"><ele>8</ele></trkpt>
      <trkpt lat="44.119927" lon="9.832709"><ele>8</ele></trkpt>
      <trkpt lat="44.119902" lon="9.832822"><ele>8</ele></trkpt>
      <trkpt lat="44.119813" lon="9.833022"><ele>8</ele></trkpt>
      <trkpt lat="44.118853" lon="9.834290"><ele>8</ele></trkpt>
      <trkpt lat="44.118694" lon="9.834532"><ele>8</ele></trkpt>
      <trkpt lat="44.118556" lon="9.834761"><ele>8</ele></trkpt>
      <trkpt lat="44.118444" lon="9.834926"><ele>8</ele></trkpt>
      <trkpt lat="44.118399" lon="9.834905"><ele>8</ele></trkpt>
      <trkpt lat="44.118344" lon="9.834948"><ele>8</ele></trkpt>
      <trkpt lat="44.118333" lon="9.835012"><ele>7</ele></trkpt>
      <trkpt lat="44.118344" lon="9.835053"><ele>5</ele></trkpt>
      <trkpt lat="44.117378" lon="9.836445"><ele>5</ele></trkpt>
      <trkpt lat="44.117309" lon="9.836357"><ele>5</ele></trkpt>
    </trkseg>
  </trk>
</gpx>
